CODPROD;PRODUTO;UNID_MED;QTD_CX;EAN;NCM;CODCEST;MARCA;QTESTDISP;CUSTO_ULT_ENT;CUSTO_REAL;CUSTO_REP;PERC_IVA;MVA;PERC_ICMS;PERCPIS;PERCCOFINS;VLR_MARGEM_ZERO;PVENDA;PVENDAST;PERC_ST;QTD_VEN_MES_ATUAL;QTD_VEN_MES_ANT1;QTD_VEN_MES_ANT2;QTD_VEN_MES_ANT3;QTD_VEN_GIRODIA;DIASDISP;VALOR_ULT_ENT;CODEPTO;DEPARTAMENTO;CODSEC;SECAO;CODCATEGORIA;CATEGORIA;QTESTDISP_FRACAO;QTD_VEN_GIRODIA_FRACAO;
9956;ABACAXI CALDA OLE LT 300G;CX;12;7891032016625;20082090;1709500;OLE;96;8,8;8,72;10,92;21,25;32,97;12;1,65;7,6;9,31;13,46;13,99;3,81;3;46;52;43;1;5;11,03;2;MERCEARIA DOCE;204;DOCES E SOBREMESAS;6;POTE E COMPOTAS;96;1,56666666666667
23533;ABACAXI PEDACOS SCHRAMM 400G;CX;24;7896536500199;20082010;1709500;SCHRAMM;6;11,39;12,15;12,52;21,25;32,97;12;1,65;7,6;14,46;16,05;16,68;3,81;1;0;6;3;0;2;12,55;2;MERCEARIA DOCE;204;DOCES E SOBREMESAS;6;POTE E COMPOTAS;6,41666666666667;0,1
19263;ABACAXI RODELAS SCHRAMM 400G;CX;24;7896536500168;20082010;1709500;SCHRAMM;11;10,22;10,23;12,8;21,25;32,97;12;1,65;7,6;12,98;16,05;16,68;3,81;3;20;11;0;0;1;12,8;2;MERCEARIA DOCE;204;DOCES E SOBREMESAS;6;POTE E COMPOTAS;11,4583333333333;0,344458333333333
19265;ABACAXI RODELAS ZERO SCHRAMM 400G;CX;24;7896536500380;20082010;1709500;SCHRAMM;11;9,74;10;12,52;21,25;32,97;12;1,65;7,6;12,37;16,05;16,68;3,81;5;12;1;0;0;3;12,2;2;MERCEARIA DOCE;204;DOCES E SOBREMESAS;6;POTE E COMPOTAS;11,4583333333333;0,144458333333333
19043;ABS COTTON LINE HIG C/ABAS SUAVE SHR 8UN;CX;60;7898095297916;96190000;2005000;COTTON;10;1,64;1,64;2,05;21,25;34,73;12;1,65;7,6;2,08;2,58;2,59;0,49;2;8;10;22;0;0;2,05;4;PERFUMARIA E HIGIENE;406;CUIDADOS FEMININOS;1;ABSORVENTE;10,6;0,44445
19042;ABS COTTON LINE HIG S/ABAS SUAVE SHR 8UN;CX;60;7898095297930;96190000;2005000;COTTON;13;1,64;1,62;2,03;21,25;34,73;12;1,65;7,6;2,08;2,58;2,59;0,49;2;4;10;15;0;0;2,05;4;PERFUMARIA E HIGIENE;406;CUIDADOS FEMININOS;1;ABSORVENTE;13,6;0,322216666666667
13747;ABS INTIMUS GEL SECA T PROT S/ABAS 8UN;CX;60;7896007540624;96190000;2005000;INTIMUS GEL;10;2,69;2,69;3,37;21,25;34,73;12;1,65;7,6;3,41;4,38;4,39;0,25;0;10;5;0;0;1;3,37;4;PERFUMARIA E HIGIENE;406;CUIDADOS FEMININOS;1;ABSORVENTE;10;0,166666666666667
13520;ABS INTIMUS GEL SUAV NOTUR C/ABAS 8UN;CX;60;7896007540662;96190000;2005000;INTIMUS GEL;15;4,67;4,67;5,85;21,25;34,73;12;1,65;7,6;6,09;7,77;7,79;0,29;0;0;0;0;0;;5,85;4;PERFUMARIA E HIGIENE;406;CUIDADOS FEMININOS;1;ABSORVENTE;15;0
1676;ABS INTIMUS GEL SUAV T PROT C/ABAS 8UN;CX;60;7896007540617;96190000;2005000;INTIMUS GEL;9;2,69;2,68;3,36;21,25;34,73;12;1,65;7,6;3,41;4,38;4,39;0,25;1;21;3;20;0;0;3,37;4;PERFUMARIA E HIGIENE;406;CUIDADOS FEMININOS;1;ABSORVENTE;9,6;0,488883333333333
1677;ABS INTIMUS GEL SUAV T PROT S/ABAS 8UN;CX;60;7896007540600;96190000;2005000;INTIMUS GEL;19;2,69;2,66;3,33;21,25;34,73;12;1,65;7,6;3,41;4,38;4,39;0,25;2;5;11;14;0;0;3,37;4;PERFUMARIA E HIGIENE;406;CUIDADOS FEMININOS;1;ABSORVENTE;19,2;0,333333333333333
10372;ACEM BOV CRUZEIRO DO SUL RESF KG;KG;1;10372;02013000;1708400;CRUZEIRO DO SUL;9;24,01;24,01;27,5;7;0;7;0;0;27,8;35,9;35,9;0;0;0;0;0;0;;27,5;6;PERECIVEIS;10046;ACOUGUE;2;BOVINOS REFRIGERADOS;9,915;0
23958;ACEM BOV FRIGANSO RESF KG;KG;1;23958;02013000;1708400;FRIGANSO;55;25,93;25,93;29,7;7;0;7;0;0;22,7;31,49;31,49;0;0;0;0;0;;;29,7;6;PERECIVEIS;10046;ACOUGUE;2;BOVINOS REFRIGERADOS;55;
769;ACENDEDOR FIAT LUX PASTILHA ALC SOL 90G;CX;24;7896007932030;36069000;;FIAT LUX;9;4,93;4,93;5,96;21,25;;12;1,65;7,6;5,5;7,89;7,89;0;2;5;7;12;0;1;5,97;10007;BAZAR;10086;ACENDEDORES;27;FÓSFOROS;9,66666666666667;0,266666666666667
12006;ACENDEDOR PARANA GEL 480G;CX;12;7896080901206;22072019;;PARANA;4;6,8;6,59;7,51;21,25;;12;1,65;7,6;8,64;9,39;9,39;0;0;1;7;9;0;1;7,73;10007;BAZAR;10086;ACENDEDORES;27;FÓSFOROS;4;0,188916666666667
1683;ACHOC APTI PO SH 400G;CX;20;7896327501060;18069000;1700600;APTI;76;3,75;3,76;4,7;21,25;17,81;12;1,65;7,6;4,77;5,57;5,69;2,09;6;87;61;44;2;1;4,7;2;MERCEARIA DOCE;201;ACHOCOLATADOS;5;TRADICIONAL;76;2,13335
20518;ACHOC APTI POWER SH 1KG;CX;12;7896327517702;18069000;1700600;APTI;32;11,95;11,91;14,91;21,25;17,81;12;1,65;7,6;15,18;17,52;17,89;2,09;1;10;2;15;0;8;14,96;2;MERCEARIA DOCE;201;ACHOCOLATADOS;5;TRADICIONAL;32;0,3
10306;ACHOC ITALAC CHOCKY PO SH 400G;FD;24;7898080640673;18069000;1700600;ITALAC;4;3,18;3,18;3,98;21,25;17,81;12;1,65;7,6;4,11;4,89;4,99;2,09;22;29;32;25;0;0;3,98;2;MERCEARIA DOCE;201;ACHOCOLATADOS;5;TRADICIONAL;4,04166666666667;0,966208333333333
19087;ACHOC ITALAC CHOCKY PO SH 700G;FD;12;7898080640956;18069000;1700600;ITALAC;2;5,67;5,67;7,1;21,25;17,81;12;1,65;7,6;7,2;8,8;8,99;2,09;0;9;15;48;0;0;7,1;2;MERCEARIA DOCE;201;ACHOCOLATADOS;5;TRADICIONAL;2;0,8
20885;ACHOC NESCAU PO LT CIL 200G;CX;24;7891000379585;18069000;1700600;NESTLE;572;3,79;3,79;4,75;21,25;17,81;12;1,65;7,6;4,74;5,67;5,79;2,09;68;726;1205;2445;48;0;4,75;10008;FORNECEDORES ESPECIAIS;10098;NESTLÉ;15;TRADICIONAL;572;48,6222083333333
22374;ACHOC NESCAU PO LT FATOR CRESC 350G;CX;36;7891000412855;18069000;1700600;NESTLE;873;5,87;5,96;7,46;21,25;17,81;12;1,65;7,6;8;8,8;8,99;2,09;182;363;584;749;18;1;7,35;10008;FORNECEDORES ESPECIAIS;10098;NESTLÉ;15;TRADICIONAL;873,722222222222;18,8617222222222
17811;ACHOC NESCAU PO SH 550G;CX;12;7891000338087;18069000;1700600;NESTLE;1241;9,14;9,37;11,13;21,25;17,81;12;1,65;7,6;13,34;12,23;12,49;2,09;559;462;609;712;19;5;12,97;10008;FORNECEDORES ESPECIAIS;10098;NESTLÉ;15;TRADICIONAL;1241,16666666667;19,8110833333333
23318;ACHOC NESCAU PO SH GTS50GPROMO 550G;CX;12;7891000426067;18069000;1700600;NESTLE;120;9,39;9,39;10,99;21,25;17,81;12;1,65;7,6;12,12;13,01;13,29;2,09;1;72;401;137;6;1;11,79;10008;FORNECEDORES ESPECIAIS;10098;NESTLÉ;15;TRADICIONAL;120,916666666667;6,77775
21223;ACHOC TODDY LIGHT PO SH 280G;CX;24;7892840822743;18069000;1700600;TODDY;3;6,31;6,31;7,9;21,25;17,81;12;1,65;7,6;6,81;9,36;9,56;2,09;6;1;18;9;0;0;7,9;10008;FORNECEDORES ESPECIAIS;10099;PEPSICO;8;LIGHT/DIET;3;0,311125
5615;ACHOC TODDY ORIGINAL PO PT 200G;CX;24;7894321711171;18069000;1700600;TODDY;267;4,25;4,25;5,33;21,25;17,81;12;1,65;7,6;5,46;6,46;6,6;2,09;9;67;142;190;4;2;5,38;10008;FORNECEDORES ESPECIAIS;10099;PEPSICO;11;TRADICIONAL;267;4,44304166666667
17442;ACHOC TODDY ORIGINAL PO PT 370G;CX;24;7892840819507;18069000;1700600;TODDY;167;5,93;5,93;7,48;21,25;17,81;12;1,65;7,6;7,77;9;9,19;2,09;10;109;363;255;8;0;7,67;10008;FORNECEDORES ESPECIAIS;10099;PEPSICO;11;TRADICIONAL;167,041666666667;8,07870833333333
16799;ACHOC TODDY ORIGINAL PO PT 750G;CX;12;7892840819170;18069000;1700600;TODDY;103;11,08;11,08;13,96;21,25;17,81;12;1,65;7,6;14,51;17,03;17,39;2,09;8;59;144;105;3;2;14,31;10008;FORNECEDORES ESPECIAIS;10099;PEPSICO;11;TRADICIONAL;103;3,42225
1449;ACUCAR CARAVELAS REFINADO 1KG;FD;10;7896894900013;17019900;1709900;CARAVELAS;1580;2,72;2,71;3,08;7;;7;0;0;2,37;3,49;3,49;0;1193;3249;3745;4517;127;1;3,09;10006;ALTO GIRO;10079;ACUCAR;2;REFINADO;1580,2;127,91
966;ACUCAR GUARANI REFINADO 1KG;FD;10;7896109801005;17011400;1709900;GUARANI;8;2,63;2,63;2,7;7;;7;0;0;2,45;3,49;3,49;0;1470;4814;3703;2930;127;0;2,7;10006;ALTO GIRO;10079;ACUCAR;2;REFINADO;8,5;127,2044
4157;ACUCAR UNIAO CRISTAL ORGANICO 1KG;FD;10;7891910020034;17019900;1710100;UNIAO;162;4,72;4,72;4,84;7;;7;0;0;4,51;5,79;5,79;0;165;243;247;266;8;1;4,84;10006;ALTO GIRO;10079;ACUCAR;1;ESPECIAL;162,9;8,41
1689;ACUCAR UNIAO CRISTALCUCAR 1KG;FD;10;7891959014612;17019900;1710100;UNIAO;296;3,36;2,89;3,13;7;;7;0;0;2,77;3,69;3,69;0;206;473;593;191;13;2;3,44;10006;ALTO GIRO;10079;ACUCAR;2;REFINADO;296,2;13,9689
4158;ACUCAR UNIAO DEMERARA NATU 1KG;FD;10;7891910020065;17011400;1710300;UNIAO;12;3,54;3,53;3,93;12;12,67;12;0;0;3,94;4,71;4,78;1,5;678;1144;1075;311;28;0;3,93;10006;ALTO GIRO;10079;ACUCAR;1;ESPECIAL;12,8;28,1344
1691;ACUCAR UNIAO DOCUCAR GRANU 1KG;FD;10;7891910007004;17019900;1709900;UNIAO;66;3,43;3,44;3,91;7;;7;0;0;3,25;4,79;4,79;0;19;110;65;37;2;2;3,9;10006;ALTO GIRO;10079;ACUCAR;2;REFINADO;66;2,3556
1692;ACUCAR UNIAO GLACUCAR CONFEITEIRO 500G;FD;20;7891910007110;17019900;1710300;UNIAO;154;2,2;2,2;2,5;7;;7;0;0;2,06;2,99;2,99;0;30;49;85;23;1;4;2,5;10006;ALTO GIRO;10079;ACUCAR;2;REFINADO;154,85;1,74445
1426;ACUCAR UNIAO REFINADO 1KG;FD;10;7891910000197;17019900;1709900;UNIAO;3907;3,24;3,16;3,46;7;;7;0;0;3,35;3,89;3,89;0;1265;6202;3756;4033;155;2;3,29;10006;ALTO GIRO;10079;ACUCAR;2;REFINADO;3907,3;155,4689
22867;ADESIVO ARALDITE MASSA BLISTER 50G;CX;12;7898543386384;35061090;;ARALDITE (TEKEBOND);80;3,09;2,99;3,74;21,25;;12;1,65;7,6;3,79;4,55;4,55;0;1;6;0;0;0;100;3,74;10007;BAZAR;10087;BAZAR DIVERSOS;35;COLAS E FITAS ADESIVAS;80;0,0666666666666667
22754;ADESIVO INSTANTANEO TEKBOND 793 ANT 20G;DP;10;7898904869815;35061010;;TEKBOND;5;4,34;4,34;5,05;21,25;;12;1,65;7,6;61,4;6,29;6,29;0;0;33;0;0;0;1;55,5;10007;BAZAR;10087;BAZAR DIVERSOS;35;COLAS E FITAS ADESIVAS;5;0,3667
1694;ADOCANTE ASSUGRIN LIQ 100ML;CX;12;7896569405737;21069090;;ASSUGRIN;310;2,06;2,05;2,6;21,25;;12;1,65;7,6;2,78;3,25;3,25;0;31;260;249;225;8;3;2,74;2;MERCEARIA DOCE;10090;SAUDÁVEIS/DIET/FIT;1;ADOÇANTE;310;8,16575
1695;ADOCANTE ASSUGRIN LIQ 200ML;CX;12;7896569405744;21069090;;ASSUGRIN;36;3,74;3,66;4,56;21,25;;12;1,65;7,6;4,65;6,1;6,1;0;23;59;84;132;3;0;4,53;2;MERCEARIA DOCE;10090;SAUDÁVEIS/DIET/FIT;1;ADOÇANTE;36,0833333333333;3,05558333333333
22901;ADOCANTE TAL E QUAL 120G;CX;12;7896569405775;21069090;;TAL E QUAL (ASSUGRIN - ENOVA FOODS);4;9,44;9,42;11,8;21,25;;12;1,65;7,6;11,98;14,59;14,59;0;0;0;3;0;0;10;11,8;2;MERCEARIA DOCE;10090;SAUDÁVEIS/DIET/FIT;1;ADOÇANTE;4;0,0333333333333333
1698;ADOCANTE UNIAO FIT MESA LIGHT 500G;CX;20;7891910020096;21069090;;UNIAO;52;2,3;2,3;2,88;21,25;;12;1,65;7,6;2,92;3,59;3,59;0;22;67;60;64;2;1;2,88;2;MERCEARIA DOCE;10090;SAUDÁVEIS/DIET/FIT;1;ADOÇANTE;52,65;2,15
1699;ADOCANTE ZERO CALL LIQ 100ML;CX;12;7896094910904;21069090;;ZERO CALL;317;4,78;4,77;5,98;21,25;;12;1,65;7,6;5,98;7,89;7,89;0;39;303;335;258;9;2;5,98;2;MERCEARIA DOCE;10090;SAUDÁVEIS/DIET/FIT;1;ADOÇANTE;317,666666666667;9,95558333333333
1700;ADOCANTE ZERO CALL LIQ 200ML;CX;12;7896094910959;21069090;;ZERO CALL;89;7,77;7,92;9,8;21,25;;12;1,65;7,6;9,86;14,5;14,5;0;21;88;94;49;2;2;9,73;2;MERCEARIA DOCE;10090;SAUDÁVEIS/DIET/FIT;1;ADOÇANTE;89,5833333333333;2,56666666666667
12039;AGUA COCO MAGUARY PURO COCO TP 180ML;CX;27;7896000593764;20098921;1701100;PURO COCO;162;1,23;1,23;1,54;21,25;31,83;12;1,65;7,6;1,33;1,91;1,98;3,68;95;86;86;68;2;2;1,54;10005;BEBIDAS;10067;HIDRATAÇÃO;2;ÁGUA DE COCO;162;2,66666666666667
12026;AGUA COCO MAGUARY PURO COCO TP 1L;CX;12;7896000593672;20098921;1701100;PURO COCO;170;4,33;4,33;5,42;21,25;31,83;12;1,65;7,6;5,49;6,73;6,99;3,68;22;63;0;107;1;7;5,42;10005;BEBIDAS;10067;HIDRATAÇÃO;2;ÁGUA DE COCO;170;1,88891666666667
23145;AGUA COCO MAIS COCO TP 200ML;CX;24;7896004401836;20098921;1701100;MAIS COCO (SOCOCO);34;1,28;1,28;1,61;21,25;31,83;12;1,65;7,6;1,63;2,08;2,16;3,68;36;64;40;0;1;1;1,61;10005;BEBIDAS;10067;HIDRATAÇÃO;2;ÁGUA DE COCO;34;1,15554166666667
23149;AGUA COCO SOCOCO MAIS FRUTAS VERM 200ML;CX;24;7896004402116;20098921;1701100;SOCOCO;44;0,58;0,58;0,8;21,25;31,83;12;1,65;7,6;1,09;1,11;1,15;3,68;15;27;32;248;3;0;1,08;10005;BEBIDAS;10067;HIDRATAÇÃO;2;ÁGUA DE COCO;44;3,411125
23147;AGUA COCO SOCOCO MAIS MARACUJA 200ML;CX;24;7896004401652;20098921;1701100;SOCOCO;37;0,58;0,58;0,8;21,25;31,83;12;1,65;7,6;1,09;1,11;1,15;3,68;10;34;35;230;3;0;1,08;10005;BEBIDAS;10067;HIDRATAÇÃO;2;ÁGUA DE COCO;37;3,32220833333333
23148;AGUA COCO SOCOCO MAIS MELANCIA 200ML;CX;24;7896004402109;20098921;1701100;SOCOCO;28;0,58;0,58;0,8;21,25;31,83;12;1,65;7,6;1,09;1,11;1,15;3,68;9;38;21;237;3;0;1,08;10005;BEBIDAS;10067;HIDRATAÇÃO;2;ÁGUA DE COCO;28;3,288875
23146;AGUA COCO SOCOCO MAIS TANGERINA 200ML;CX;24;7896004401041;20098921;1701100;SOCOCO;19;0,58;0,58;0,8;21,25;31,83;12;1,65;7,6;1,09;1,11;1,15;3,68;7;1;27;125;1;0;1,08;10005;BEBIDAS;10067;HIDRATAÇÃO;2;ÁGUA DE COCO;19;1,7
23150;AGUA COCO SOCOCO MAIS UVA 200ML;CX;24;7896004402093;20098921;1701100;SOCOCO;62;0,58;0,58;0,8;21,25;31,83;12;1,65;7,6;1,09;1,11;1,15;3,68;10;62;37;219;3;0;1,08;10005;BEBIDAS;10067;HIDRATAÇÃO;2;ÁGUA DE COCO;62;3,53333333333333
5772;AGUA DE COCO SOCOCO 200ML;CX;24;7896004400358;20098921;1701100;SOCOCO;288;1,64;1,8;2,25;21,25;31,83;12;1,65;7,6;2,57;3,07;3,19;3,68;9;7;64;210;3;3;2,05;10005;BEBIDAS;10067;HIDRATAÇÃO;2;ÁGUA DE COCO;288;3,138875
5773;AGUA DE COCO SOCOCO TP 1L;CX;12;7896004401409;20098921;1701100;SOCOCO;66;7,19;7,09;8,87;21,25;31,83;12;1,65;7,6;9,13;10,59;10,99;3,68;20;43;61;78;2;2;9;10005;BEBIDAS;10067;HIDRATAÇÃO;2;ÁGUA DE COCO;66;2,02225
2670;AGUA MIN ATTIVA S/GAS PET 510ML;FD;12;7898917308240;22011000;0300504;ATTIVA;3;0,55;0,55;0,62;12;;12;0;0;0,49;0,89;0,89;0;0;0;0;0;0;;0,72;10005;BEBIDAS;10067;HIDRATAÇÃO;3;ÁGUA SEM GÁS;3,83333333333333;0
18867;AGUA MIN PASSA QUATRO C/GAS PET 2L;FD;6;7896984220069;22011000;0300504;PASSA QUATRO;3;2,14;2,14;2,43;12;;12;0;0;2,1;3,09;3,09;0;67;330;240;524;12;0;2,43;10005;BEBIDAS;10067;HIDRATAÇÃO;1;ÁGUA COM GÁS;3,16666666666667;12,1555
19212;AGUA MIN PASSA QUATRO C/GAS PET 510ML;FD;12;7896984205103;22011000;0300504;PASSA QUATRO;2;0,98;0,98;1,12;12;;12;0;0;1,02;1,49;1,49;0;110;250;222;274;8;0;1,12;10005;BEBIDAS;10067;HIDRATAÇÃO;1;ÁGUA COM GÁS;2,08333333333333;8,28891666666667
18663;AGUA MIN PASSA QUATRO S/GAS PET 1,5L;FD;6;7896984215027;22011000;0300504;PASSA QUATRO;500;1,29;1,29;1,47;12;;12;0;0;1,27;1,89;1,89;0;480;799;592;1322;30;2;1,47;10005;BEBIDAS;10067;HIDRATAÇÃO;3;ÁGUA SEM GÁS;500,833333333333;30,1445
18671;AGUA MIN PASSA QUATRO S/GAS PET 510ML;FD;12;7896984205004;22011000;0300504;PASSA QUATRO;86;0,64;0,64;0,73;12;;12;0;0;0,63;0,99;0,99;0;33;359;279;241;9;0;0,73;10005;BEBIDAS;10067;HIDRATAÇÃO;3;ÁGUA SEM GÁS;86;9,76666666666667
18774;AGUA MIN POUSO ALTO NAT C/GAS PET 1,5L;FD;6;7898904409066;22011000;0300504;POUSO ALTO;38;2,22;2,22;2,52;12;;12;0;0;2,33;3,15;3,15;0;74;282;150;172;6;0;2,52;10005;BEBIDAS;10067;HIDRATAÇÃO;1;ÁGUA COM GÁS;38;6,71116666666667
18772;AGUA MIN POUSO ALTO NAT C/GAS PET 510ML;FD;12;7898904409042;22011000;0300504;POUSO ALTO;42;0,8;0,8;0,91;12;;12;0;0;0,84;1,19;1,19;0;134;550;318;397;14;0;0,91;10005;BEBIDAS;10067;HIDRATAÇÃO;1;ÁGUA COM GÁS;42,0833333333333;14,0555833333333
18773;AGUA MIN POUSO ALTO NAT S/GAS PET 1,5L;FD;6;7898904409059;22011000;0300504;POUSO ALTO;564;1,28;1,28;1,46;12;;12;0;0;1,35;1,85;1,85;0;940;1455;2024;1429;54;1;1,46;10005;BEBIDAS;10067;HIDRATAÇÃO;3;ÁGUA SEM GÁS;564;54,5333333333333
18771;AGUA MIN POUSO ALTO NAT S/GAS PET 510ML;FD;12;7898904409035;22011000;0300504;POUSO ALTO;47;0,68;0,68;0,77;12;;12;0;0;0,71;0,99;0,99;0;303;432;618;523;17;0;0,77;10005;BEBIDAS;10067;HIDRATAÇÃO;3;ÁGUA SEM GÁS;47;17,47775
20596;AGUA OXIG RADAR CREMOSA 30 VOLUMES 70ML;AM;12;7897333340292;28470000;2000400;RADAR;52;1,03;1,01;1,11;21,25;32,85;12;1,65;7,6;1,3;1,43;1,49;3,79;0;36;3;13;0;7;1,13;4;PERFUMARIA E HIGIENE;403;CUIDADOS COM CABELO;5;TINTAS;52;0,57775
20597;AGUA OXIG RADAR CREMOSA 40 VOLUMES 70ML;AM;12;7897333340308;28470000;2000400;RADAR;140;1,03;0,99;1,09;21,25;32,85;12;1,65;7,6;1,24;1,44;1,5;3,79;6;28;65;14;1;9;1,13;4;PERFUMARIA E HIGIENE;403;CUIDADOS COM CABELO;5;TINTAS;140;1,18891666666667
21133;AGUA POUSO ALTO C/GAS FRISANTE PET 1,5L;FD;6;7898904409431;22011000;0300504;POUSO ALTO;59;2,22;2,22;2,52;12;;12;0;0;2,31;2,89;2,89;0;0;30;10;0;0;22;2,52;10005;BEBIDAS;10067;HIDRATAÇÃO;1;ÁGUA COM GÁS;59;0,4445
42;AGUA SANIT BRILUX M USO 2L;CX;6;7896013100423;28289011;1100100;BRILUX;75;4,04;4,04;5,06;21,25;38,3;12;1,65;7,6;5,15;6,17;6,45;4,39;2;138;274;50;5;2;5,06;10001;LIMPEZA;10054;CUIDADOS COM A CASA;163;ÁGUA SANITÁRIA E CLORO;75,3333333333333;5,13333333333333
13046;AGUA SANIT BRILUX M USO LV1L PG900ML;CX;12;7896013105657;28289011;1100100;BRILUX;310;2,09;2,09;2,62;21,25;38,3;12;1,65;7,6;2,57;3,33;3,48;4,39;74;505;377;677;17;1;2,62;10001;LIMPEZA;10054;CUIDADOS COM A CASA;163;ÁGUA SANITÁRIA E CLORO;310,166666666667;17,32225
13186;AGUA SANIT BRILUX M USO LV2L PG1,8ML;CX;6;7896013106364;28289011;1100100;BRILUX;729;3,62;3,62;4,54;21,25;38,3;12;1,65;7,6;4,89;6,36;6,65;4,39;191;1341;608;328;25;4;4,54;10001;LIMPEZA;10054;CUIDADOS COM A CASA;163;ÁGUA SANITÁRIA E CLORO;729,666666666667;25,3
20901;AGUA SANIT BRILUX M USO LV5L PG4,5L;CX;2;7896013107262;28289011;1100100;BRILUX;47;9,5;9,5;11,9;21,25;38,3;12;1,65;7,6;11,2;14,65;15,32;4,39;11;58;47;48;1;13;11,9;10001;LIMPEZA;10054;CUIDADOS COM A CASA;163;ÁGUA SANITÁRIA E CLORO;47;1,7
43;AGUA SANIT CLORAL 1L;CX;12;7896013142065;28289011;1100100;CLORAL;214;1,47;1,47;1,84;21,25;38,3;12;1,65;7,6;1,87;2,2;2,3;4,39;464;1342;1662;1350;48;0;1,84;10001;LIMPEZA;10054;CUIDADOS COM A CASA;163;ÁGUA SANITÁRIA E CLORO;214,5;48,37775
7818;AGUA SANIT CLORAL 2L;CX;6;7896013102311;28289011;1100100;CLORAL;3;2,92;2,92;3,66;21,25;38,3;12;1,65;7,6;3,65;4,58;4,79;4,39;164;698;565;512;19;0;3,66;10001;LIMPEZA;10054;CUIDADOS COM A CASA;163;ÁGUA SANITÁRIA E CLORO;3;19,7221666666667
14618;AGUA SANIT CLORAL 5L;CX;2;7896013102045;28289011;1100100;CLORAL;54;7,53;7,53;9,43;21,25;38,3;12;1,65;7,6;8,95;11,64;12,17;4,39;20;153;175;123;5;5;9,43;10001;LIMPEZA;10054;CUIDADOS COM A CASA;163;ÁGUA SANITÁRIA E CLORO;54;5,011
1526;AGUA SANIT YPE 1L;CX;12;7896098904671;28289011;1100100;YPE;119;2,57;2,57;3,22;21,25;38,3;12;1,65;7,6;3,26;3,91;4,09;4,39;107;443;391;714;17;0;3,22;10001;LIMPEZA;10054;CUIDADOS COM A CASA;163;ÁGUA SANITÁRIA E CLORO;119;17,2
1528;AGUA SANIT YPE FR 2L;CX;6;7896098904688;28289011;1100100;YPE;10;4,67;4,67;5,85;21,25;38,3;12;1,65;7,6;5,93;7,07;7,39;4,39;100;1279;1318;1201;42;0;5,85;10001;LIMPEZA;10054;CUIDADOS COM A CASA;163;ÁGUA SANITÁRIA E CLORO;10,6666666666667;42,2
5341;AGUA SANIT YPE GL 5L;CX;4;7896098904664;28289011;1100100;YPE;2;10,5;10,5;13,15;21,25;38,3;12;1,65;7,6;13,34;15,86;16,59;4,39;5;94;93;106;3;0;13,15;10001;LIMPEZA;10054;CUIDADOS COM A CASA;163;ÁGUA SANITÁRIA E CLORO;2,75;3,2555
1703;AGUARDENTE PIRASSUNUNGA 51 GFA 965ML;CX;12;7896002100014;22084000;0200400;51;612;7,56;7,56;9,1;26,25;;17;1,65;7,6;9,33;10,9;10,9;0;31;117;169;282;6;8;7,42;10005;BEBIDAS;10065;DESTILADOS;1;AGUARDENTE E CACHACA;612,333333333333;6,33058333333333
16970;AGUARDENTE SALINAS GFA 1L;CX;12;7897877000485;22084000;0200400;SALINAS;7;24,49;24,49;28,28;26,25;;17;1,65;7,6;33,21;34,19;34,19;0;0;0;6;0;0;9;24,35;10005;BEBIDAS;10065;DESTILADOS;1;AGUARDENTE E CACHACA;7,75;0,0666666666666667
21571;AGUARDENTE VELHO BARREIRO COMPOSTO 910ML;CX;6;7896050200872;22084000;0200400;VELHO BARREIRO;3;10,23;10,23;12,34;26,25;;17;1,65;7,6;13,87;13,9;13,9;0;0;0;1;1;0;22;10,1;10005;BEBIDAS;10065;DESTILADOS;1;AGUARDENTE E CACHACA;3;0,0221666666666667
18820;ALCAPARRA VALE FERTIL CONS DOY PACK 100G;CX;24;7896272010044;20019000;1709000;VALE FERTIL;1;3,8;3,81;4,37;21,25;55,24;12;1,65;7,6;4,82;5,53;5,9;6,22;0;24;1;17;0;0;4,36;1;MERCEARIA SALGADA;103;CONSERVAS;3;OUTROS VEGETAIS;1,16666666666667;0,466666666666667
17742;ALCAPARRA VALE FERTIL CONSERVA VD 60G;CX;12;7896272002018;20019000;1709000;VALE FERTIL;32;4,19;4,19;4,81;21,25;55,24;12;1,65;7,6;5,32;6,09;6,49;6,22;11;8;45;22;0;3;4,81;1;MERCEARIA SALGADA;103;CONSERVAS;3;OUTROS VEGETAIS;32;0,833333333333333
23763;ALCAPARRAS TIO PACO 100G;CX;12;7898174850414;20059900;1709200;TIO PACO;13;5,39;5,35;6,67;21,25;34,33;12;1,65;7,6;6,85;7,96;8,29;3,96;2;21;18;26;0;1;6,35;1;MERCEARIA SALGADA;103;CONSERVAS;3;OUTROS VEGETAIS;13,25;0,72225
23740;ALCAPARRAS TIO PACO BALDE 2KG;CX;6;7898174850377;20059900;1709201;TIO PACO;30;36,06;36,06;48,54;21,25;;12;1,65;7,6;107,43;118,9;118,9;0;0;0;0;0;0;;95,03;1;MERCEARIA SALGADA;103;CONSERVAS;3;OUTROS VEGETAIS;30;0
23753;ALCAPARRAS TIO PACO DOY PACK 80G;CX;24;7898174853736;20059900;1709200;TIO PACO;68;3,06;3,02;3,77;21,25;34,33;12;1,65;7,6;3,88;4,52;4,71;3,96;5;4;13;6;0;11;3,6;1;MERCEARIA SALGADA;103;CONSERVAS;3;OUTROS VEGETAIS;68;0,255541666666667
3526;ALCOOL COPERALCOOL 46° BACF BRI EUCAL 1L;CX;12;7896090703623;38089419;1101000;COPERALCOOL;32;6,67;6,54;7,87;21,25;;12;1,65;7,6;8,48;9,89;9,89;0;0;25;12;13;0;4;7,42;10001;LIMPEZA;10054;CUIDADOS COM A CASA;164;DESINFETANTES E MULTIUSOS;32,4166666666667;0,555583333333333
3527;ALCOOL COPERALCOOL 46° BACF CLASSI 500ML;CX;12;7896090703616;38089419;1101000;COPERALCOOL;116;3,96;3,95;4,87;21,25;;12;1,65;7,6;5,03;5,99;5,99;0;51;116;143;153;4;2;4,5;10001;LIMPEZA;10054;CUIDADOS COM A CASA;164;DESINFETANTES E MULTIUSOS;116,833333333333;4,57775
22661;ALCOOL COPERALCOOL 46º BACF CHA BRANC 1L;CX;12;7897744505433;38089419;;COPERALCOOL;10;5,92;5,67;6,61;21,25;;12;1,65;7,6;7,52;8,39;8,39;0;5;16;18;6;0;1;6,02;10001;LIMPEZA;10054;CUIDADOS COM A CASA;164;DESINFETANTES E MULTIUSOS;10;0,444416666666667
1386;ALCOOL COPERALCOOL 46º BACF CLASSIC 1L;CX;12;7896090703609;38089419;1101000;COPERALCOOL;2;6,36;6,36;7,81;21,25;;12;1,65;7,6;8,08;9,89;9,89;0;28;94;209;108;4;0;6,83;10001;LIMPEZA;10054;CUIDADOS COM A CASA;164;DESINFETANTES E MULTIUSOS;2;4,56666666666667
10251;ALCOOL PRING 46° LIQ AR EUCALIPTO 500ML;CX;12;7896318100739;22072019;1101000;PRING;33;2,41;2,48;2,99;41,4;25,84;41,4;0;0;3,12;3,37;3,47;3,01;9;22;14;20;0;4;2,75;10001;LIMPEZA;10054;CUIDADOS COM A CASA;164;DESINFETANTES E MULTIUSOS;33;0,62225
18708;ALCOOL PRING 46° LIQ BACZERO 1L;CX;12;7896318101262;38089429;1101000;PRING;161;4,03;4,03;4,46;21,25;;12;1,65;7,6;3,06;5,79;5,97;3,01;46;33;56;48;1;8;4,32;10001;LIMPEZA;10054;CUIDADOS COM A CASA;164;DESINFETANTES E MULTIUSOS;161,833333333333;1,52225
18709;ALCOOL PRING 46° LIQ BACZERO 1L EUCA;CX;12;7896318101286;38089429;1101000;PRING;2;4,35;4,34;4,81;21,25;;12;1,65;7,6;3,21;6,08;6,27;3,01;5;18;28;19;0;0;4,67;10001;LIMPEZA;10054;CUIDADOS COM A CASA;164;DESINFETANTES E MULTIUSOS;2,66666666666667;0,72225
18707;ALCOOL PRING 46° LIQ BACZERO 500ML;CX;12;7896318101279;38089429;1101000;PRING;3;2,27;2,45;2,75;21,25;;12;1,65;7,6;2,47;3,66;3,77;3,01;2;3;59;45;1;0;2,75;10001;LIMPEZA;10054;CUIDADOS COM A CASA;164;DESINFETANTES E MULTIUSOS;3,66666666666667;1,18891666666667
10249;ALCOOL PRING 46º LIQ 500ML;CX;12;7896318100487;22072019;1101000;PRING;271;2,34;2,34;2,81;41,4;25,84;41,4;0;0;2,29;3,18;3,28;3,01;81;76;174;125;4;5;2,67;10001;LIMPEZA;10054;CUIDADOS COM A CASA;164;DESINFETANTES E MULTIUSOS;271,583333333333;4,16666666666667
10248;ALCOOL PRING 46º LIQ TRAD 1L;CX;12;7896318100470;22072019;1101000;PRING;229;3,84;3,84;4,6;41,4;25,84;41,4;0;0;3,75;5,3;5,46;3,01;79;108;278;119;5;3;4,38;10001;LIMPEZA;10054;CUIDADOS COM A CASA;164;DESINFETANTES E MULTIUSOS;229,25;5,61108333333333
975;ALCOOL PRING 80° GEL ACENDEDOR 420G;CX;12;7896318101248;22071090;;PRING;77;4,2;4,2;5,08;21,25;;12;1,65;7,6;3,4;5,99;5,99;0;24;19;45;56;1;4;5,08;10001;LIMPEZA;10054;CUIDADOS COM A CASA;164;DESINFETANTES E MULTIUSOS;77;1,33333333333333
1361;ALCOOL ZULU 80° GEL ACENDEDOR 420G;CX;12;7896090704644;22071090;;ZULU;31;5,74;5,74;6,52;12;;12;0;0;6,15;7,59;7,59;0;12;46;85;15;1;1;6,31;10001;LIMPEZA;10054;CUIDADOS COM A CASA;164;DESINFETANTES E MULTIUSOS;31,6666666666667;1,62225
18273;ALCOOL ZULU C/ BICARBONATO LIMP GERAL 1L;CX;12;7896090704767;34029090;1100700;ZULU;35;4,31;4,34;5,36;21,25;19,86;12;1,65;7,6;5,82;6,69;6,85;2,33;7;8;23;28;0;4;5;10001;LIMPEZA;10054;CUIDADOS COM A CASA;164;DESINFETANTES E MULTIUSOS;35,75;0,655583333333333
1527;ALGODAO APOLO 25G;AM;20;7896224410113;56012110;2006500;APOLO;136;0,9;0,89;1,04;21,25;;12;1,65;7,6;0,97;1,49;1,49;0;8;62;67;24;1;4;1,04;4;PERFUMARIA E HIGIENE;401;HIGIENE PESSOAL;1;ALGODÕES E HASTES FLEXÍVEIS;136;1,7
22833;ALMONDEGA BOV FRISA CONG CX;CX;1;7896481920899;16029000;1707900;FRISA;4;87,54;87,54;109,62;21,25;24,61;12;1,65;7,6;111,17;121,94;125,54;2,87;0;0;0;0;0;;109,62;6;PERECIVEIS;10050;CONGELADOS;3;CARNE BOVINA CONGELADA;4;0
7497;ALMONDEGA ODERICH AO MOLHO 420G;CX;24;7896041101058;16025000;1707906;ODERICH;9;5,55;5,55;6,95;21,25;24,61;12;1,65;7,6;7,05;8,55;8,8;2,87;0;17;0;15;0;1;6,95;1;MERCEARIA SALGADA;103;CONSERVAS;8;PRATOS PRONTOS CONSERVA;9;0,355541666666667
22993;ALVEJANTE SEMORIN S/ CLORO WHITE 2L;CX;6;7898917072325;34023990;1100700;SEMORIN;3;9,2;9,2;11,43;21,25;19,86;12;1,65;7,6;11,68;13,18;13,49;2,33;1;4;5;8;0;2;11,07;10001;LIMPEZA;10060;CUIDADOS COM A ROUPA;206;TIRA MANCHAS E ALVEJANTES;3;0,188833333333333
22994;ALVEJANTE SEMORIN S/CLORO TRAD SCH 500ML;CX;12;7898917072417;34023990;1100700;SEMORIN;1;2,69;2,63;3,27;21,25;19,86;12;1,65;7,6;3,41;3,8;3,89;2,33;6;22;6;20;0;0;3,24;10001;LIMPEZA;10060;CUIDADOS COM A ROUPA;206;TIRA MANCHAS E ALVEJANTES;1,5;0,533333333333333
6115;ALVEJANTE VANISH GEL CRYS WHITE SH 500ML;CX;12;7891035040436;34025000;1100700;VANISH;59;4,59;4,59;5;21,25;19,86;12;1,65;7,6;5,13;6,24;6,39;2,33;151;1825;419;274;27;0;5;10001;LIMPEZA;10060;CUIDADOS COM A ROUPA;206;TIRA MANCHAS E ALVEJANTES;59;27,97775
6112;ALVEJANTE VANISH GEL MULTIUSO 1,5L;CX;6;7891035040504;34025000;1100700;VANISH;2;16,52;16,52;18;21,25;19,86;12;1,65;7,6;21,16;23,88;23,88;0;34;0;0;0;0;;18;10001;LIMPEZA;10060;CUIDADOS COM A ROUPA;206;TIRA MANCHAS E ALVEJANTES;2;0
1724;ALVEJANTE VANISH GEL PINK REFIL SH 500ML;CX;12;7891035041006;34025000;1100700;VANISH;277;4,32;4,32;5;21,25;19,86;12;1,65;7,6;5,13;6,24;6,39;2,33;151;1591;759;199;28;0;5;10001;LIMPEZA;10060;CUIDADOS COM A ROUPA;206;TIRA MANCHAS E ALVEJANTES;277,666666666667;28,32225
14467;ALVEJANTE VANISH PINK SH 1,2L;CX;6;7891035000010;34025000;1100700;VANISH;2;12,2;12,13;13,22;21,25;19,86;12;1,65;7,6;13,65;16,59;16,99;2,33;0;116;39;2013;24;0;13,3;10001;LIMPEZA;10060;CUIDADOS COM A ROUPA;206;TIRA MANCHAS E ALVEJANTES;2;24,0888333333333
11688;ALVEJANTE VANISH PO REFIL (ROSA) 400G;CX;24;7891035051272;34025000;1100700;VANISH;2;12,48;12,48;13,6;21,25;19,86;12;1,65;7,6;13,96;16,99;17,39;2,33;0;113;5;0;1;0;13,6;10001;LIMPEZA;10060;CUIDADOS COM A ROUPA;206;TIRA MANCHAS E ALVEJANTES;2;1,311125
14468;ALVEJANTE VANISH WHITE CRYS SH 1,2L;CX;6;7891035000027;34025000;1100700;VANISH;44;12,2;12,18;13,28;21,25;19,86;12;1,65;7,6;13,65;16,59;16,99;2,33;0;197;10;2258;27;0;13,3;10001;LIMPEZA;10060;CUIDADOS COM A ROUPA;206;TIRA MANCHAS E ALVEJANTES;44;27,3888333333333
1530;ALVEJANTE YPE FLORES PRIMAVERA 1L;CX;12;7896098904695;28289011;1100100;YPE;6;3,18;3,13;3,89;21,25;38,3;12;1,65;7,6;4,04;4,87;5,09;4,39;0;0;4;2;0;7;3,99;10001;LIMPEZA;10060;CUIDADOS COM A ROUPA;206;TIRA MANCHAS E ALVEJANTES;6;0,0666666666666667
1532;ALVEJANTE YPE FLORES PRIMAVERA 2L;CX;6;7896098904725;28289011;1100100;YPE;5;5,79;5,67;7,09;21,25;38,3;12;1,65;7,6;7,35;8,89;9,3;4,39;0;0;0;3;0;25;7,25;10001;LIMPEZA;10060;CUIDADOS COM A ROUPA;206;TIRA MANCHAS E ALVEJANTES;5;0,0333333333333333
11540;AMAC AMACITEL LUXO ALEGRES ENC ROSA 2L;CX;6;7896040706841;38099190;1100800;AMACITEL;6;4,68;4,68;5,86;21,25;23,63;12;1,65;7,6;5,94;6,77;6,96;2,76;0;0;0;0;0;;5,86;10001;LIMPEZA;10060;CUIDADOS COM A ROUPA;203;AMACIANTES;6;0
1367;AMAC BIG SOFT FLORAL 2L;CX;6;7896491800051;38099190;1100800;BIG SOFT;55;3,67;3,67;4,04;21,25;23,63;12;1,65;7,6;4,94;4,99;5,13;2,76;39;49;118;74;2;3;4,04;10001;LIMPEZA;10060;CUIDADOS COM A ROUPA;203;AMACIANTES;55;2,67783333333333
1366;AMAC BIG SOFT FLOWER 2L;CX;6;7896491800044;38099190;1100800;BIG SOFT;40;3,67;3,67;4,04;21,25;23,63;12;1,65;7,6;4,94;4,99;5,13;2,76;15;78;111;108;3;2;4,04;10001;LIMPEZA;10060;CUIDADOS COM A ROUPA;203;AMACIANTES;40;3,3
1364;AMAC BIG SOFT JASMIM 2L;CX;6;7896491800426;38099190;1100800;BIG SOFT;79;3,67;3,67;4,04;21,25;23,63;12;1,65;7,6;4,94;4,99;5,13;2,76;17;87;129;105;3;3;4,04;10001;LIMPEZA;10060;CUIDADOS COM A ROUPA;203;AMACIANTES;79;3,56666666666667
1365;AMAC BIG SOFT LAVANDA 2L;CX;6;7896491800075;38099190;1100800;BIG SOFT;37;3,67;3,67;4,04;21,25;23,63;12;1,65;7,6;4,94;4,99;5,13;2,76;85;123;177;62;4;1;4,04;10001;LIMPEZA;10060;CUIDADOS COM A ROUPA;203;AMACIANTES;37;4,02216666666667
23453;AMAC COALA CONC LAUNDRY CHA BRANCO 1L;CX;12;7897744506041;38099190;1100800;LAUNDRY (COALA);45;9,13;8,88;11,08;21,25;23,63;12;1,65;7,6;11,6;13,12;13,49;2,76;2;17;55;46;1;2;11,02;10001;LIMPEZA;10060;CUIDADOS COM A ROUPA;203;AMACIANTES;45;1,31108333333333
23454;AMAC COALA CONC LAUNDRY ORQUIDEA NEGR 1L;CX;12;7897744506058;38099190;1100800;LAUNDRY (COALA);52;9,13;8,94;11,15;21,25;23,63;12;1,65;7,6;11,6;13,12;13,49;2,76;2;9;46;46;1;3;11,02;10001;LIMPEZA;10060;CUIDADOS COM A ROUPA;203;AMACIANTES;52,5833333333333;1,12225
24056;AMAC COALA CONC LAUNDRY SOL DO BRASIL 1L;CX;12;7896017202413;38099190;1100800;LAUNDRY (COALA);38;6,96;6,95;8,65;21,25;23,63;12;1,65;7,6;8,84;10,69;10,99;2,76;0;24;7;7;0;7;8,21;10001;LIMPEZA;10060;CUIDADOS COM A ROUPA;203;AMACIANTES;38;0,42225
24345;AMAC COALA CONC LAUNDRY THE QUEEN 1L;CX;12;7896017202406;38099190;1100800;LAUNDRY (COALA);63;6,96;6,96;8,67;21,25;23,63;12;1,65;7,6;8,84;10,69;10,99;2,76;0;25;22;9;0;8;8,21;10001;LIMPEZA;10060;CUIDADOS COM A ROUPA;203;AMACIANTES;63,9166666666667;0,623166666666667
8661;AMAC COMFORT CONC BRISA ELEGANTE 1L;CX;12;7891150045484;38099190;1100800;COMFORT;8;11,77;11,77;14,73;21,25;23,63;12;1,65;7,6;0;18,99;18,99;0;1;2;0;0;0;29;14,74;10008;FORNECEDORES ESPECIAIS;10101;UNILEVER;1;AMACIANTES;8;0,02225
8539;AMAC COMFORT CONC BRISA ELEGANTE 500ML;CX;12;7891150045460;38099190;1100800;COMFORT;4;6,41;6,41;8,02;21,25;23,63;12;1,65;7,6;8,13;10,2;10,49;2,76;0;5;9;0;0;2;8,02;10008;FORNECEDORES ESPECIAIS;10101;UNILEVER;1;AMACIANTES;4;0,155583333333333
8542;AMAC COMFORT CONC ENERGIA FLORAL 1L;CX;12;7891150042117;38099190;1100800;COMFORT;8;11,77;11,77;14,74;21,25;23,63;12;1,65;7,6;0;18,47;18,99;2,76;1;2;0;0;0;29;14,74;10008;FORNECEDORES ESPECIAIS;10101;UNILEVER;1;AMACIANTES;8;0,02225
7635;AMAC COMFORT CONC ENERGIA FLORAL 500ML;CX;12;7891150025288;38099190;1100800;COMFORT;8;6,41;6,41;8,02;21,25;23,63;12;1,65;7,6;8,13;10,2;10,49;2,76;1;2;6;0;0;7;8,02;10008;FORNECEDORES ESPECIAIS;10101;UNILEVER;1;AMACIANTES;8;0,0889166666666667
8541;AMAC COMFORT CONC PURO CUIDADO 1L;CX;12;7891150042131;38099190;1100800;COMFORT;3;11,77;11,77;14,74;21,25;23,63;12;1,65;7,6;0;18,99;18,99;0;0;8;0;0;0;2;14,74;10008;FORNECEDORES ESPECIAIS;10101;UNILEVER;1;AMACIANTES;3;0,0889166666666667
7935;AMAC COMFORT CONC PURO CUIDADO 500ML;CX;12;7891150039001;38099190;1100800;COMFORT;6;6,41;6,41;8,02;21,25;23,63;12;1,65;7,6;8,13;10,2;10,49;2,76;1;2;8;0;0;4;8,02;10008;FORNECEDORES ESPECIAIS;10101;UNILEVER;1;AMACIANTES;6;0,111083333333333
24540;AMAC COMFORT EDICAO ESPEC SEGREDOS 500ML;CX;12;7891150105836;38099190;1100800;COMFORT;9;6,41;6,41;8,02;21,25;23,63;12;1,65;7,6;8,13;10,2;10,49;2,76;2;5;1;0;0;11;8,02;10008;FORNECEDORES ESPECIAIS;10101;UNILEVER;1;AMACIANTES;9;0,0666666666666667
24565;AMAC COMFORT LAVANDA ED ESPEC FR 500ML;CX;12;7891150090460;38099190;1100800;COMFORT;7;6,41;6,41;8,02;21,25;23,63;12;1,65;7,6;8,13;10,2;10,49;2,76;0;5;6;0;0;4;8,02;10008;FORNECEDORES ESPECIAIS;10101;UNILEVER;1;AMACIANTES;7;0,12225
24566;AMAC COMFORT PERF SECRETOS 36 500ML;CX;12;7891150091979;38099190;1100800;COMFORT;10;6,71;6,71;8,4;21,25;23,63;12;1,65;7,6;8,52;10,69;10,99;2,76;2;2;1;0;0;25;8,4;10008;FORNECEDORES ESPECIAIS;10101;UNILEVER;1;AMACIANTES;10;0,0333333333333333
24560;AMAC COMFORT PERF SECRETOS 48 1L;CX;12;7891150091993;38099190;1100800;COMFORT;5;13,25;13,25;16,59;21,25;23,63;12;1,65;7,6;16,83;20,9;21,49;2,76;1;5;0;0;0;7;16,6;10008;FORNECEDORES ESPECIAIS;10101;UNILEVER;1;AMACIANTES;5;0,0555833333333333
24570;AMAC COMFORT PERF SECRETOS 48 500ML;CX;12;7891150091986;38099190;1100800;COMFORT;4;6,71;6,71;8,4;21,25;23,63;12;1,65;7,6;8,52;10,69;10,99;2,76;0;11;1;0;0;2;8,4;10008;FORNECEDORES ESPECIAIS;10101;UNILEVER;1;AMACIANTES;4;0,133333333333333
19177;AMAC DOWNY CONC AGUA FRESCA 500ML;CX;12;7500435153874;38099190;1100800;DOWNY;97;6,46;6,46;8,09;21,25;23,63;12;1,65;7,6;8,2;9,52;9,79;2,76;3;36;38;48;1;6;8,09;10001;LIMPEZA;10060;CUIDADOS COM A ROUPA;203;AMACIANTES;97,75;1,35558333333333
24014;AMAC DOWNY CONC ALFAZEMA 500ML;CX;12;7500435252195;38099190;1100800;DOWNY;175;6,46;6,46;8,09;21,25;23,63;12;1,65;7,6;8,2;9,52;9,79;2,76;4;44;103;128;3;4;8,09;10001;LIMPEZA;10060;CUIDADOS COM A ROUPA;203;AMACIANTES;175,166666666667;3,05558333333333
6421;AMAC DOWNY CONC BRISA DE VERAO 500ML;CX;12;7506195143834;38099190;1100800;DOWNY;395;6,46;6,46;8,09;21,25;23,63;12;1,65;7,6;8,2;9,52;9,79;2,76;66;596;510;690;19;1;8,09;10001;LIMPEZA;10060;CUIDADOS COM A ROUPA;203;AMACIANTES;395,833333333333;19,9555833333333
17737;AMAC DOWNY CONC BRISA INTENSO 500ML;CX;12;7500435201292;38099190;1100800;DOWNY;271;6,46;6,46;8,09;21,25;23,63;12;1,65;7,6;8,2;9,52;9,79;2,76;24;339;75;349;8;2;8,09;10001;LIMPEZA;10060;CUIDADOS COM A ROUPA;203;AMACIANTES;271,083333333333;8,47775
21841;AMAC DOWNY CONC BRISA SUAVE 500ML;CX;12;7500435243612;38099190;1100800;DOWNY;310;6,46;6,46;8,09;21,25;23,63;12;1,65;7,6;8,2;9,52;9,79;2,76;30;78;160;325;6;4;8,09;10001;LIMPEZA;10060;CUIDADOS COM A ROUPA;203;AMACIANTES;310,333333333333;6,25558333333333
15652;AMAC DOWNY CONC FRES DA PRIMAVERA 500ML;CX;12;7506195143872;38099190;1100800;DOWNY;133;6,46;6,46;8,09;21,25;23,63;12;1,65;7,6;8,2;9,52;9,79;2,76;27;165;177;355;7;1;8,09;10001;LIMPEZA;10060;CUIDADOS COM A ROUPA;203;AMACIANTES;133,25;7,74441666666667
15653;AMAC DOWNY CONC LIRIOS DO CAMPO 500ML;CX;12;7506195143858;38099190;1100800;DOWNY;440;6,46;6,46;8,09;21,25;23,63;12;1,65;7,6;8,2;9,52;9,79;2,76;8;190;73;397;7;5;8,09;10001;LIMPEZA;10060;CUIDADOS COM A ROUPA;203;AMACIANTES;440,583333333333;7,33333333333333
24015;AMAC DOWNY CONC VERAO TROPICAL 500ML;CX;12;7500435259552;38099190;1100800;DOWNY;23;6,46;6,46;8,09;21,25;23,63;12;1,65;7,6;8,2;9,52;9,79;2,76;3;118;14;195;3;0;8,09;10001;LIMPEZA;10060;CUIDADOS COM A ROUPA;203;AMACIANTES;23;3,63333333333333
24569;AMAC FOFO CONC AMARELO CHAMEGO 500ML;CX;12;7891150092747;38099190;1100800;FOFO;4;4,83;4,83;6,05;21,25;23,63;12;1,65;7,6;6,13;7,77;7,99;2,76;0;13;1;0;0;2;6,05;10008;FORNECEDORES ESPECIAIS;10101;UNILEVER;1;AMACIANTES;4;0,155583333333333
24568;AMAC FOFO CONC AZUL TUDAO 1L;CX;12;7891150092730;38099190;1100800;FOFO;4;9,1;9,1;11,39;21,25;23,63;12;1,65;7,6;11,55;14,58;14,99;2,76;2;3;2;0;0;5;11,39;10008;FORNECEDORES ESPECIAIS;10101;UNILEVER;1;AMACIANTES;4;0,0555833333333333
24571;AMAC FOFO CONC LARANJA VITORIOSO 500ML;CX;12;7891150092754;38099190;1100800;FOFO;6;4,83;4,83;6,05;21,25;23,63;12;1,65;7,6;6,13;7,77;7,99;2,76;0;7;5;0;0;3;6,05;10008;FORNECEDORES ESPECIAIS;10101;UNILEVER;1;AMACIANTES;6;0,133333333333333
24567;AMAC FOFO CONC VERMELHO SENSACAO 500ML;CX;12;7891150092723;38099190;1100800;FOFO;5;4,83;4,83;6,05;21,25;23,63;12;1,65;7,6;6,13;7,77;7,99;2,76;2;6;5;0;0;3;6,05;10008;FORNECEDORES ESPECIAIS;10101;UNILEVER;1;AMACIANTES;5;0,12225
19251;AMAC MON BIJOU MAIS PERFUME 5L;CX;4;7891022860467;38099190;1100800;MON BIJOU;11;14,63;14,61;18,3;21,25;23,63;12;1,65;7,6;18,58;21,38;21,99;2,76;0;15;10;0;0;9;18,32;10001;LIMPEZA;10060;CUIDADOS COM A ROUPA;203;AMACIANTES;11;0,27775
19013;AMAC MON BIJOU REG + CUIDADO 1,7L;CX;6;7891022860429;38099190;1100800;MON BIJOU;7;5,37;5,37;6,73;21,25;23,63;12;1,65;7,6;6,82;7,96;8,19;2,76;3;74;98;35;2;0;6,73;10001;LIMPEZA;10060;CUIDADOS COM A ROUPA;203;AMACIANTES;7;2,3
19016;AMAC MON BIJOU REG + FRESCOR 1,7L;CX;6;7891022867459;38099190;1100800;MON BIJOU;6;5,37;5,37;6,73;21,25;23,63;12;1,65;7,6;6,82;7,96;8,19;2,76;1;33;35;25;1;0;6,73;10001;LIMPEZA;10060;CUIDADOS COM A ROUPA;203;AMACIANTES;6;1,03333333333333
19011;AMAC MON BIJOU REG + PERFUME 1,7L;CX;6;7891022860450;38099190;1100800;MON BIJOU;48;5,6;5,57;6,98;21,25;23,63;12;1,65;7,6;6,82;7,96;8,19;2,76;22;90;89;125;3;2;7,02;10001;LIMPEZA;10060;CUIDADOS COM A ROUPA;203;AMACIANTES;48;3,37783333333333
19015;AMAC MON BIJOU REG + PROTECAO 1,7L;CX;6;7891022867442;38099190;1100800;MON BIJOU;4;5,37;5,37;6,73;21,25;23,63;12;1,65;7,6;6,82;7,96;8,19;2,76;2;20;46;34;1;0;6,73;10001;LIMPEZA;10060;CUIDADOS COM A ROUPA;203;AMACIANTES;4,33333333333333;1,11116666666667
23007;AMAC SEMORIN EXPLOSAO INTENSA 900ML;CX;12;7898917072103;38099190;1100800;SEMORIN;6;7,5;7,5;9,39;21,25;23,63;12;1,65;7,6;9,52;10,78;11,09;2,76;0;0;0;0;0;;9,39;10001;LIMPEZA;10060;CUIDADOS COM A ROUPA;203;AMACIANTES;6;0
23006;AMAC SEMORIN EXPLOSAO SUBLIME 900ML;CX;12;7898917072080;38099190;1100800;SEMORIN;7;7,5;7,5;9,39;21,25;23,63;12;1,65;7,6;9,52;10,78;11,09;2,76;0;0;0;0;0;;9,39;10001;LIMPEZA;10060;CUIDADOS COM A ROUPA;203;AMACIANTES;7;0
1511;AMAC YPE ACONCHEGO 2L;CX;6;7896098902400;38099190;1100800;YPE;102;4,92;4,92;6,16;21,25;23,63;12;1,65;7,6;5,79;7,34;7,55;2,76;191;1703;1961;2416;67;0;6,17;10001;LIMPEZA;10060;CUIDADOS COM A ROUPA;203;AMACIANTES;102,333333333333;67,5555
5340;AMAC YPE ACONCHEGO GL 5L;CX;4;7896098905401;38099190;1100800;YPE;1;11,08;11,08;13,87;21,25;23,63;12;1,65;7,6;14,07;16,91;17,39;2,76;15;20;23;54;1;0;13,88;10001;LIMPEZA;10060;CUIDADOS COM A ROUPA;203;AMACIANTES;1,75;1,07775
13602;AMAC YPE CONC ENCANTO FR 500ML;CX;12;7896098901489;38099190;1100800;YPE;7;4,6;4,57;5,73;21,25;23,63;12;1,65;7,6;5,84;6,8;6,99;2,76;4;2;7;36;0;1;5,76;10001;LIMPEZA;10060;CUIDADOS COM A ROUPA;203;AMACIANTES;7,5;0,5
1497;AMAC YPE CONC FRESCOR DAS FLORE FR 500ML;CX;12;7896098900390;38099190;1100800;YPE;4;4,6;4,6;5,76;21,25;23,63;12;1,65;7,6;5,84;6,8;6,99;2,76;0;8;14;37;0;0;5,76;10001;LIMPEZA;10060;CUIDADOS COM A ROUPA;203;AMACIANTES;4;0,655583333333333
23512;AMAC YPE CONC LOCCITANE BRESIL 1L;CX;12;7896098903469;38099190;1100800;YPE;19;8,74;8,35;10,48;21,25;23,63;12;1,65;7,6;11,1;13,12;13,49;2,76;2;2;0;10;0;11;10,95;10001;LIMPEZA;10060;CUIDADOS COM A ROUPA;203;AMACIANTES;19;0,133333333333333
23509;AMAC YPE CONC LOCCITANE NINFA D AGUAS 1L;CX;12;7896098903476;38099190;1100800;YPE;16;8,74;8,73;10,93;21,25;23,63;12;1,65;7,6;11,1;13,12;13,49;2,76;1;6;0;14;0;6;10,95;10001;LIMPEZA;10060;CUIDADOS COM A ROUPA;203;AMACIANTES;16,8333333333333;0,22225
16147;AMAC YPE CONC PINK FR 1L;CX;12;7896098901502;38099190;1100800;YPE;5;8,74;8,6;10,77;21,25;23,63;12;1,65;7,6;11,1;13,12;13,49;2,76;0;5;0;5;0;3;10,95;10001;LIMPEZA;10060;CUIDADOS COM A ROUPA;203;AMACIANTES;5;0,111083333333333
1496;AMAC YPE CONC PINK FR 500ML;CX;12;7896098900383;38099190;1100800;YPE;6;4,6;4,6;5,76;21,25;23,63;12;1,65;7,6;5,84;6,8;6,99;2,76;1;14;10;36;0;0;5,76;10001;LIMPEZA;10060;CUIDADOS COM A ROUPA;203;AMACIANTES;6;0,666666666666667
21085;AMAC YPE CONC PINK SUP 900ML;CX;12;7896098903025;38099190;1100800;YPE;4;7,32;7,37;8,87;21,25;23,63;12;1,65;7,6;9,29;10,49;10,79;2,76;0;0;3;6;0;4;9,16;10001;LIMPEZA;10060;CUIDADOS COM A ROUPA;203;AMACIANTES;4,83333333333333;0,1
12295;AMAC YPE DELICADO 2L;CX;6;7896098902394;38099190;1100800;YPE;4;4,92;4,86;6,09;21,25;23,63;12;1,65;7,6;5,79;7,34;7,55;2,76;23;191;198;526;10;0;6,17;10001;LIMPEZA;10060;CUIDADOS COM A ROUPA;203;AMACIANTES;4,16666666666667;10,1666666666667
1515;AMAC YPE FRESCOR DAS FLORES ULTRA 2L;CX;6;7896098902424;38099190;1100800;YPE;74;4,92;4,92;6,17;21,25;23,63;12;1,65;7,6;5,79;7,34;7,55;2,76;28;158;300;718;13;0;6,17;10001;LIMPEZA;10060;CUIDADOS COM A ROUPA;203;AMACIANTES;74,6666666666667;13,0666666666667
1520;AMAC YPE INTENSO 2L;CX;6;7896098903032;38099190;1100800;YPE;322;4,92;4,92;6,16;21,25;23,63;12;1,65;7,6;5,79;7,34;7,55;2,76;94;913;1330;1558;42;1;6,17;10001;LIMPEZA;10060;CUIDADOS COM A ROUPA;203;AMACIANTES;322,166666666667;42,2333333333333
20933;AMEIXA CALDA OLE LT 130G;CX;12;7891032016960;20089900;1709500;OLE;21;3,54;3,54;4,43;21,25;32,97;12;1,65;7,6;4,01;5,57;5,79;3,81;17;100;108;74;3;0;4,44;2;MERCEARIA DOCE;204;DOCES E SOBREMESAS;6;POTE E COMPOTAS;21,6666666666667;3,13983333333333
24189;AMEIXA CALDA OLE LT 300G;CX;12;7891032016816;20089900;1709500;OLE;25;7,43;6,55;8,19;21,25;32,97;12;1,65;7,6;8,55;9,8;10,19;3,81;3;72;14;18;1;1;8,19;2;MERCEARIA DOCE;204;DOCES E SOBREMESAS;6;POTE E COMPOTAS;25;1,15558333333333
21969;AMEIXA SECA OLE LT 150G;CX;12;7891032017264;20060000;1709300;OLE;37;3,95;3,92;4,91;21,25;28,15;12;1,65;7,6;0,17;6,18;6,39;3,27;1;6;2;34;0;6;4,95;2;MERCEARIA DOCE;204;DOCES E SOBREMESAS;6;POTE E COMPOTAS;37,5;0,466666666666667
7679;AMEIXA SECA OLE LT 500G;CX;12;7891032017103;20060000;1709300;OLE;49;11,43;10,82;13,5;21,25;28,15;12;1,65;7,6;14,51;15,31;15,83;3,27;0;0;4;6;0;36;14,31;2;MERCEARIA DOCE;204;DOCES E SOBREMESAS;6;POTE E COMPOTAS;49,25;0,111083333333333
22237;AMEIXA SECA VALE FERTIL S/SEM D PACK 80G;CX;24;7896272010556;08132020;;VALE FERTIL;102;3;2,78;2,9;12;;12;0;0;3,41;3,9;3,9;0;0;63;32;63;1;2;3,13;2;MERCEARIA DOCE;10090;SAUDÁVEIS/DIET/FIT;2;AVEIAS E GRÃOS;102,333333333333;1,75554166666667
23151;AMENDOIM BRANCO GRANFINO 500G;FD;20;7896016501647;12024200;;GRANFINO;5;4,71;4,71;5,7;21,25;;12;1,65;7,6;5,25;6,75;6,75;0;5;19;25;1;0;0;5,7;2;MERCEARIA DOCE;206;SALGADINHOS E APERITIVOS;1;AMENDOIN E CIA;5;0,5
18888;AMIDO MILHO APTI 200G;CX;24;7896327512615;11081200;;APTI;12;1,72;1,72;2,15;21,25;;12;1,65;7,6;2,18;2,59;2,59;0;19;51;68;52;1;0;2,15;2;MERCEARIA DOCE;204;DOCES E SOBREMESAS;1;CONFEITARIA;12;1,9
18887;AMIDO MILHO APTI 500G;CX;12;7896327512363;11081200;;APTI;47;3,89;3,89;4,87;21,25;;12;1,65;7,6;4,93;5,89;5,89;0;6;13;47;34;1;3;4,87;2;MERCEARIA DOCE;204;DOCES E SOBREMESAS;1;CONFEITARIA;47,25;1,04441666666667
1563;AMIDO MILHO MAIZENA 1KG;CX;20;7894000010038;11081200;;MAIZENA;10;11,62;11,63;14,96;21,25;;12;1,65;7,6;15,97;18,49;18,49;0;0;4;1002;2504;39;0;16,58;10008;FORNECEDORES ESPECIAIS;10101;UNILEVER;4;CONFEITARIA;10,65;39
1564;AMIDO MILHO MAIZENA 200G;CX;50;7894000010014;11081200;;MAIZENA;75;2,36;2,36;3,21;21,25;;12;1,65;7,6;3,6;4,09;4,09;0;58;456;211;343;11;0;4,24;10008;FORNECEDORES ESPECIAIS;10101;UNILEVER;4;CONFEITARIA;75,76;11,23
1565;AMIDO MILHO MAIZENA 500G;CX;40;7894000010021;11081200;;MAIZENA;153;5,76;6,02;7,96;21,25;;12;1,65;7,6;8,59;9,59;9,59;0;12;120;80;1107;14;0;10,12;10008;FORNECEDORES ESPECIAIS;10101;UNILEVER;4;CONFEITARIA;153,6;14,522225
897;AMIDO MILHO MILHENA 200G;CX;50;7898966549007;11081200;;MILHENA;19;1,69;1,69;2,12;21,25;;12;1,65;7,6;2,15;2,59;2,59;0;21;2;50;95;1;0;2,12;2;MERCEARIA DOCE;204;DOCES E SOBREMESAS;1;CONFEITARIA;19,02;1,64312
896;AMIDO MILHO MILHENA 500G;CX;40;7898966549014;11081200;;MILHENA;14;3,35;3,35;4,2;21,25;;12;1,65;7,6;3,87;5,15;5,15;0;13;6;26;48;0;0;4,2;2;MERCEARIA DOCE;204;DOCES E SOBREMESAS;1;CONFEITARIA;14,35;0,89695
11107;APAR BARB PRESTOBARBA 3 ULTRA CF 2UN;CX;144;7500435011297;82121020;2006400;PRESTOBARBA;10;8,11;8,11;8,82;12;19,95;2,75;1,65;7,6;8,69;11,28;11,55;2,34;0;0;4;24;0;0;8,61;4;PERFUMARIA E HIGIENE;402;CUIDADOS COM BARBA;2;LÂMINAS E APARELHOS;10;0,311111111111111
21806;APAR BARB PRESTOBARBA ULTRA CAB MOV 2UN;CX;144;7500435169677;82121020;2006400;PRESTOBARBA;6;5,99;5,98;6,52;12;19,95;2,75;1,65;7,6;6,37;8;8,19;2,34;0;0;3;27;0;0;6,36;4;PERFUMARIA E HIGIENE;402;CUIDADOS COM BARBA;2;LÂMINAS E APARELHOS;6;0,333333333333333
9250;APAR BARB PRESTOBARBA ULTRAGRIP 2UN;CX;288;7500435154420;82121020;2006400;PRESTOBARBA;3;2,56;2,56;3,35;12;19,95;2,75;1,65;7,6;3,58;4,43;4,54;2,34;0;0;3;3;0;0;3,94;4;PERFUMARIA E HIGIENE;402;CUIDADOS COM BARBA;2;LÂMINAS E APARELHOS;3;0,0772361111111111
9500;APAR BARB PROBAK AMARELO 2UN;CX;140;7702018118823;82121020;2006400;PROBAK;1;1,56;1,56;2,05;12;19,95;2,75;1,65;7,6;2,2;2,72;2,79;2,34;0;0;0;0;0;1;2,42;4;PERFUMARIA E HIGIENE;402;CUIDADOS COM BARBA;2;LÂMINAS E APARELHOS;1,18571428571429;0,00777857142857143
2795;APERITIVO CHANCELER 1L;CX;12;7896072911244;22089000;0200100;CHANCELER;2;11,64;11,63;13,99;36,25;;27;1,65;7,6;18,26;18,63;18,63;0;0;0;4;0;0;3;11,71;10005;BEBIDAS;10065;DESTILADOS;12;WHISKY;2;0,0444166666666667
15376;ARROZ CATARINAO BRANCO POLIDO 5KG;FD;6;7898018160099;10063021;;CATARINAO;1;13,72;13,72;13,72;0;;0;0;0;17,01;16,45;16,45;0;0;0;4;232;2;0;13,72;1;MERCEARIA SALGADA;102;COMMODITIES;1;ARROZ;1,83333333333333;2,62216666666667
1754;ARROZ COPARROZ BRANCO T2 1KG;FD;10;7896330801218;10063021;;COPARROZ;291;3,62;3,62;3,77;0;;0;0;0;3,39;4,49;4,49;0;907;2637;2742;3391;97;0;3,77;1;MERCEARIA SALGADA;102;COMMODITIES;1;ARROZ;291,1;97,4622
1755;ARROZ COPARROZ BRANCO T2 5KG;FD;6;7896330801256;10063021;;COPARROZ;627;18,11;18,06;18,83;0;;0;0;0;16,94;22,45;22,45;0;34;796;734;663;24;4;18,83;1;MERCEARIA SALGADA;102;COMMODITIES;1;ARROZ;627,333333333333;24,3796666666667
22373;ARROZ FINO TOQUE BRANCO T1 1KG;FD;10;7897566520676;10063021;;FINO TOQUE;118;3,77;3,77;3,93;0;;0;0;0;3,1;4,29;4,29;0;18;194;319;66;6;1;3,93;1;MERCEARIA SALGADA;102;COMMODITIES;1;ARROZ;118,2;6,4433
22321;ARROZ FINO TOQUE BRANCO T1 5KG;FD;6;7897566520683;10063021;;FINO TOQUE;24;18,86;17,21;17,95;0;;0;0;0;15,48;21,45;21,45;0;2;140;63;78;3;1;19,67;1;MERCEARIA SALGADA;102;COMMODITIES;1;ARROZ;24,5;3,12966666666667
22319;ARROZ FINO TOQUE PARBOILIZADO T1 1KG;FD;10;7897566520690;10063011;;FINO TOQUE;2;3,77;3,77;3,93;0;;0;0;0;3,1;4,29;4,29;0;12;131;191;8;3;0;3,93;1;MERCEARIA SALGADA;102;COMMODITIES;1;ARROZ;2,1;3,6767
22320;ARROZ FINO TOQUE PARBOILIZADO T1 5KG;FD;6;7897566520706;10063011;;FINO TOQUE;25;18,86;17,64;18,38;0;;0;0;0;14,57;21,45;21,45;0;0;37;4;11;0;7;19,67;1;MERCEARIA SALGADA;102;COMMODITIES;1;ARROZ;25;0,577833333333333
1032;ARROZ PRINCESA BRANCO T1 1KG;FD;10;7896015211219;10063021;;PRINCESA;137;3,51;3,51;3,51;0;;0;0;0;3,51;4,58;4,58;0;120;701;123;584;15;0;3,51;1;MERCEARIA SALGADA;102;COMMODITIES;1;ARROZ;137,2;15,6611
1030;ARROZ PRINCESA BRANCO T1 5KG;FD;6;7896015211257;10063021;;PRINCESA;114;17,57;17,57;17,57;0;;0;0;0;17,57;22,9;22,9;0;72;201;0;398;6;2;17,57;1;MERCEARIA SALGADA;102;COMMODITIES;1;ARROZ;114,666666666667;6,6555
1034;ARROZ PRINCESA INTEGRAL T1 1KG;FD;10;7896015213718;10062010;1006800;PRINCESA;1;3,57;3,52;3,52;0;;0;0;0;3,49;4,19;4,19;0;0;0;26;27;0;0;3,57;1;MERCEARIA SALGADA;102;COMMODITIES;1;ARROZ;1,2;0,5944
1027;ARROZ PRINCESA PARB T1 1KG;FD;10;7896015223113;10063011;;PRINCESA;203;3,51;3,51;3,51;0;;0;0;0;3,51;4,58;4,58;0;171;608;0;818;15;1;3,51;1;MERCEARIA SALGADA;102;COMMODITIES;1;ARROZ;203;15,8622
1018;ARROZ PRINCESA PARB T1 5KG;FD;6;7896015223151;10063011;;PRINCESA;81;17,57;17,54;17,55;0;;0;0;0;17,57;22,9;22,9;0;9;145;44;282;5;2;17,57;1;MERCEARIA SALGADA;102;COMMODITIES;1;ARROZ;81,8333333333333;5,23333333333333
3381;ARROZ ROZCATO BRANCO T1 1KG;FD;10;7896049902107;10063021;;ROZCATO;1462;3,58;3,56;3,71;0;;0;0;0;3,07;3,98;3,98;0;221;555;206;0;8;17;3,73;1;MERCEARIA SALGADA;102;COMMODITIES;1;ARROZ;1462;8,4556
3385;ARROZ ROZCATO BRANCO T1 5KG;FD;6;7896049902503;10063021;1006800;ROZCATO;483;17,9;16,66;17,37;0;;0;0;0;15,35;19,9;19,9;0;24;73;24;0;1;74;18,67;1;MERCEARIA SALGADA;102;COMMODITIES;1;ARROZ;483;1,07783333333333
3384;ARROZ ROZCATO PARB T1 1KG;FD;10;7896049901100;10063011;;ROZCATO;740;3,58;3,56;3,71;0;;0;0;0;3,07;3,98;3,98;0;166;340;54;0;4;16;3,73;1;MERCEARIA SALGADA;102;COMMODITIES;1;ARROZ;740;4,3778
3382;ARROZ ROZCATO PARB T1 5KG;FD;6;7896049901506;10063011;;ROZCATO;169;17,9;17,78;18,53;0;;0;0;0;15,35;19,9;19,9;0;4;99;72;0;1;14;18,67;1;MERCEARIA SALGADA;102;COMMODITIES;1;ARROZ;169;1,9
302;ARROZ TIO JOAO BRANCO T1 1KG;FD;30;7893500020110;10063021;;TIO JOAO;761;6,2;6,05;6,06;0;;0;0;0;5,63;6,79;6,79;0;160;500;482;689;18;1;6,2;1;MERCEARIA SALGADA;102;COMMODITIES;1;ARROZ;761,5;18,5837
304;ARROZ TIO JOAO BRANCO T1 5KG;FD;6;7893500020158;10063021;;TIO JOAO;237;31;29,63;29,78;0;;0;0;0;28,17;33,95;33,95;0;11;124;77;123;3;10;31;1;MERCEARIA SALGADA;102;COMMODITIES;1;ARROZ;237,166666666667;3,61483333333333
23163;ASPARGO BRANCO VALE FERTIL CONS VD 205G;CX;12;7896272005804;20056000;1709200;VALE FERTIL;15;11,15;11,02;12,65;21,25;34,33;12;1,65;7,6;14,16;15,26;15,89;3,96;2;2;5;0;0;16;12,8;1;MERCEARIA SALGADA;103;CONSERVAS;3;OUTROS VEGETAIS;15;0,07775
23775;ASPARGOS TIO PACO 205G;CX;12;7898174851435;20056000;1709200;TIO PACO;7;14,68;14,68;16,84;21,25;34,33;12;1,65;7,6;18,64;20,64;21,49;3,94;0;0;0;1;0;52;16,48;1;MERCEARIA SALGADA;103;CONSERVAS;3;OUTROS VEGETAIS;7;0,0110833333333333
15600;ATUM 88 RALADO EM OLEO LT 140G;CX;24;7891167040403;16042010;1708001;88;115;3,93;3,93;4,92;21,25;23,85;12;1,65;7,6;4,99;6,31;6,49;2,78;3;44;24;54;1;3;4,92;1;MERCEARIA SALGADA;103;CONSERVAS;7;PEIXE EM CONSERVA;115;1,35554166666667
24236;ATUM 88 RALADO MOLHO TOMATE LT 140G;CX;24;7891167040427;16042010;1708001;88;41;3,93;3,93;4,92;21,25;23,85;12;1,65;7,6;4,99;6,31;6,49;2,78;2;18;21;10;0;3;4,92;1;MERCEARIA SALGADA;103;CONSERVAS;7;PEIXE EM CONSERVA;41,5;0,544458333333333
24235;ATUM 88 RALADO NATURAL LT 140G;CX;24;7891167040410;16042010;1708001;88;87;3,93;3,93;4,92;21,25;23,85;12;1,65;7,6;4,99;6,31;6,49;2,78;4;28;27;34;0;3;4,92;1;MERCEARIA SALGADA;103;CONSERVAS;7;PEIXE EM CONSERVA;87;0,988875
3017;ATUM GOMES COSTA PEDACOS OLEO LT 170G;CX;24;7891167011717;16041410;1708000;GOMES DA COSTA;7;5,93;5,93;7,42;21,25;23,85;12;1,65;7,6;6,4;9;9,26;2,78;3;1;10;7;0;1;7,42;1;MERCEARIA SALGADA;103;CONSERVAS;7;PEIXE EM CONSERVA;7;0,2
3020;ATUM GOMES COSTA RALADO NAT LT 170G;CX;24;7891167011779;16042010;1708100;GOMES DA COSTA;8;4,68;4,68;5,86;21,25;23,85;12;1,65;7,6;5,05;7,26;7,47;2,78;0;5;8;13;0;1;5,86;1;MERCEARIA SALGADA;103;CONSERVAS;7;PEIXE EM CONSERVA;8;0,288875
20337;ATUM GOMES COSTA RALADO OLEO DEF LT 170G;CX;24;7891167012103;16042010;1708001;GOMES DA COSTA;4;4,68;4,68;5,86;21,25;23,85;12;1,65;7,6;5,05;7,28;7,49;2,78;0;5;0;0;0;3;5,86;1;MERCEARIA SALGADA;103;CONSERVAS;7;PEIXE EM CONSERVA;4,91666666666667;0,0555416666666667
3021;ATUM GOMES COSTA RALADO TOMATE LT 170G;CX;24;7891167011953;16042010;1708001;GOMES DA COSTA;11;4,68;4,68;5,86;21,25;23,85;12;1,65;7,6;5,94;7,28;7,49;2,78;1;1;4;13;0;2;5,86;1;MERCEARIA SALGADA;103;CONSERVAS;7;PEIXE EM CONSERVA;11;0,2
14018;ATUM NAUTIQUE PEDACOS OLEO UNICA LT 170G;CX;24;7898342050585;16041410;1708001;NAUTIQUE;64;4,43;4,43;5,54;21,25;23,85;12;1,65;7,6;5,62;6,71;6,9;2,78;0;2;8;26;0;6;5,54;1;MERCEARIA SALGADA;103;CONSERVAS;7;PEIXE EM CONSERVA;64;0,4
19259;ATUM NAUTIQUE RALADO NAT UNICA 170G;CX;24;7898342050868;16042010;1708001;NAUTIQUE;12;4,33;4,29;5,38;21,25;23,85;12;1,65;7,6;5,49;6,6;6,79;2,78;0;0;0;9;0;5;5,42;1;MERCEARIA SALGADA;103;CONSERVAS;7;PEIXE EM CONSERVA;12;0,1
16758;ATUM NAUTIQUE RALADO OLEO UNICA LT 170G;CX;24;7898342050851;16042010;1708001;NAUTIQUE;32;4,19;4,21;5,27;21,25;23,85;12;1,65;7,6;5,2;6,71;6,9;2,78;0;0;0;19;0;6;5,25;1;MERCEARIA SALGADA;103;CONSERVAS;7;PEIXE EM CONSERVA;32;0,211125
14019;ATUM NAUTIQUE SOLIDO NAT UNICA LT 170G;CX;24;7898342050318;16041410;1708000;NAUTIQUE;694;4,82;4,8;6,01;21,25;23,85;12;1,65;7,6;6,13;7,57;7,79;2,78;1;24;509;31;6;4;6,04;1;MERCEARIA SALGADA;103;CONSERVAS;7;PEIXE EM CONSERVA;694;6,26666666666667
11146;ATUM NAUTIQUE SOLIDO OLEO UNICA LT 170G;CX;24;7898342050325;16041410;1708000;NAUTIQUE;40;4,96;4,96;6,21;21,25;23,85;12;1,65;7,6;6,3;7,76;7,98;2,78;15;7;1;28;0;4;6,21;1;MERCEARIA SALGADA;103;CONSERVAS;7;PEIXE EM CONSERVA;40;0,4
21118;ATUM OLE RALADO OLEO LT 170G;CX;24;7891032013907;16042010;1708001;OLE;9;4,93;4,75;5,11;21,25;23,85;12;1,65;7,6;6,26;6,6;6,79;2,78;2;1;1;1;0;12;4,93;1;MERCEARIA SALGADA;103;CONSERVAS;7;PEIXE EM CONSERVA;9,75;0,0333333333333333
21119;ATUM OLE SOLIDO OLEO LT 170G;CX;24;7891032013914;16042010;1708000;OLE;16;7,88;7,5;8,1;21,25;23,85;12;1,65;7,6;10,01;9,9;10,18;2,78;0;0;0;11;0;5;7,88;1;MERCEARIA SALGADA;103;CONSERVAS;7;PEIXE EM CONSERVA;16,75;0,122208333333333
17101;ATUM SOLANO GARCIA SOL AZEITON AZ O 170G;CX;24;7898342050394;16041410;1708000;SOLANO GARCIA;5;7,49;7,49;9,38;21,25;23,85;12;1,65;7,6;9,51;11,66;11,99;2,78;0;0;0;0;0;;9,38;1;MERCEARIA SALGADA;103;CONSERVAS;7;PEIXE EM CONSERVA;5;0
17483;AVEIA APTI FLOCOS 150G;CX;12;7896327501855;11041200;;APTI;99;1,89;1,89;2,37;21,25;;12;1,65;7,6;2,4;2,89;2,89;0;17;39;105;65;2;3;2,37;2;MERCEARIA DOCE;10090;SAUDÁVEIS/DIET/FIT;2;AVEIAS E GRÃOS;99;2,32225
17482;AVEIA APTI FLOCOS FINOS 150G;CX;12;7896327501879;11041200;;APTI;65;1,89;1,89;2,37;21,25;;12;1,65;7,6;2,4;2,89;2,89;0;18;52;83;67;2;2;2,37;2;MERCEARIA DOCE;10090;SAUDÁVEIS/DIET/FIT;2;AVEIAS E GRÃOS;65;2,24441666666667
21685;AVEIA ITALAC FLOCOS FINOS 165G;CX;12;7898080643179;11041200;;ITALAC;12;2,1;2,1;2,63;21,25;;12;1,65;7,6;2,37;3,29;3,29;0;1;24;68;32;1;0;2,63;2;MERCEARIA DOCE;10090;SAUDÁVEIS/DIET/FIT;2;AVEIAS E GRÃOS;12;1,37775
24281;AVEIA NATURALE FLOCOS 170G;CX;24;7898055421504;11041200;;NATURALE;313;1,3;1,3;1,65;21,25;;12;1,65;7,6;1,67;2,05;2,05;0;152;398;384;368;12;1;1,75;2;MERCEARIA DOCE;10090;SAUDÁVEIS/DIET/FIT;2;AVEIAS E GRÃOS;313,041666666667;12,8083333333333
24280;AVEIA NATURALE FLOCOS FINOS 170G;CX;24;7898055421511;11041200;;NATURALE;277;1,3;1,3;1,65;21,25;;12;1,65;7,6;1,67;2,05;2,05;0;71;480;508;349;14;0;1,75;2;MERCEARIA DOCE;10090;SAUDÁVEIS/DIET/FIT;2;AVEIAS E GRÃOS;277;14,8555416666667
4543;AVEIA NATURALE FLOCOS FINOS 200G;CX;24;7898055420828;11041200;;NATURALE;6;1,4;1,4;1,7;21,25;;12;1,65;7,6;1,72;2,09;2,09;0;0;8;1;1;0;2;1,7;2;MERCEARIA DOCE;10090;SAUDÁVEIS/DIET/FIT;2;AVEIAS E GRÃOS;6;0,11575
14174;AVEIA QUAKER FLOCOS FINO 165G;CX;28;7892840815769;11041200;;QUAKER;352;2,63;2,63;3,32;21,25;;12;1,65;7,6;3,5;4,29;4,29;0;201;621;460;574;18;0;3,45;10008;FORNECEDORES ESPECIAIS;10099;PEPSICO;2;AVEIAS E GRÃOS;352,642857142857;18,4043571428571
14173;AVEIA QUAKER FLOCOS REG 165G;CX;28;7892840815752;11041200;;QUAKER;426;2,63;2,63;3,32;21,25;;12;1,65;7,6;3,5;4,29;4,29;0;126;602;372;531;16;0;3,45;10008;FORNECEDORES ESPECIAIS;10099;PEPSICO;2;AVEIAS E GRÃOS;426,178571428571;16,7321428571429
15778;AZEITE ANDORINHA EV COLHEITA VD 500ML;CX;12;5601024021498;15092000;1706700;ANDORINHA;35;23,46;23,46;24,44;12;16,3;12;0;0;30,67;30,4;30,99;1,92;0;0;0;8;0;29;24,44;10006;ALTO GIRO;10085;ÓLEOS E AZEITES;21;AZEITE EXTRA VIRGEM;35;0,0981666666666667
11286;AZEITE ANDORINHA EV LT 500ML;CX;20;5601216110146;15092000;1706700;ANDORINHA;50;18,15;18,15;19;12;16,3;12;0;0;23,07;22,55;22,99;1,92;2;21;3;10;0;6;21,15;10006;ALTO GIRO;10085;ÓLEOS E AZEITES;21;AZEITE EXTRA VIRGEM;50,35;0,385
8296;AZEITE ANDORINHA EV ORGANICO VD 500ML;CX;12;5601024022020;15092000;1706700;ANDORINHA;138;25,95;25,96;27,03;12;16,3;12;0;0;29,49;35,3;35,99;1,92;2;155;150;112;4;2;27,03;10006;ALTO GIRO;10085;ÓLEOS E AZEITES;21;AZEITE EXTRA VIRGEM;138;4,63333333333333
7774;AZEITE ANDORINHA EV SELECAO VD 500ML;CX;12;5601024022013;15092000;1706700;ANDORINHA;149;21,79;21,8;22,71;12;16,3;12;0;0;24,76;27,45;27,99;1,92;42;46;31;68;1;7;22,7;10006;ALTO GIRO;10085;ÓLEOS E AZEITES;21;AZEITE EXTRA VIRGEM;149;1,61108333333333
7981;AZEITE ANDORINHA EV SPRAY 200ML;CX;18;5601216054969;15092000;1706700;ANDORINHA;1;16,22;15,58;16,22;12;16,3;12;0;0;17,69;22,06;22,49;1,92;6;221;186;128;5;0;16,22;10006;ALTO GIRO;10085;ÓLEOS E AZEITES;21;AZEITE EXTRA VIRGEM;1,72222222222222;5,94444444444444
5839;AZEITE ANDORINHA EV VD 250ML;CX;12;5601216120053;15092000;1706700;ANDORINHA;943;12,11;11,63;12,11;12;16,3;12;0;0;13,21;15,2;15,5;1,92;189;558;700;1022;25;3;12,11;10006;ALTO GIRO;10085;ÓLEOS E AZEITES;21;AZEITE EXTRA VIRGEM;943,083333333333;25,34075
1768;AZEITE ANDORINHA EV VD 500ML;CX;12;5601216120152;15092000;1706700;ANDORINHA;1849;19,9;19,98;20,82;12;16,3;12;0;0;23,07;25,98;26,49;1,92;249;4009;3301;3926;124;1;21,15;10006;ALTO GIRO;10085;ÓLEOS E AZEITES;21;AZEITE EXTRA VIRGEM;1849,91666666667;124,851833333333
8295;AZEITE ANDORINHA EV VINTAGE VD 500ML;CX;12;5601216120336;15092000;1706700;ANDORINHA;4;24,91;24,91;25,95;12;16,3;12;0;0;28,31;32,36;32,99;1,92;0;117;28;218;4;0;25,95;10006;ALTO GIRO;10085;ÓLEOS E AZEITES;21;AZEITE EXTRA VIRGEM;4;4,03333333333333
7245;AZEITE ANDORINHA TRAD LT 200ML;CX;24;5601216110016;15099090;1706700;ANDORINHA;36;8,54;8,22;8,54;12;16,3;12;0;0;9,17;9,8;9,99;1,92;21;104;116;115;3;0;8,54;10006;ALTO GIRO;10085;ÓLEOS E AZEITES;22;AZEITE PURO;36;3,73241666666667
7556;AZEITE ANDORINHA TRAD LT 500ML;CX;20;5601216110023;15099090;1706700;ANDORINHA;64;16,55;16,06;16,55;12;16,3;12;0;0;32,98;19,61;19,99;1,92;4;58;43;146;2;1;16,55;10006;ALTO GIRO;10085;ÓLEOS E AZEITES;22;AZEITE PURO;64;2,74445
18119;AZEITE ANDORINHA UNICO PET 500ML;CX;12;5601024033965;15099090;1706700;ANDORINHA;1500;12,96;12,96;13,5;12;16,3;12;0;0;29,02;16,66;16,99;1,92;0;0;0;0;0;;13,5;10006;ALTO GIRO;10085;ÓLEOS E AZEITES;22;AZEITE PURO;1500;0
3428;AZEITE BORGES EV VD 500ML;CX;12;8410179100036;15092000;1706700;BORGES;8;17,66;17,7;18,43;12;16,3;12;0;0;22,43;22,55;22,99;1,92;259;758;715;584;22;0;18,59;10006;ALTO GIRO;10085;ÓLEOS E AZEITES;21;AZEITE EXTRA VIRGEM;8,5;22,86575
7768;AZEITE COCINERO EV PET 500ML;CX;12;7790070218216;15092000;1706700;COCINERO;2;17,74;17,74;18,48;12;16,3;12;0;0;20,16;21,57;21,99;1,92;0;110;61;11;2;0;18,48;10006;ALTO GIRO;10085;ÓLEOS E AZEITES;21;AZEITE EXTRA VIRGEM;2;2,02225
1770;AZEITE DENDE CASTELINHO TRAD PET 200ML;CX;6;7896649800124;15119000;1707500;CASTELINHO;6;5,4;5,4;6;12;;12;0;0;5,45;7,3;7,3;0;19;52;47;34;1;0;6;10006;ALTO GIRO;10085;ÓLEOS E AZEITES;24;OLEO ESPECIAL;6;1,47783333333333
11258;AZEITE GALLO EV CLASSICO LT 200ML;CX;40;5601252100972;15092000;1706700;GALLO;84;10,89;10,39;10,82;12;16,3;12;0;0;12,14;13,72;13,99;1,92;28;27;91;22;1;1;10,89;10006;ALTO GIRO;10085;ÓLEOS E AZEITES;21;AZEITE EXTRA VIRGEM;84,025;1,560825
1771;AZEITE GALLO EV CLASSICO VD 500ML;CX;20;5601252231164;15092000;1706700;GALLO;1083;20,3;20,47;21,32;12;16,3;12;0;0;23,83;25,49;25,99;1,92;759;1035;860;1765;40;1;21,15;10006;ALTO GIRO;10085;ÓLEOS E AZEITES;21;AZEITE EXTRA VIRGEM;1083,5;40,68055
24648;AZEITE GALLO EV DO S JEITO SQZ 500ML;CX;6;5601252121502;15092000;1706700;GALLO;39;20,83;20,83;21,7;12;16,3;12;0;0;23,67;26,47;26,99;1,92;5;6;0;0;0;97;21,7;10006;ALTO GIRO;10085;ÓLEOS E AZEITES;21;AZEITE EXTRA VIRGEM;39;0,0666666666666667
8549;AZEITE GALLO EV LT 500ML;CX;20;5601252100804;15092000;1706700;GALLO;5;24,45;24,61;25,63;12;16,3;12;0;0;27,78;32,17;32,8;1,92;0;2;6;4;0;1;25,47;10006;ALTO GIRO;10085;ÓLEOS E AZEITES;21;AZEITE EXTRA VIRGEM;5;0,13335
11580;AZEITE GALLO EV RESERVA VD 500ML;CX;20;5601252102815;15092000;1706700;GALLO;39;26,86;26,92;28,06;12;16,3;12;0;0;31,01;33,34;33,99;1,92;1;26;10;58;1;1;28,43;10006;ALTO GIRO;10085;ÓLEOS E AZEITES;21;AZEITE EXTRA VIRGEM;39,65;1,04835
7159;AZEITE GALLO EV VD 250ML;CX;20;5601252102433;15092000;1706700;GALLO;235;11,18;11,19;11,65;12;16,3;12;0;0;12,7;14,7;14,99;1,92;180;889;731;702;25;0;11,65;10006;ALTO GIRO;10085;ÓLEOS E AZEITES;21;AZEITE EXTRA VIRGEM;235,4;25,80555
21466;AZEITE GALLO OLIVA TU DIA A DIA VD 400ML;CX;20;5601252120215;15099090;1706700;GALLO;63;15,09;15,12;15,75;12;16,3;12;0;0;17,15;19,12;19,49;1,92;88;80;105;194;4;0;15,72;10006;ALTO GIRO;10085;ÓLEOS E AZEITES;23;OLEO COMPOSTO;63,1;4,23055
1773;AZEITE GALLO TIPO UNICO VD 500ML;CX;20;5601252106103;15099090;1706700;GALLO;4300;15,22;15,23;15,9;12;16,3;12;0;0;18,26;21,57;21,99;1,92;1831;1881;4836;7354;156;1;16,74;10006;ALTO GIRO;10085;ÓLEOS E AZEITES;22;AZEITE PURO;4300,55;156,3528
4364;AZEITE GALLO UNICO LT 200ML;CX;40;5601252231058;15099090;1706700;GALLO;79;8,03;8,1;8,43;12;16,3;12;0;0;9,13;10,78;10,99;1,92;42;274;174;215;7;0;8,36;10006;ALTO GIRO;10085;ÓLEOS E AZEITES;22;AZEITE PURO;79;7,366675
1772;AZEITE GALLO UNICO LT 500ML;CX;20;5601252231287;15099090;1706700;GALLO;97;18,74;18,75;19,53;12;16,3;12;0;0;21,3;24,02;24,49;1,92;32;39;11;29;0;5;19,52;10006;ALTO GIRO;10085;ÓLEOS E AZEITES;22;AZEITE PURO;97;0,8778
6945;AZEITE GALLO UNICO VD 250ML;CX;20;5601252106288;15099090;1706700;GALLO;1242;9,55;9,55;9,95;12;16,3;12;0;0;10,85;12,54;12,79;1,92;228;811;952;868;29;2;9,95;10006;ALTO GIRO;10085;ÓLEOS E AZEITES;22;AZEITE PURO;1242,7;29,23335
24348;AZEITE GOMES DA COSTA EV VD 500ML;CX;12;7891167000001;15092000;1706700;GOMES DA COSTA;103;17,13;17,13;17,85;12;16,3;12;0;0;19,67;21,57;21,99;1,92;0;35;27;35;1;7;18,04;10006;ALTO GIRO;10085;ÓLEOS E AZEITES;21;AZEITE EXTRA VIRGEM;103;1,07775
15849;AZEITE OLAVE EV PREM B VD 500ML;CX;12;7808760900072;15092000;1706700;OLAVE;23;19,78;19,01;19,78;12;16,3;12;0;0;20,68;24,52;25;1,92;0;2;12;2;0;10;19,78;10006;ALTO GIRO;10085;ÓLEOS E AZEITES;21;AZEITE EXTRA VIRGEM;23;0,17775
16661;AZEITE OLIVEIRA SERRA EV VD 500ML;CX;12;5601024122270;15092000;1706700;OLIVEIRA DA SERRA;1527;18,32;17,63;18,31;12;16,3;12;0;0;20,12;22,06;22,49;1,92;233;674;1465;191;25;4;18,32;10006;ALTO GIRO;10085;ÓLEOS E AZEITES;21;AZEITE EXTRA VIRGEM;1527,91666666667;25,8963333333333
24414;AZEITE PORTA 6 EV VD 500ML;CX;6;5601996798541;15092000;1706700;PORTA 6;3399;20,01;20,01;20,01;12;16,3;12;0;0;21,87;30,4;30,99;1,92;5;104;1;0;1;485;;10006;ALTO GIRO;10085;ÓLEOS E AZEITES;21;AZEITE EXTRA VIRGEM;3399;1,16666666666667
22209;AZEITE ROSSIO EV FRUT ABT 500ML;CX;6;5601252120741;15092000;1706700;ROSSIO (GALLO);19;38,79;38,92;40,63;12;16,3;12;0;0;46,72;50,51;51,49;1,92;6;0;0;18;0;15;42,82;10006;ALTO GIRO;10085;ÓLEOS E AZEITES;21;AZEITE EXTRA VIRGEM;19;0,2
22210;AZEITE ROSSIO EV MADU ABT 500ML;CX;6;5601252120765;15092000;1706700;ROSSIO (GALLO);41;38,79;38,92;40,63;12;16,3;12;0;0;45,33;50,87;51,86;1,92;1;0;0;6;0;102;42,82;10006;ALTO GIRO;10085;ÓLEOS E AZEITES;21;AZEITE EXTRA VIRGEM;41;0,0666666666666667
22208;AZEITE ROSSIO EV VERD ABT 500ML;CX;6;5601252120727;15092000;1706700;ROSSIO (GALLO);42;38,79;38,99;40,69;12;16,3;12;0;0;45,33;50,87;51,86;1,92;1;0;0;6;0;105;42,82;10006;ALTO GIRO;10085;ÓLEOS E AZEITES;21;AZEITE EXTRA VIRGEM;42;0,0666666666666667
9789;AZEITE SERRATA EV SELECAO 0,5% VD 500ML;CX;12;5601941000576;15092000;1706700;SERRATA;8;17,61;17,2;17,61;12;16,3;12;0;0;19,46;22,55;22,99;1,92;8;303;46;2972;36;0;17,61;10006;ALTO GIRO;10085;ÓLEOS E AZEITES;21;AZEITE EXTRA VIRGEM;8,41666666666667;36,9
24006;AZEITE VILA FLOR EXT V 0,5% VD 500ML;CX;12;5601941002075;15092000;1706700;VILA FLOR;3;16,48;16,48;17,17;12;16,3;12;0;0;17,95;22,98;23,43;1,92;0;0;0;2;0;11;17,17;10006;ALTO GIRO;10085;ÓLEOS E AZEITES;21;AZEITE EXTRA VIRGEM;3;0,02225
22183;AZEITONA GALLO VER FAT DOY PACK 150G;CX;24;5601252120390;20057000;1709200;GALLO;8;4,79;4,77;5,28;21,25;34,33;12;1,65;7,6;5,84;6,71;6,99;3,96;0;12;82;32;1;0;5,28;1;MERCEARIA SALGADA;103;CONSERVAS;1;AZEITONAS;8,95833333333333;1,4
22412;AZEITONA GALLO VER FATIADA VD 160G;CX;24;5601252120338;20057000;1709200;GALLO;55;7,19;7,19;8,25;21,25;34,33;12;1,65;7,6;8,71;10,08;10,5;3,96;1;18;32;10;0;3;8,25;1;MERCEARIA SALGADA;103;CONSERVAS;1;AZEITONAS;55;0,666666666666667
22184;AZEITONA GALLO VERDE C/CAR DOY PACK 180G;CX;24;5601252120352;20057000;1709200;GALLO;117;4,18;4,18;4,8;21,25;34,33;12;1,65;7,6;5,31;6,04;6,29;3,96;3;18;29;29;0;5;4,8;1;MERCEARIA SALGADA;103;CONSERVAS;1;AZEITONAS;117;0,855083333333333
22185;AZEITONA GALLO VERDE S/CAR DOY PACK 150G;CX;24;5601252120376;20057000;1709200;GALLO;53;4,6;4,6;5,28;21,25;34,33;12;1,65;7,6;5,84;6,71;6,99;3,96;9;55;61;6;1;1;5,28;1;MERCEARIA SALGADA;103;CONSERVAS;1;AZEITONAS;53;1,35554166666667
15536;AZEITONA OLE VER FAT SH 120G;CX;36;7891032014324;20057000;1709200;OLE;69;3,11;3,13;3,6;21,25;34,33;12;1,65;7,6;3,95;4,7;4,89;3,96;57;50;107;74;2;0;3,57;1;MERCEARIA SALGADA;103;CONSERVAS;1;AZEITONAS;69,0555555555556;2,56666666666667
17065;AZEITONA OLE VER FAT VD 130G;CX;12;7891032014362;20057000;1709200;OLE;7;5;5,09;6,38;21,25;34,33;12;1,65;7,6;5,39;7,83;8,15;3,94;0;5;6;5;0;3;6,26;1;MERCEARIA SALGADA;103;CONSERVAS;1;AZEITONAS;7;0,17775
17162;AZEITONA OLE VER RECH VD 140G;CX;12;7891032014379;20057000;1709200;OLE;36;5,53;5,77;7,02;21,25;34,33;12;1,65;7,6;7,02;8,78;9,14;3,94;5;1;3;2;0;45;6,92;1;MERCEARIA SALGADA;103;CONSERVAS;1;AZEITONAS;36;0,0666666666666667
17064;AZEITONA OLE VER S/CAR VD 120G;CX;12;7891032014355;20057000;1709200;OLE;37;4,89;4,95;6,2;21,25;34,33;12;1,65;7,6;6,21;7,65;7,97;3,96;0;13;7;5;0;11;6,12;1;MERCEARIA SALGADA;103;CONSERVAS;1;AZEITONAS;37;0,27775
15532;AZEITONA OLE VER SH 100G;CX;36;7891032014249;20057000;1709200;OLE;6;1,98;1,98;2,28;21,25;34,33;12;1,65;7,6;0,06;2,86;2,98;3,96;30;6;104;89;2;0;2,28;1;MERCEARIA SALGADA;103;CONSERVAS;1;AZEITONAS;6;2,22994444444444
16375;AZEITONA OLE VER VD 100G;CX;12;7891032014256;20057000;1709200;OLE;41;3,41;3,42;4,28;21,25;34,33;12;1,65;7,6;4,34;5,47;5,7;3,96;4;2;6;1;0;34;4,28;1;MERCEARIA SALGADA;103;CONSERVAS;1;AZEITONAS;41;0,1
17720;AZEITONA OLE VER VD 140G;CX;12;7891032014348;20057000;1709200;OLE;19;4,58;4,48;5,6;21,25;34,33;12;1,65;7,6;5,82;7,06;7,35;3,94;0;2;4;2;0;17;5,98;1;MERCEARIA SALGADA;103;CONSERVAS;1;AZEITONAS;19;0,0889166666666667
15530;AZEITONA OLE VER VD 500G;CX;12;7891032014157;20057000;1709200;OLE;73;10,77;11,35;14,21;21,25;34,33;12;1,65;7,6;13,68;17,1;17,8;3,94;2;2;3;0;0;109;13,49;1;MERCEARIA SALGADA;103;CONSERVAS;1;AZEITONAS;73;0,0555833333333333
2186;AZEITONA PALISTINHA VERDE SH 80G;CX;40;7898920222052;20057000;1709200;PALISTINHA;402;1,36;1,29;1,49;21,25;34,33;12;1,65;7,6;1,53;1,9;1,98;3,96;62;423;372;481;14;0;1,5;1;MERCEARIA SALGADA;103;CONSERVAS;1;AZEITONAS;402,225;14,177775
24153;AZEITONA PREDILECTA VER S/CAR ST UP 120G;CX;24;7896292314887;20057000;1709200;PREDILECTA;31;3,42;3,42;3,93;21,25;34,33;12;1,65;7,6;4,15;4,89;5,09;3,96;0;4;3;8;0;7;3,93;1;MERCEARIA SALGADA;103;CONSERVAS;1;AZEITONAS;31;0,166666666666667
24151;AZEITONA PREDILECTA VERD RECH ST UP 150G;CX;24;7896292314863;20057000;1709200;PREDILECTA;34;4,33;4,33;4,97;21,25;34,33;12;1,65;7,6;5,25;6,23;6,49;3,96;0;3;8;1;0;10;4,97;1;MERCEARIA SALGADA;103;CONSERVAS;1;AZEITONAS;34;0,133333333333333
24152;AZEITONA PREDILECTA VERDE FAT ST UP 120G;CX;24;7896292314870;20057000;1709200;PREDILECTA;23;3,26;3,26;3,74;21,25;34,33;12;1,65;7,6;3,95;4,7;4,89;3,96;0;9;0;5;0;6;3,74;1;MERCEARIA SALGADA;103;CONSERVAS;1;AZEITONAS;23;0,155541666666667
24154;AZEITONA PREDILECTA VERDE SACHET 80G;CX;24;7896292327986;20057000;1709200;PREDILECTA;9;1,45;1,45;1,67;21,25;34,33;12;1,65;7,6;1,76;2,1;2,19;3,96;0;10;16;4;0;1;1,67;1;MERCEARIA SALGADA;103;CONSERVAS;1;AZEITONAS;9;0,333333333333333
2559;AZEITONA PREDILECTA VERDE ST UP 100G;CX;24;7896292310100;20057000;1709200;PREDILECTA;17;1,85;1,85;2,12;21,25;34,33;12;1,65;7,6;2,24;2,68;2,79;3,96;0;12;6;3;0;3;2,12;1;MERCEARIA SALGADA;103;CONSERVAS;1;AZEITONAS;17;0,233333333333333
2562;AZEITONA PREDILECTA VERDE ST UP 200G;CX;24;7896292308794;20057000;1709200;PREDILECTA;34;3,55;3,55;4,08;21,25;34,33;12;1,65;7,6;4,31;5,08;5,29;3,96;2;2;0;1;0;42;4,08;1;MERCEARIA SALGADA;103;CONSERVAS;1;AZEITONAS;34;0,0333333333333333
24156;AZEITONA PREDILECTA VERDE ST UP 500G;CX;12;7896292300804;20057000;1709200;PREDILECTA;40;10,24;10,24;11,75;21,25;34,33;12;1,65;7,6;13;14,31;14,9;3,96;0;1;0;0;0;156;11,75;1;MERCEARIA SALGADA;103;CONSERVAS;1;AZEITONAS;40;0,0213333333333333
22372;AZEITONA RIVOLI PRETA AZAPA PREM VD 300G;CX;12;7896183000271;20057000;1709200;RIVOLI;52;18,91;18,29;20,83;21,25;34,33;12;1,65;7,6;24,01;24,75;25,77;3,94;0;8;0;1;0;44;20,83;1;MERCEARIA SALGADA;103;CONSERVAS;1;AZEITONAS;52,9166666666667;0,1
20874;AZEITONA RIVOLI VER R/PIM DOY PAC 1,01KG;CX;6;7896183003425;20057000;1709201;RIVOLI;8;21,99;30,37;35,14;21,25;;12;1,65;7,6;30,27;39;39;0;0;0;0;0;0;;26,62;1;MERCEARIA SALGADA;103;CONSERVAS;1;AZEITONAS;8,66666666666667;0
20244;AZEITONA RIVOLI VERD C/CAR VIDRO 200G;CX;24;7896183001025;20057000;1709200;RIVOLI;1;3,04;2,82;3,35;21,25;34,33;12;1,65;7,6;7,71;3,69;3,83;3,61;0;0;165;1;1;0;3,35;1;MERCEARIA SALGADA;103;CONSERVAS;1;AZEITONAS;1,70833333333333;1,84445833333333
20255;AZEITONA RIVOLI VERD C/CAR VIDRO 360G;CX;12;7896183001032;20057000;1709200;RIVOLI;3;8,43;7,47;8,2;21,25;34,33;12;1,65;7,6;10,94;15,57;16,21;3,94;0;0;0;0;0;;9,28;1;MERCEARIA SALGADA;103;CONSERVAS;1;AZEITONAS;3,58333333333333;0
20245;AZEITONA RIVOLI VERD FATIADA VIDRO 160G;CX;24;7896183001209;20057000;1709200;RIVOLI;5;5,63;4,11;4,06;21,25;34,33;12;1,65;7,6;7,44;8,63;8,98;3,94;1;0;0;0;0;;6,2;1;MERCEARIA SALGADA;103;CONSERVAS;1;AZEITONAS;5,20833333333333;0
20256;AZEITONA RIVOLI VERD GORDAL PREMIUM 200G;CX;24;7896183001087;20057000;1709200;RIVOLI;96;10,06;9,87;11,09;21,25;34,33;12;1,65;7,6;5,83;13,27;13,81;3,94;0;0;1;1;0;181;11,09;1;MERCEARIA SALGADA;103;CONSERVAS;1;AZEITONAS;96,6666666666667;0,0222083333333333
22371;AZEITONA RIVOLI VERD GORDAL PREMIUM 300G;CX;12;7896183000264;20057000;1709200;RIVOLI;48;6,09;6,6;8,5;21,25;34,33;12;1,65;7,6;18,52;9,29;9,67;3,96;0;14;0;1;0;24;16,07;1;MERCEARIA SALGADA;103;CONSERVAS;1;AZEITONAS;48,9166666666667;0,166666666666667
20314;AZEITONA RIVOLI VERD RECH PIMENT VD 200G;CX;24;7896183001063;20057000;1709200;RIVOLI;81;3,37;3,42;4,4;21,25;34,33;12;1,65;7,6;9,87;4,79;4,99;3,96;0;85;21;5;1;2;8,57;1;MERCEARIA SALGADA;103;CONSERVAS;1;AZEITONAS;81,1666666666667;1,23333333333333
20823;AZEITONA RIVOLI VERDE FAT DOY PAC 1,01KG;CX;6;7896183003418;20057000;1709201;RIVOLI;11;17,3;19;21,82;21,25;;12;1,65;7,6;14,56;25,9;25,9;0;0;0;0;0;0;;20,95;1;MERCEARIA SALGADA;103;CONSERVAS;1;AZEITONAS;11;0
20824;AZEITONA RIVOLI VERDE STD DOY PAC 1,01KG;CX;6;7896183003449;20057000;1709201;RIVOLI;6;13,86;14,52;16,83;21,25;;12;1,65;7,6;6,61;9,99;9,99;0;0;0;4;3;0;12;16,78;1;MERCEARIA SALGADA;103;CONSERVAS;1;AZEITONAS;6;0,0778333333333333
20628;AZEITONA SNACK VALE FERTIL VD S/C CH 50G;CX;24;7896272009338;20057000;1709200;VALE FERTIL;15;2,06;2,06;2,58;21,25;34,33;12;1,65;7,6;2,68;3,26;3,39;3,96;0;1;10;4;0;3;2,58;1;MERCEARIA SALGADA;103;CONSERVAS;1;AZEITONAS;15;0,166666666666667
22634;AZEITONA SNACK VALE FERTIL VD S/C NA 50G;CX;24;7896272010648;20057000;1709200;VALE FERTIL;4;1,96;1,98;2,48;21,25;34,33;12;1,65;7,6;2,59;3,26;3,39;3,96;1;1;2;2;0;3;2,46;1;MERCEARIA SALGADA;103;CONSERVAS;1;AZEITONAS;4;0,0555416666666667
22049;AZEITONA SNACK VALE FERTIL VD S/C PR 50G;CX;24;7896272009321;20057000;1709200;VALE FERTIL;6;2,04;2,04;2,55;21,25;34,33;12;1,65;7,6;2,64;3,26;3,39;3,96;5;0;7;4;0;2;2,55;1;MERCEARIA SALGADA;103;CONSERVAS;1;AZEITONAS;6,04166666666667;0,122208333333333
23762;AZEITONA TIO PACO AZAPA 500G;CX;6;7898174851725;20057000;1709200;TIO PACO;48;23,56;23,56;29,44;21,25;34,33;12;1,65;7,6;29,92;36,05;37,53;3,94;0;0;0;2;0;360;28,82;1;MERCEARIA SALGADA;103;CONSERVAS;1;AZEITONAS;48;0,0221666666666667
17255;AZEITONA TIO PACO PTA DOY PACK 80G;CX;24;7898174853361;20057000;1709200;TIO PACO;2;2,14;2,17;2,76;21,25;34,33;12;1,65;7,6;2,63;3,54;3,69;3,96;0;2;5;4;0;0;2,89;1;MERCEARIA SALGADA;103;CONSERVAS;1;AZEITONAS;2;0,122208333333333
17267;AZEITONA TIO PACO PTA FAT 175G;CX;12;7898174852524;20057000;1709200;TIO PACO;4;7,29;7,29;9,11;21,25;34,33;12;1,65;7,6;9,26;11,17;11,63;3,94;0;5;0;0;0;5;8,92;1;MERCEARIA SALGADA;103;CONSERVAS;1;AZEITONAS;4;0,0555833333333333
23777;AZEITONA TIO PACO PTA PORTUG GALEGA 200G;CX;12;7898174853842;20057000;1709200;TIO PACO;41;10,31;10,31;12,89;21,25;34,33;12;1,65;7,6;13,1;15,76;16,41;3,94;0;5;0;0;0;61;12,61;1;MERCEARIA SALGADA;103;CONSERVAS;1;AZEITONAS;41;0,0555833333333333
17257;AZEITONA TIO PACO PTA S/CAR DPK 80G;CX;24;7898174853347;20057000;1709200;TIO PACO;2;3,22;3,18;3,98;21,25;34,33;12;1,65;7,6;3,61;4,76;4,96;3,94;0;34;5;11;0;0;3,8;1;MERCEARIA SALGADA;103;CONSERVAS;1;AZEITONAS;2,125;0,555541666666667
17263;AZEITONA TIO PACO PTA VD 200G;CX;12;7898174850421;20057000;1709200;TIO PACO;24;6,79;6,82;8,59;21,25;34,33;12;1,65;7,6;7,98;10,5;10,93;3,94;2;0;1;0;0;180;8,79;1;MERCEARIA SALGADA;103;CONSERVAS;1;AZEITONAS;24;0,0110833333333333
23756;AZEITONA TIO PACO VDE RECH DOY PACK 300G;CX;20;7898174853767;20057000;1709200;TIO PACO;62;2,57;2,57;4,28;21,25;34,33;12;1,65;7,6;8,69;10,49;10,92;3,94;0;0;2;1;0;92;8,37;1;MERCEARIA SALGADA;103;CONSERVAS;1;AZEITONAS;62;0,03335
23757;AZEITONA TIO PACO VDE S/CAR DOY PCK 300G;CX;20;7898174853774;20057000;1709200;TIO PACO;65;6,84;6,84;8,55;21,25;34,33;12;1,65;7,6;8,69;10,49;10,92;3,94;0;0;1;1;0;146;8,37;1;MERCEARIA SALGADA;103;CONSERVAS;1;AZEITONAS;65;0,0222
17260;AZEITONA TIO PACO VER C/CAR VD 500G;CX;12;7898174850209;20057000;1709200;TIO PACO;17;10,36;10,36;12,94;21,25;34,33;12;1,65;7,6;13,15;15,85;16,5;3,94;0;1;3;0;0;31;12,67;1;MERCEARIA SALGADA;103;CONSERVAS;1;AZEITONAS;17;0,0444166666666667
17265;AZEITONA TIO PACO VER FAT 175G;CX;24;7898174850445;20057000;1709200;TIO PACO;52;6,06;5,59;7,2;21,25;34,33;12;1,65;7,6;7,31;8,73;9,09;3,96;1;3;1;2;0;32;8,05;1;MERCEARIA SALGADA;103;CONSERVAS;1;AZEITONAS;52;0,0666666666666667
17264;AZEITONA TIO PACO VER S/CAR 160G;CX;24;7898174850438;20057000;1709200;TIO PACO;28;6,3;6,3;7,87;21,25;34,33;12;1,65;7,6;8;9,65;10,05;3,94;0;2;1;2;0;21;7,7;1;MERCEARIA SALGADA;103;CONSERVAS;1;AZEITONAS;28;0,0555416666666667
17261;AZEITONA TIO PACO VER VD 200G;CX;24;7898174850193;20057000;1709200;TIO PACO;39;5,21;4,86;6,19;21,25;34,33;12;1,65;7,6;5,88;7,35;7,65;3,94;1;4;2;4;0;14;6,82;1;MERCEARIA SALGADA;103;CONSERVAS;1;AZEITONAS;39;0,111125
23755;AZEITONA TIO PACO VERD FAT DOY PACK 300G;CX;20;7898174853750;20057000;1709200;TIO PACO;62;6,84;6,84;8,55;21,25;34,33;12;1,65;7,6;8,69;10,49;10,92;3,94;0;1;0;2;0;92;8,37;1;MERCEARIA SALGADA;103;CONSERVAS;1;AZEITONAS;62;0,03335
23759;AZEITONA TIO PACO VERDE 350G;CX;12;7898174851473;20057000;1709200;TIO PACO;124;8,55;8,55;10,68;21,25;34,33;12;1,65;7,6;12,04;13,08;13,62;3,94;0;3;0;0;0;312;10,46;1;MERCEARIA SALGADA;103;CONSERVAS;1;AZEITONAS;124,833333333333;0,0333333333333333
23754;AZEITONA TIO PACO VERDE DOY PACK 300G;CX;20;7898174853743;20057000;1709200;TIO PACO;58;4,49;4,49;5,61;21,25;34,33;12;1,65;7,6;5,7;6,87;7,15;3,94;0;1;3;1;0;52;5,49;1;MERCEARIA SALGADA;103;CONSERVAS;1;AZEITONAS;58;0,05555
23737;AZEITONA TIO PACO VERDE FATIAD BALDE 2KG;CX;6;7898174850247;20057000;1709201;TIO PACO;31;52,38;52,38;60,11;21,25;;12;1,65;7,6;66,51;73,6;73,6;0;0;0;0;0;0;;58,84;1;MERCEARIA SALGADA;103;CONSERVAS;1;AZEITONAS;31,6666666666667;0
23729;AZEITONA TIO PACO VERDE GRAUDA BALDE 2KG;CX;6;7898174851329;20057000;1709201;TIO PACO;8;42,94;42,94;49,28;21,25;;12;1,65;7,6;54,52;60,3;60,3;0;0;0;0;0;;;48,23;1;MERCEARIA SALGADA;103;CONSERVAS;1;AZEITONAS;8;
23730;AZEITONA TIO PACO VERDE MEDIA BALDE 2KG;CX;6;7898174850230;20057000;1709201;TIO PACO;16;41,76;41,76;47,92;21,25;;12;1,65;7,6;53,02;58,6;58,6;0;0;2;0;0;0;120;46,9;1;MERCEARIA SALGADA;103;CONSERVAS;1;AZEITONAS;16;0,0221666666666667
23735;AZEITONA TIO PACO VERDE MIUDA BALDE 2KG;CX;6;7898174851312;20057000;1709201;TIO PACO;6;34,81;34,81;39,94;21,25;;12;1,65;7,6;44,2;48,9;48,9;0;0;0;0;0;0;;39,1;1;MERCEARIA SALGADA;103;CONSERVAS;1;AZEITONAS;6,33333333333333;0
23738;AZEITONA TIO PACO VERDE S/CAR BALDE 2KG;CX;6;7898174850254;20057000;1709201;TIO PACO;31;52,38;52,38;60,11;21,25;;12;1,65;7,6;66,51;73,6;73,6;0;0;2;0;0;0;233;58,84;1;MERCEARIA SALGADA;103;CONSERVAS;1;AZEITONAS;31;0,0221666666666667
11561;AZEITONA VALE FERTIL PTA C/CAR SH 150G;CX;24;7896272004234;20057000;1709200;VALE FERTIL;107;3,88;3,79;4,35;21,25;34,33;12;1,65;7,6;4,76;5,37;5,59;3,96;8;48;22;24;1;4;4,45;1;MERCEARIA SALGADA;103;CONSERVAS;1;AZEITONAS;107,666666666667;1,04445833333333
11926;AZEITONA VALE FERTIL PTA C/CAR VD 200G;CX;24;7896272000076;20057000;1709200;VALE FERTIL;4;6,73;6,73;8,43;21,25;34,33;12;1,65;7,6;8,55;10,5;10,93;3,94;1;5;2;1;0;2;8,43;1;MERCEARIA SALGADA;103;CONSERVAS;1;AZEITONAS;4,66666666666667;0,088875
23164;AZEITONA VALE FERTIL PTA FAT DOY PK 120G;CX;24;7896272009079;20057000;1709200;VALE FERTIL;86;5,22;4,79;5,5;21,25;34,33;12;1,65;7,6;4,58;7,1;7,39;3,96;0;35;24;12;0;4;5,99;1;MERCEARIA SALGADA;103;CONSERVAS;1;AZEITONAS;86,8333333333333;0,798625
23165;AZEITONA VALE FERTIL PTA FAT VD 160G;CX;24;7896272001721;20057000;1709200;VALE FERTIL;14;8,85;8,85;11,09;21,25;34,33;12;1,65;7,6;9,14;14,3;14,89;3,96;0;3;2;1;0;8;11,09;1;MERCEARIA SALGADA;103;CONSERVAS;1;AZEITONAS;14;0,0666666666666667
12424;AZEITONA VALE FERTIL PTA PRE AZA VD 360G;CX;12;7896272002230;20057000;1709200;VALE FERTIL;4;22,36;22,37;27,97;21,25;34,33;12;1,65;7,6;24,13;35,25;36,7;3,94;0;5;0;3;0;3;28;1;MERCEARIA SALGADA;103;CONSERVAS;1;AZEITONAS;4;0,0889166666666667
15701;AZEITONA VALE FERTIL PTA S/CAR SH 120G;CX;24;7896272003367;20057000;1709200;VALE FERTIL;58;5,26;5,26;6,04;21,25;34,33;12;1,65;7,6;4,77;7,58;7,89;3,96;21;24;67;50;1;1;6,04;1;MERCEARIA SALGADA;103;CONSERVAS;1;AZEITONAS;58,0833333333333;1,57733333333333
14654;AZEITONA VALE FERTIL PTA S/CAR VD 160G;CX;24;7896272003350;20057000;1709200;VALE FERTIL;8;8,92;8,7;10,73;21,25;34,33;12;1,65;7,6;9,88;14,3;14,89;3,96;1;12;3;7;0;1;11,16;1;MERCEARIA SALGADA;103;CONSERVAS;1;AZEITONAS;8;0,244458333333333
20301;AZEITONA VALE FERTIL VE RCH ANCH VD 130G;CX;12;7896272005682;20057000;1709200;VALE FERTIL;6;8,44;8,44;9,69;21,25;34,33;12;1,65;7,6;10,72;12,14;12,64;3,94;0;0;1;1;0;22;9,69;1;MERCEARIA SALGADA;103;CONSERVAS;1;AZEITONAS;6;0,02225
20302;AZEITONA VALE FERTIL VE RCH QUEI VD 130G;CX;12;7896272005729;20057000;1709200;VALE FERTIL;5;8,44;8,44;9,69;21,25;34,33;12;1,65;7,6;10,72;12,14;12,64;3,94;0;1;1;0;0;18;9,69;1;MERCEARIA SALGADA;103;CONSERVAS;1;AZEITONAS;5;0,02225
12427;AZEITONA VALE FERTIL VER C/CAR SH 150G;CX;24;7896272004180;20057000;1709200;VALE FERTIL;446;2,52;2,52;3,15;21,25;34,33;12;1,65;7,6;3,2;3,74;3,89;3,96;55;508;315;401;13;1;3,15;1;MERCEARIA SALGADA;103;CONSERVAS;1;AZEITONAS;446,625;13,6291666666667
7967;AZEITONA VALE FERTIL VER C/CAR VD 200G;CX;24;7896272000021;20057000;1709200;VALE FERTIL;2;4,8;5,29;6,35;21,25;34,33;12;1,65;7,6;7,67;7,48;7,79;3,96;7;22;6;16;0;0;6,01;1;MERCEARIA SALGADA;103;CONSERVAS;1;AZEITONAS;2,04166666666667;0,488875
24481;AZEITONA VALE FERTIL VER FAT DYPK 1,01KG;CX;6;7896272004708;20057000;1709201;VALE FERTIL;10;19,98;19,98;22,94;21,25;;12;1,65;7,6;25,37;28,9;28,9;0;0;14;6;0;0;7;22,94;1;MERCEARIA SALGADA;103;CONSERVAS;1;AZEITONAS;10;0,222166666666667
7983;AZEITONA VALE FERTIL VER FAT SH 120G;CX;24;7896272004197;20057000;1709200;VALE FERTIL;517;2,94;2,94;3,68;21,25;34,33;12;1,65;7,6;3,83;4,7;4,89;3,96;120;648;572;505;19;1;3,68;1;MERCEARIA SALGADA;103;CONSERVAS;1;AZEITONAS;517,208333333333;19,18425
7984;AZEITONA VALE FERTIL VER FAT VD 160G;CX;24;7896272000878;20057000;1709200;VALE FERTIL;10;5,41;5,41;6,77;21,25;34,33;12;1,65;7,6;7,05;8,54;8,89;3,96;14;22;17;18;0;0;6,77;1;MERCEARIA SALGADA;103;CONSERVAS;1;AZEITONAS;10,25;0,633333333333333
16351;AZEITONA VALE FERTIL VER RC SALM VD 130G;CX;12;7896272005736;20057000;1709200;VALE FERTIL;7;8,44;8,41;9,65;21,25;34,33;12;1,65;7,6;10,23;12,09;12,59;3,96;0;0;2;0;0;26;9,69;1;MERCEARIA SALGADA;103;CONSERVAS;1;AZEITONAS;7;0,02225
23899;AZEITONA VALE FERTIL VER REC ALH VD 170G;CX;12;7896272010082;20057000;1709200;VALE FERTIL;7;7,29;7,49;9,38;21,25;34,33;12;1,65;7,6;9,26;12,14;12,64;3,94;0;1;0;0;0;52;9,13;1;MERCEARIA SALGADA;103;CONSERVAS;1;AZEITONAS;7;0,0110833333333333
23901;AZEITONA VALE FERTIL VER REC TOM VD 130G;CX;12;7896272012611;20057000;1709200;VALE FERTIL;7;6,12;6,12;7,66;21,25;34,33;12;1,65;7,6;7,77;10,26;10,68;3,94;0;0;1;0;0;52;7,66;1;MERCEARIA SALGADA;103;CONSERVAS;1;AZEITONAS;7;0,0110833333333333
7970;AZEITONA VALE FERTIL VER RECH SH 150G;CX;24;7896272004210;20057000;1709200;VALE FERTIL;48;3,75;3,75;4,3;21,25;34,33;12;1,65;7,6;4,76;5,37;5,59;3,96;35;85;96;92;3;0;4,3;1;MERCEARIA SALGADA;103;CONSERVAS;1;AZEITONAS;48,8333333333333;3,05416666666667
7969;AZEITONA VALE FERTIL VER RECH VD 200G;CX;24;7896272000977;20057000;1709200;VALE FERTIL;40;9,34;8,09;9,88;21,25;34,33;12;1,65;7,6;10,05;13,08;13,62;3,94;0;11;3;2;0;9;10,3;1;MERCEARIA SALGADA;103;CONSERVAS;1;AZEITONAS;40,6666666666667;0,177791666666667
24482;AZEITONA VALE FERTIL VER S/C DYPK 1,01KG;CX;6;7896272004692;20057000;1709201;VALE FERTIL;11;21,13;21,14;24,26;21,25;;12;1,65;7,6;0;30,6;30,6;0;0;15;5;0;0;8;24,25;1;MERCEARIA SALGADA;103;CONSERVAS;1;AZEITONAS;11;0,222166666666667
7972;AZEITONA VALE FERTIL VER S/CAR SH 120G;CX;24;7896272004203;20057000;1709200;VALE FERTIL;482;3,02;3,02;3,78;21,25;34,33;12;1,65;7,6;3,84;4,7;4,89;3,96;179;533;371;703;17;1;3,78;1;MERCEARIA SALGADA;103;CONSERVAS;1;AZEITONAS;482,75;17,88425
7968;AZEITONA VALE FERTIL VER S/CAR VD 160G;CX;24;7896272000830;20057000;1709200;VALE FERTIL;4;5,47;5,52;6,91;21,25;34,33;12;1,65;7,6;6,95;8,54;8,89;3,96;12;34;17;25;0;0;6,85;1;MERCEARIA SALGADA;103;CONSERVAS;1;AZEITONAS;4,79166666666667;0,844458333333333
18067;AZEITONA VALE FERTIL VER SH 1,01KG;CX;6;7896272004678;20057000;1709201;VALE FERTIL;43;13,96;13,97;16,03;21,25;;12;1,65;7,6;17,72;19,8;19,8;0;0;24;27;11;0;10;16,02;1;MERCEARIA SALGADA;103;CONSERVAS;1;AZEITONAS;43;0,7055
8017;AZEITONA VALE FERTIL VER SH 500G;CX;12;7896272003343;20057000;1709200;VALE FERTIL;318;7,02;7,02;8,06;21,25;34,33;12;1,65;7,6;9,39;10,18;10,6;3,96;174;385;428;298;12;2;8,06;1;MERCEARIA SALGADA;103;CONSERVAS;1;AZEITONAS;318,25;12,362
14974;AZEITONA VALE FERTIL VER VD 500G;CX;12;7896272000038;20057000;1709200;VALE FERTIL;8;11,89;10,26;12,79;21,25;34,33;12;1,65;7,6;12,63;16,23;16,9;3,96;1;4;4;9;0;3;13,1;1;MERCEARIA SALGADA;103;CONSERVAS;1;AZEITONAS;8,83333333333333;0,188916666666667
18089;AZEITONA VALE FERTIL VERDE C/CAR SH 100G;CX;24;7896272000496;20057000;1709200;VALE FERTIL;96;1,61;1,61;2,01;21,25;34,33;12;1,65;7,6;2,12;2,58;2,69;3,96;83;155;120;172;4;0;2,01;1;MERCEARIA SALGADA;103;CONSERVAS;1;AZEITONAS;96,75;4,99629166666667
22892;BACON ALEGRA TABLETE KG;CX;1;22892;02101200;1708701;ALEGRA;7;17,65;18,57;20,63;12;;12;0;0;17,7;24,9;24,9;0;0;0;0;0;0;;19,61;6;PERECIVEIS;10053;FRIOS E EMBUTIDOS;2;EMBUTIDOS;7;0
3270;BACON SADIA INT KG;KG;1;3270;02101200;1708700;SADIA;1;17,8;18,04;20,05;12;;12;0;0;21,74;30,9;30,9;0;0;109;438;11;6;0;19,78;6;PERECIVEIS;10053;FRIOS E EMBUTIDOS;2;EMBUTIDOS;1,022;6,217
13006;BALA SKITTLES ORIGINAL 38G;CX;14;7896423480894;17049020;;SKITTLES;24;1,72;1,72;1,96;21,25;;12;1,65;7,6;2,07;2,39;2,39;0;1;0;0;0;0;;1,9;2;MERCEARIA DOCE;205;BOMBONIERE;1;BALAS;24;0
17760;BANANADA PREDILECTA FLOW PACK 350G;CX;24;7896292300910;20079990;1709400;PREDILECTA;20;6,25;6,25;7,82;21,25;42,83;12;1,65;7,6;7,93;9,8;10,3;4,89;0;7;6;7;0;3;7,82;2;MERCEARIA DOCE;204;DOCES E SOBREMESAS;5;OUTROS DOCES;20,9166666666667;0,222208333333333
22953;BANANINHA CREMOSA DEL FAMOSO S/ ACUC 30G;DP;24;7898974164018;20079990;1709400;DELICIAS FAMOSO;6;0,95;0,96;1,2;21,25;42,83;12;1,65;7,6;1,34;1,99;2,08;4,46;0;0;96;60;1;0;1,19;2;MERCEARIA DOCE;205;BOMBONIERE;3;CHECK STAND;6;1,73333333333333
13029;BARRA CEREAL NUTRY BOLO CHOC 22G;CX;288;7891331008178;19042000;1704200;NUTRY;60;0,67;0,67;0,85;21,25;37,28;12;1,65;7,6;0,9;1,05;1,1;4,28;0;13;20;10;0;0;0,89;2;MERCEARIA DOCE;10090;SAUDÁVEIS/DIET/FIT;3;BARRA DE CEREAL;60;0,477777777777778
19966;BARRA CEREAL NUTRY CAPUCCINO 20G;CX;288;7891331018375;19042000;1704200;NUTRY;4;0,67;0,67;0,85;21,25;37,28;12;1,65;7,6;0,9;1,05;1,1;4,28;0;0;13;0;0;0;0,89;2;MERCEARIA DOCE;10090;SAUDÁVEIS/DIET/FIT;3;BARRA DE CEREAL;4;0,144444444444444
19965;BARRA CEREAL NUTRY COOKIES CREAM 20G;CX;288;7891331018344;19042000;1704200;NUTRY;2;0,66;0,66;0,84;21,25;37,28;12;1,65;7,6;0,9;1,05;1,1;4,28;0;16;15;9;0;0;0,89;2;MERCEARIA DOCE;10090;SAUDÁVEIS/DIET/FIT;3;BARRA DE CEREAL;2;0,444444444444444
23946;BARRA HERSHEYS IOIO SABOR CH LEI/AV 75G;CX;80;7899970404184;18063220;1700301;HERSHEY;20;2,47;2,47;3,07;21,25;;12;1,65;7,6;2,39;3,39;3,39;0;0;0;0;0;0;;2,97;2;MERCEARIA DOCE;205;BOMBONIERE;4;CHOCOLATES;20;0
23971;BARRA HERSHEYS SABOR CHOC LEITE/BRC 75G;CX;80;7899970404207;18063220;1700301;HERSHEY;20;2,47;2,47;3,07;21,25;;12;1,65;7,6;2,8;3,39;3,39;0;0;0;0;0;0;;2,97;2;MERCEARIA DOCE;205;BOMBONIERE;4;CHOCOLATES;20;0
12479;BARRINHA BAUDUCCO RECH CHOCOLATE 25G;CX;120;7891962007366;19053100;1705300;BAUDUCCO;109;0,55;0,54;0,67;21,25;25;12;1,65;7,6;0,7;0,86;0,89;2,91;130;201;115;201;5;0;0,69;2;MERCEARIA DOCE;205;BOMBONIERE;5;GULOSEIMAS;109,55;5,74444166666667
12478;BARRINHA BAUDUCCO RECH GOIABA 30G;CX;120;7891962003894;19053100;1705300;BAUDUCCO;316;0,55;0,52;0,65;21,25;25;12;1,65;7,6;0,7;0,86;0,89;2,91;0;409;119;64;6;0;0,69;2;MERCEARIA DOCE;205;BOMBONIERE;5;GULOSEIMAS;316;6,577775
17824;BATATA CHIPS FRITOP CB E SALSA 20G;CX;50;7898026320027;20052000;1703200;FRITOP;44;0,87;0,9;1,13;21,25;33,71;12;1,65;7,6;1,23;1,53;1,59;3,89;1;7;28;13;0;1;1,09;2;MERCEARIA DOCE;206;SALGADINHOS E APERITIVOS;2;BATATA CHIPS;44;0,53334
17826;BATATA CHIPS FRITOP CHURRASCO 20G;CX;50;7898026320034;20052000;1703200;FRITOP;43;0,59;0,82;1,03;21,25;33,71;12;1,65;7,6;1,23;1,53;1,59;3,89;1;22;30;0;0;1;0,74;2;MERCEARIA DOCE;206;SALGADINHOS E APERITIVOS;2;BATATA CHIPS;43;0,57778
17828;BATATA CHIPS FRITOP TRAD 20G;CX;50;7898955341735;20052000;1703200;FRITOP;64;0,59;0,85;1,06;21,25;33,71;12;1,65;7,6;1,23;1,53;1,59;3,89;8;33;29;25;0;1;0,74;2;MERCEARIA DOCE;206;SALGADINHOS E APERITIVOS;2;BATATA CHIPS;64;0,96666
20818;BATATA FUGINI SACHE 170G;CX;36;7897517209445;20052000;1709200;FUGINI;2;2,18;2,18;2,73;21,25;34,33;12;1,65;7,6;4,18;3,29;3,43;3,94;0;0;0;2;0;2;2,73;1;MERCEARIA SALGADA;103;CONSERVAS;3;OUTROS VEGETAIS;2,27777777777778;0,0222222222222222
2654;BATATA PALHA BIG TOSTY 80G;CX;40;7898353390250;20052000;1703200;BIG TOSTY;322;3,43;3,38;3,75;21,25;33,71;12;1,65;7,6;4,22;4,03;4,19;3,89;132;243;215;375;9;0;4,11;2;MERCEARIA DOCE;206;SALGADINHOS E APERITIVOS;3;BATATA PALHA;322,475;9,25555
18732;BATATA PALHA ELMA CHIPS EXTRA FINA 90G;CX;30;7892840820398;20052000;1703200;ELMA CHIPS;45;4,74;4,74;5,94;21,25;33,71;12;1,65;7,6;6,02;7,2;7,49;3,89;2;117;54;139;3;0;5,94;10008;FORNECEDORES ESPECIAIS;10099;PEPSICO;4;BATATA PALHA;45;3,44443333333333
18733;BATATA PALHA ELMA CHIPS PP 100G;CX;30;7892840820381;20052000;1703200;ELMA CHIPS;392;4,74;4,76;5,94;21,25;33,71;12;1,65;7,6;6,02;7,2;7,49;3,89;5;308;141;493;10;1;5,94;10008;FORNECEDORES ESPECIAIS;10099;PEPSICO;4;BATATA PALHA;392,3;10,4666666666667
17861;BATATA PALHA FRITOP 100G;CX;24;17861;20052000;1703200;FRITOP;88;3,13;3,04;3,81;21,25;33,71;12;1,65;7,6;3,97;4,89;5,09;3,89;23;72;27;0;1;3;3,92;2;MERCEARIA DOCE;206;SALGADINHOS E APERITIVOS;3;BATATA PALHA;88;1,1
17863;BATATA PALHA FRITOP 240G;CX;24;178631;20052000;1703200;FRITOP;15;5,93;5,93;7,43;21,25;33,71;12;1,65;7,6;7,53;9,31;9,69;3,89;0;0;10;10;0;2;7,43;2;MERCEARIA DOCE;206;SALGADINHOS E APERITIVOS;3;BATATA PALHA;15;0,222208333333333
18314;BATATA PALHA FRITOP 500G;CX;12;7898944639072;20052000;1703200;FRITOP;115;13,18;12,99;16,27;21,25;33,71;12;1,65;7,6;16,73;20,66;21,5;3,89;10;113;13;9;1;6;16,5;2;MERCEARIA DOCE;206;SALGADINHOS E APERITIVOS;3;BATATA PALHA;115,083333333333;1,5
16139;BATATA PALHA FRITOP 50G;CX;24;7898944639065;20052000;1703200;FRITOP;179;1,37;1,61;2,01;21,25;33,71;12;1,65;7,6;2,09;2,59;2,69;3,89;88;305;396;39;8;0;1,72;2;MERCEARIA DOCE;206;SALGADINHOS E APERITIVOS;3;BATATA PALHA;179,125;8,22220833333333
13364;BATATA PALHA FRITOP C/24UN 80G;CX;24;789855341308;20052000;1703200;FRITOP;55;2,17;2,13;2,66;21,25;33,71;12;1,65;7,6;2,75;3,35;3,49;3,89;57;145;88;269;5;0;2,72;2;MERCEARIA DOCE;206;SALGADINHOS E APERITIVOS;3;BATATA PALHA;55;5,57779166666667
17885;BATATA PALHA FRITOP EXT FINA 100G;CX;32;7898026321239;20052000;1703200;FRITOP;78;3,14;3,08;3,86;21,25;33,71;12;1,65;7,6;3,98;4,89;5,09;3,89;35;169;118;153;4;0;3,93;2;MERCEARIA DOCE;206;SALGADINHOS E APERITIVOS;3;BATATA PALHA;78,75;4,888875
17887;BATATA PALHA FRITOP TRAD 100G;CX;32;7898026321222;20052000;1703200;FRITOP;37;3,14;3,14;3,93;21,25;33,71;12;1,65;7,6;3,98;4,89;5,09;3,89;45;15;44;103;1;0;3,93;2;MERCEARIA DOCE;206;SALGADINHOS E APERITIVOS;3;BATATA PALHA;37;1,8
20232;BATATA PALHA YOKI EXTRA FINA 100G;CX;20;7891095031122;20052000;1703200;YOKI;90;4,2;4,2;5,26;21,25;33,71;12;1,65;7,6;5,62;6,53;6,79;3,89;208;310;261;350;10;0;5,26;2;MERCEARIA DOCE;206;SALGADINHOS E APERITIVOS;3;BATATA PALHA;90;10,23335
20231;BATATA PALHA YOKI TRAD 105G;CX;20;7891095031115;20052000;1703200;YOKI;42;4,2;4,2;5,26;21,25;33,71;12;1,65;7,6;5,62;6,53;6,79;3,89;213;307;192;162;7;0;5,26;2;MERCEARIA DOCE;206;SALGADINHOS E APERITIVOS;3;BATATA PALHA;42,8;7,34445
20878;BATATA PALHA YOKI TRADICIONAL 70G;CX;24;7891095031139;20052000;1703200;YOKI;41;3,15;3,07;3,86;21,25;33,71;12;1,65;7,6;4,01;4,51;4,69;3,89;142;130;192;117;4;0;3,95;2;MERCEARIA DOCE;206;SALGADINHOS E APERITIVOS;3;BATATA PALHA;41;4,87779166666667
24098;BATATA RUFFLES CHURRASCO 33G;CX;50;7892840824662;20052000;1703200;ELMA CHIPS;49;2,05;2,05;2,56;21,25;33,71;12;1,65;7,6;2,6;3,16;3,29;3,89;0;28;168;134;3;0;2,56;10008;FORNECEDORES ESPECIAIS;10099;PEPSICO;3;BATATA CHIPS;49;3,66666
7127;BATATA RUFFLES ORIGINAL SAL 17G;CX;60;7892840249847;20052000;1703200;ELMA CHIPS;51;0,95;0,95;1,19;21,25;33,71;12;1,65;7,6;1,21;1,53;1,59;3,89;600;349;0;1600;21;0;1,19;10008;FORNECEDORES ESPECIAIS;10099;PEPSICO;3;BATATA CHIPS;51;21,65555
24084;BATATA RUFFLES SAL 33G;CX;50;7892840824693;20052000;1703200;ELMA CHIPS;99;2,05;2,05;2,56;21,25;33,71;12;1,65;7,6;2,6;3,16;3,29;3,89;0;113;636;316;11;0;2,56;10008;FORNECEDORES ESPECIAIS;10099;PEPSICO;3;BATATA CHIPS;99;11,83334
23713;BATATA RUFFLES TUBO TIRA ONDA ORIG 100G;CX;14;7892840822040;19059090;1703100;ELMA CHIPS;346;5,83;5,83;7,31;21,25;33,28;12;1,65;7,6;7,41;8,65;8,99;3,84;18;277;52;61;4;5;7,31;10008;FORNECEDORES ESPECIAIS;10099;PEPSICO;3;BATATA CHIPS;346,714285714286;4,34285714285714
24085;BATATA SENSACOES PEITO PERU PP 35G;CX;48;7892840825218;20052000;1703200;ELMA CHIPS;1;2,8;2,8;3,51;21,25;33,71;12;1,65;7,6;3,56;4,42;4,6;3,89;0;56;333;169;6;0;3,51;10008;FORNECEDORES ESPECIAIS;10099;PEPSICO;3;BATATA CHIPS;1,08333333333333;6,2
18315;BATATAO CHIPS FRITOP CEBOLA E SALSA 50G;CX;24;7898955341704;20052000;1703200;FRITOP;35;1,36;1,5;1,88;21,25;33,71;12;1,65;7,6;2,28;2,78;2,89;3,89;43;40;23;42;1;1;1,71;2;MERCEARIA DOCE;206;SALGADINHOS E APERITIVOS;2;BATATA CHIPS;35;1,16666666666667
18316;BATATAO CHIPS FRITOP CHURRASCO  50G;CX;24;7898955341711;20052000;1703200;FRITOP;27;1,36;1,49;1,86;21,25;33,71;12;1,65;7,6;2,28;2,78;2,89;3,89;42;31;19;22;0;1;1,71;2;MERCEARIA DOCE;206;SALGADINHOS E APERITIVOS;2;BATATA CHIPS;27;0,8
17859;BATATAO CHIPS FRITOP ORIGINAL 50G;CX;24;7898955341698;20052000;1703200;FRITOP;53;1,36;1,5;1,87;21,25;33,71;12;1,65;7,6;2,28;2,78;2,89;3,89;64;61;23;38;1;1;1,71;2;MERCEARIA DOCE;206;SALGADINHOS E APERITIVOS;2;BATATA CHIPS;53,0416666666667;1,35554166666667
23773;BATATINHA TIO PACO 300G;CX;12;7898174853385;20019000;1709000;TIO PACO;5;5,41;5,41;6,76;21,25;55,24;12;1,65;7,6;6,87;8,3;8,85;6,22;0;0;0;1;0;37;6,62;1;MERCEARIA SALGADA;103;CONSERVAS;3;OUTROS VEGETAIS;5;0,0110833333333333
16890;BEB KEEP COOLER CLASSIC MORANGO 275ML;CX;24;7891141022852;22060090;0200700;KEEP COOLER;1;3,34;3,26;3,98;36,25;;27;1,65;7,6;5,24;4,63;4,63;0;0;0;4;0;0;1;3,67;10005;BEBIDAS;10070;VINHOS;5;TINTO;1,75;0,0444583333333333
19879;BEB KEEP COOLER CLASSIC PESSEGO 275ML;CX;24;7891141022814;22060090;0200700;KEEP COOLER;4;3,5;3,47;4,06;36,25;;27;1,65;7,6;5,24;4,62;4,62;0;0;0;2;0;0;7;4,06;10005;BEBIDAS;10070;VINHOS;5;TINTO;4;0,0222083333333333
1227;BEB LAC ITALAC CHOCOLATE TP 200ML;CX;24;7898080640239;22029900;1711500;ITALAC;128;0,78;0,78;0,88;12;20,65;12;0;0;0,89;1,06;1,09;2,42;653;1791;2507;3336;84;0;0,89;6;PERECIVEIS;602;REFRIGERADOS;1;BEBIDAS LÁCTEAS E IOGURTES;128,208333333333;84,8398333333333
19670;BEB LAC NESCAU ACTIV-GO 180ML;CX;27;7891000359822;22029900;1711500;NESTLE;388;1,3;1,3;1,39;12;20,65;12;0;0;1,6;1,71;1,75;2,42;92;509;376;880;19;0;1,58;10008;FORNECEDORES ESPECIAIS;10098;NESTLÉ;1;BEBIDAS LÁCTEAS E IOGURTES;388;19,6111111111111
24386;BEB LAC POLPA VIGOR MORANGO 480G;CX;12;7896625213047;22029900;1711500;VIGOR;13;3,84;4;4,23;12;20,65;12;0;0;4,36;5,29;5,41;2,2;0;0;0;40;0;2;4,23;6;PERECIVEIS;602;REFRIGERADOS;1;BEBIDAS LÁCTEAS E IOGURTES;13,3333333333333;0,444416666666667
24385;BEB LAC POLPA VIGOR VITAMINA 480G;CX;12;7896625213030;22029900;1711500;VIGOR;11;4;3,96;4,23;12;20,65;12;0;0;4,36;5,29;5,41;2,2;0;30;0;20;0;1;4,23;6;PERECIVEIS;602;REFRIGERADOS;1;BEBIDAS LÁCTEAS E IOGURTES;11,1666666666667;0,555583333333333
3716;BEB LAC TODDYNHO PRONTO 200ML;CX;27;7894321722016;22029900;1711500;TODDY;3999;1,6;1,6;1,83;12;20,65;12;0;0;1,92;2,2;2,25;2,42;506;2022;1487;3408;76;1;1,92;10008;FORNECEDORES ESPECIAIS;10099;PEPSICO;5;BEBIDAS LÁCTEAS E IOGURTES;3999,33333333333;76,8703703703704
18563;BEB MISTA ALCOOL BLACK STONE HONEY 1L;CX;6;7896037918592;22089000;0200100;BLACK STONE;4;13,28;13,28;15,91;36,25;;27;1,65;7,6;20,83;22,04;22,04;0;0;0;4;0;0;14;12,38;10005;BEBIDAS;10065;DESTILADOS;12;WHISKY;4;0,0445
18078;BEB MISTA SELETA EU GARANTO MB 500ML;CX;12;7898010861338;22089000;0200200;SELETA;2;28,32;28,32;32,59;36,25;;27;1,65;7,6;44,43;43,4;43,4;0;0;0;3;0;0;5;27,27;10005;BEBIDAS;10065;DESTILADOS;1;AGUARDENTE E CACHACA;2;0,0333333333333333
20586;BISC ADRIA AGUA E SAL 170G;CX;36;7896085087240;19053100;1705302;ADRIA;4;2,14;2,14;2,48;21,25;;12;1,65;7,6;2,1;2,89;2,89;0;51;99;141;60;3;0;2,48;3;MERCEARIA ESPECIAL;301;BISCOITOS;3;BISCOITOS SALGADOS;4,36111111111111;3,34413888888889
15205;BISC ADRIA MOUSSE CHOC AO LEITE 130G;CX;50;7896085086496;19053100;1705300;ADRIA;71;2,06;1,99;2,31;21,25;25;12;1,65;7,6;2,26;2,61;2,69;2,91;19;131;120;129;4;0;2,39;3;MERCEARIA ESPECIAL;301;BISCOITOS;1;BISCOITOS DOCES;71;4,22222
15088;BISC ADRIA MOUSSE CHOC/MEIO AMARGO 130G;CX;50;7896085086526;19053100;1705300;ADRIA;37;2,06;2,04;2,36;21,25;25;12;1,65;7,6;2,08;2,61;2,69;2,91;19;148;101;0;2;0;2,39;3;MERCEARIA ESPECIAL;301;BISCOITOS;1;BISCOITOS DOCES;37,12;2,76666
15204;BISC ADRIA MOUSSE LIMAO/CHOC 130G;CX;50;7896085086502;19053100;1705300;ADRIA;52;2;1,98;2,3;21,25;25;12;1,65;7,6;2,38;2,61;2,69;2,91;18;83;66;87;2;0;2,32;3;MERCEARIA ESPECIAL;301;BISCOITOS;1;BISCOITOS DOCES;52,18;2,63044
15203;BISC ADRIA MOUSSE MOR/CHOC 130G;CX;50;7896085086519;19053100;1705300;ADRIA;82;2;2;2,32;21,25;25;12;1,65;7,6;2,38;2,61;2,69;2,91;36;34;61;40;1;1;2,32;3;MERCEARIA ESPECIAL;301;BISCOITOS;1;BISCOITOS DOCES;82;1,5
15259;BISC ADRIA TORTINHA BRIGADEIRO 140G;CX;50;7896085086656;19053100;1705300;ADRIA;7;2,2;2,2;2,55;21,25;25;12;1,65;7,6;2,62;2,9;2,99;2,91;2;51;32;52;1;0;2,55;3;MERCEARIA ESPECIAL;301;BISCOITOS;1;BISCOITOS DOCES;7;1,5
15260;BISC ADRIA TORTINHA CHOC BRANCO 140G;CX;50;7896085086533;19053100;1705300;ADRIA;2;2,2;2,17;2,52;21,25;25;12;1,65;7,6;2,49;2,9;2,99;2,91;0;32;39;0;0;0;2,55;3;MERCEARIA ESPECIAL;301;BISCOITOS;1;BISCOITOS DOCES;2;0,78888
15218;BISC ADRIA TORTINHA CHOC E AVELA 140G;CX;50;7896085086601;19053100;1705300;ADRIA;130;2,2;2,04;2,43;21,25;25;12;1,65;7,6;2,29;2,9;2,99;2,91;10;22;48;46;1;2;2,55;3;MERCEARIA ESPECIAL;301;BISCOITOS;1;BISCOITOS DOCES;130,2;1,29956
15219;BISC ADRIA TORTINHA MORANGO 140G;CX;50;7896085086625;19053100;1705300;ADRIA;76;2,2;2,18;2,53;21,25;25;12;1,65;7,6;2,49;2,9;2,99;2,91;6;53;55;36;1;0;2,55;3;MERCEARIA ESPECIAL;301;BISCOITOS;1;BISCOITOS DOCES;76,04;1,6
15217;BISC ADRIA TORTINHA TORTA DE LIMAO 140G;CX;50;7896085086649;19053100;1705300;ADRIA;48;2,2;2,14;2,5;21,25;25;12;1,65;7,6;2,62;2,9;2,99;2,91;10;37;108;87;2;0;2,55;3;MERCEARIA ESPECIAL;301;BISCOITOS;1;BISCOITOS DOCES;48;2,57778
14583;BISC BAUDUCCO CHOCOBISCUIT AO LEITE 80G;CX;24;7891962056500;19053100;1705300;BAUDUCCO;3;3,47;3,28;4,1;21,25;25;12;1,65;7,6;3,87;4,84;4,99;2,91;0;70;78;70;2;0;3,82;3;MERCEARIA ESPECIAL;301;BISCOITOS;1;BISCOITOS DOCES;3;2,42220833333333
11621;BISC BAUDUCCO COOKIES CHOCOLATE 60G;CX;24;7891962054476;19053100;1705300;BAUDUCCO;88;1,62;1,62;2,03;21,25;25;12;1,65;7,6;2,06;2,42;2,49;2,91;2;271;246;231;8;0;2,03;3;MERCEARIA ESPECIAL;301;BISCOITOS;1;BISCOITOS DOCES;88;8,311125
11620;BISC BAUDUCCO COOKIES ORIGINAL 60G;CX;24;7891962054810;19053100;1705300;BAUDUCCO;27;1,33;1,33;1,67;21,25;25;12;1,65;7,6;1,69;2,42;2,49;2,91;258;300;461;174;10;0;1,67;3;MERCEARIA ESPECIAL;301;BISCOITOS;1;BISCOITOS DOCES;27,0416666666667;10,388875
880;BISC BAUDUCCO MAIZENA 170G;CX;48;7891962032450;19053100;1705300;BAUDUCCO;14;1,72;1,72;2,15;21,25;;12;1,65;7,6;2,18;2,69;2,69;0;10;7;16;37;0;0;2,15;3;MERCEARIA ESPECIAL;301;BISCOITOS;1;BISCOITOS DOCES;14;0,666666666666667
19842;BISC BAUDUCCO RECH BAUNILHA 108G;CX;48;7891962065908;19053100;1705300;BAUDUCCO;208;0,95;0,95;1,19;21,25;25;12;1,65;7,6;1,2;1,74;1,79;2,91;15;86;39;75;2;1;1,19;3;MERCEARIA ESPECIAL;301;BISCOITOS;1;BISCOITOS DOCES;208;2,22222916666667
20248;BISC BAUDUCCO RECH DUPLO CHOC 108G;CX;48;7891962065892;19053100;1705300;BAUDUCCO;151;0,95;0,95;1,19;21,25;25;12;1,65;7,6;1,2;1,74;1,79;2,91;56;47;53;82;2;1;1,19;3;MERCEARIA ESPECIAL;301;BISCOITOS;1;BISCOITOS DOCES;151,541666666667;2,02222916666667
24253;BISC BAUDUCCO RECH FINI SABOR BANANA 73G;CX;48;7891962080147;19053100;1705300;BAUDUCCO;35;1,14;1,14;1,43;21,25;25;12;1,65;7,6;1,45;1,72;1,77;2,91;2;41;5;54;1;0;1,43;3;MERCEARIA ESPECIAL;301;BISCOITOS;1;BISCOITOS DOCES;35;1,11110416666667
24251;BISC BAUDUCCO RECH FINI SABOR BEIJOS 73G;CX;48;7891962080130;19053100;1705300;BAUDUCCO;16;1,14;1,14;1,43;21,25;25;12;1,65;7,6;1,45;1,72;1,77;2,91;3;60;2;58;1;0;1,43;3;MERCEARIA ESPECIAL;301;BISCOITOS;1;BISCOITOS DOCES;16;1,33333333333333
19845;BISC BAUDUCCO RECH MORANGO 108G;CX;48;7891962065885;19053100;1705300;BAUDUCCO;21;0,95;0,95;1,19;21,25;25;12;1,65;7,6;1,2;1,74;1,79;2,91;27;115;105;121;3;0;1,19;3;MERCEARIA ESPECIAL;301;BISCOITOS;1;BISCOITOS DOCES;21;3,78889583333333
20703;BISC BAUDUCCO WAFER BRIGADEIRO 70G;CX;36;7891962071756;19053200;1705700;BAUDUCCO;42;1,22;1,22;1,52;21,25;33,59;12;1,65;7,6;1,55;1,82;1,89;3,87;0;48;35;26;1;0;1,53;3;MERCEARIA ESPECIAL;301;BISCOITOS;1;BISCOITOS DOCES;42;1,21111111111111
21479;BISC BAUDUCCO WAFER CHOC C/ AVELA 92G;CX;32;7891962071701;19053200;1705700;BAUDUCCO;133;1,4;1,38;1,72;21,25;33,59;12;1,65;7,6;1,77;2,07;2,15;3,87;106;306;375;285;10;0;1,75;3;MERCEARIA ESPECIAL;301;BISCOITOS;1;BISCOITOS DOCES;133;10,73334375
20704;BISC BAUDUCCO WAFER CHOCOLATE 70G;CX;36;7891962071732;19053200;1705700;BAUDUCCO;60;1,22;1,22;1,53;21,25;33,59;12;1,65;7,6;1,55;1,82;1,89;3,87;0;61;99;0;1;0;1,53;3;MERCEARIA ESPECIAL;301;BISCOITOS;1;BISCOITOS DOCES;60;1,77777777777778
21478;BISC BAUDUCCO WAFER CHOCOLATE 92G;CX;32;7891962071695;19053200;1705700;BAUDUCCO;508;1,4;1,4;1,75;21,25;33,59;12;1,65;7,6;1,77;2,07;2,15;3,87;0;460;826;456;19;0;1,75;3;MERCEARIA ESPECIAL;301;BISCOITOS;1;BISCOITOS DOCES;508;19,3555625
20705;BISC BAUDUCCO WAFER LIMAO 70G;CX;36;7891962071763;19053200;1705700;BAUDUCCO;37;1,22;1,19;1,49;21,25;33,59;12;1,65;7,6;1,55;1,82;1,89;3,87;2;49;11;68;1;0;1,53;3;MERCEARIA ESPECIAL;301;BISCOITOS;1;BISCOITOS DOCES;37;1,42222222222222
21476;BISC BAUDUCCO WAFER LIMAO 92G;CX;32;7891962071725;19053200;1705700;BAUDUCCO;210;1,4;1,38;1,73;21,25;33,59;12;1,65;7,6;1,77;2,07;2,15;3,87;45;221;474;184;9;0;1,75;3;MERCEARIA ESPECIAL;301;BISCOITOS;1;BISCOITOS DOCES;210,03125;9,76665625
20638;BISC BAUDUCCO WAFER MAXI CHOC 104G;CX;36;7891962071688;19053200;1705700;BAUDUCCO;115;1,4;1,4;1,75;21,25;33,59;12;1,65;7,6;1,78;2,08;2,16;3,87;37;186;394;188;8;0;1,76;3;MERCEARIA ESPECIAL;301;BISCOITOS;1;BISCOITOS DOCES;115;8,53333333333333
20639;BISC BAUDUCCO WAFER MAXI CHOC CREAM 104G;CX;36;7891962071176;19053200;1705700;BAUDUCCO;267;1,34;1,34;1,68;21,25;33,59;12;1,65;7,6;1,7;2,08;2,16;3,87;21;80;72;146;3;2;1,68;3;MERCEARIA ESPECIAL;301;BISCOITOS;1;BISCOITOS DOCES;267;3,32161111111111
21808;BISC BAUDUCCO WAFER MAXXI PISTACHE 104G;CX;36;7891962075792;19053200;1705700;BAUDUCCO;26;1,4;1,4;1,76;21,25;33,59;12;1,65;7,6;1,78;2,08;2,16;3,87;0;30;29;40;1;0;1,76;3;MERCEARIA ESPECIAL;301;BISCOITOS;1;BISCOITOS DOCES;26;1,1
20706;BISC BAUDUCCO WAFER MORANGO 70G;CX;36;7891962071749;19053200;1705700;BAUDUCCO;48;1,22;1,19;1,49;21,25;33,59;12;1,65;7,6;1,55;1,82;1,89;3,87;1;76;39;36;1;0;1,53;3;MERCEARIA ESPECIAL;301;BISCOITOS;1;BISCOITOS DOCES;48;1,67777777777778
21480;BISC BAUDUCCO WAFER MORANGO 92G;CX;32;7891962071718;19053200;1705700;BAUDUCCO;175;1,4;1,39;1,74;21,25;33,59;12;1,65;7,6;1,77;2,07;2,15;3,87;78;279;386;201;9;0;1,75;3;MERCEARIA ESPECIAL;301;BISCOITOS;1;BISCOITOS DOCES;175;9,62221875
24473;BISC BON GOUTER QUEIJO PARMESAO 75G;CX;18;7896412854156;19059020;1705602;BON GOUTER (ORQUIDEA);53;2,16;2,16;2,7;21,25;23,41;12;1,65;7,6;2,43;2,74;2,81;2,73;0;0;0;41;0;6;2,7;3;MERCEARIA ESPECIAL;301;BISCOITOS;3;BISCOITOS SALGADOS;53;0,455555555555556
24472;BISC BON GOUTER QUEIJO SUICO 75G;CX;18;7896412854163;19059020;1705602;BON GOUTER (ORQUIDEA);53;2,16;2,26;2,83;21,25;23,41;12;1,65;7,6;2,43;2,74;2,81;2,73;0;0;0;50;0;5;2,7;3;MERCEARIA ESPECIAL;301;BISCOITOS;3;BISCOITOS SALGADOS;53;0,555555555555556
9059;BISC CHAMPMELL CHAMPAGNE 150G;CX;24;7898950172303;19053100;1705300;CHAMPMELL;14;4,53;4,53;5,67;21,25;25;12;1,65;7,6;5,75;6,79;6,99;2,91;32;0;0;0;0;;5,67;2;MERCEARIA DOCE;204;DOCES E SOBREMESAS;1;CONFEITARIA;14;0
21372;BISC CHEETOS LUA PARMESAO 35G;CX;56;7892840822286;19041000;1703000;ELMA CHIPS;186;1,77;1,77;2,22;21,25;31,24;12;1,65;7,6;2,25;2,79;2,89;3,61;0;349;343;98;8;0;2,22;10008;FORNECEDORES ESPECIAIS;10099;PEPSICO;7;EXTRUSADOS;186;8,77778571428571
21384;BISC CHEETOS ONDA 40G;CX;56;7892840822309;19041000;1703000;ELMA CHIPS;186;1,77;1,77;2,22;21,25;31,24;12;1,65;7,6;2,25;2,79;2,89;3,61;0;648;694;539;20;0;2,22;10008;FORNECEDORES ESPECIAIS;10099;PEPSICO;7;EXTRUSADOS;186;20,9
16464;BISC CHOCOLICIA 132G;CX;45;7622210565563;19053100;1705300;LACTA;1224;3,01;3,01;3,76;21,25;25;12;1,65;7,6;3,82;4,46;4,59;2,91;317;1341;1059;3582;66;0;3,76;3;MERCEARIA ESPECIAL;301;BISCOITOS;1;BISCOITOS DOCES;1224,64444444444;66,4809777777778
16608;BISC CLUB SOCIAL BACON E PROVOLONE 141G;CX;44;7622210568847;19059020;1705602;CLUB SOCIAL;81;2,73;2,73;3,42;21,25;23,41;12;1,65;7,6;3,47;4,17;4,29;2,73;9;17;105;22;1;1;3,42;3;MERCEARIA ESPECIAL;301;BISCOITOS;3;BISCOITOS SALGADOS;81,0681818181818;1,6
16607;BISC CLUB SOCIAL CEB C SOUR CREAM 141G;CX;44;7622210568816;19059020;1705602;CLUB SOCIAL;132;2,73;2,73;3,42;21,25;23,41;12;1,65;7,6;3,47;4,17;4,29;2,73;10;44;15;24;0;3;3,42;3;MERCEARIA ESPECIAL;301;BISCOITOS;3;BISCOITOS SALGADOS;132;0,922227272727273
13058;BISC CLUB SOCIAL LEV+ PAGUE- 288G;CX;20;7622300990749;19059020;1705602;CLUB SOCIAL;712;5,16;5,17;6,46;21,25;23,41;12;1,65;7,6;6,56;7,97;8,19;2,73;101;297;355;785;15;2;6,46;3;MERCEARIA ESPECIAL;301;BISCOITOS;3;BISCOITOS SALGADOS;712,05;15,96665
8438;BISC CLUB SOCIAL MIX QUEIJO 141G;CX;44;7622210644534;19059020;1705602;CLUB SOCIAL;76;2,73;2,73;3,42;21,25;23,41;12;1,65;7,6;3,47;4,17;4,29;2,73;5;33;90;74;2;0;3,42;3;MERCEARIA ESPECIAL;301;BISCOITOS;3;BISCOITOS SALGADOS;76;2,18888636363636
9095;BISC CLUB SOCIAL ORIGINAL 144G;CX;44;7622300990701;19059020;1705602;CLUB SOCIAL;709;2,72;2,72;3,4;21,25;23,41;12;1,65;7,6;3,45;4,17;4,29;2,73;310;1057;937;1257;36;0;3,4;3;MERCEARIA ESPECIAL;301;BISCOITOS;3;BISCOITOS SALGADOS;709;36,1222272727273
9146;BISC CLUB SOCIAL PIZZA 141G;CX;44;7622210641151;19059020;1705602;CLUB SOCIAL;13;2,73;2,73;3,42;21,25;23,41;12;1,65;7,6;3,47;4,17;4,29;2,73;24;56;74;43;1;0;3,42;3;MERCEARIA ESPECIAL;301;BISCOITOS;3;BISCOITOS SALGADOS;13,9772727272727;1,92222727272727
9147;BISC CLUB SOCIAL PRESUNTO 141G;CX;44;7622210641632;19059020;1705602;CLUB SOCIAL;29;2,73;2,73;3,42;21,25;23,41;12;1,65;7,6;3,47;4,17;4,29;2,73;35;81;115;114;3;0;3,42;3;MERCEARIA ESPECIAL;301;BISCOITOS;3;BISCOITOS SALGADOS;29;3,45529545454545
24304;BISC CLUB SOCIAL SNACK BARBECUE 68G;CX;19;7622210574671;19059020;1705602;CLUB SOCIAL;9;2,57;2,57;3,22;21,25;23,41;12;1,65;7,6;3,27;3,89;4;2,73;11;7;27;29;0;0;3,22;3;MERCEARIA ESPECIAL;301;BISCOITOS;3;BISCOITOS SALGADOS;9;0,7
24276;BISC CLUB SOCIAL SNACK CHURRASCO 68G;CX;19;7622210533005;19059020;1705602;CLUB SOCIAL;24;2,57;2,57;3,22;21,25;23,41;12;1,65;7,6;3,27;3,89;4;2,73;14;9;10;41;0;1;3,22;3;MERCEARIA ESPECIAL;301;BISCOITOS;3;BISCOITOS SALGADOS;24;0,666684210526316
24275;BISC CLUB SOCIAL SNACK PARMESAO 68G;CX;19;7622210574695;19059020;1705602;CLUB SOCIAL;13;2,57;2,57;3,22;21,25;23,41;12;1,65;7,6;3,27;3,89;4;2,73;0;7;35;45;0;0;3,22;3;MERCEARIA ESPECIAL;301;BISCOITOS;3;BISCOITOS SALGADOS;13;0,966684210526316
24303;BISC CLUB SOCIAL SNACK PIZZA MARGUER 68G;CX;19;7622210574657;19059020;1705602;CLUB SOCIAL;28;2,65;2,62;3,28;21,25;23,41;12;1,65;7,6;3,27;3,89;4;2,73;1;7;34;36;0;1;3,32;3;MERCEARIA ESPECIAL;301;BISCOITOS;3;BISCOITOS SALGADOS;28;0,855578947368421
21385;BISC DORITOS NACHO 32G;CX;58;7892840822385;19059090;1703100;ELMA CHIPS;198;2,28;2,28;2,86;21,25;33,28;12;1,65;7,6;2,9;3,64;3,79;3,84;0;731;526;847;23;0;2,86;10008;FORNECEDORES ESPECIAIS;10099;PEPSICO;7;EXTRUSADOS;198,948275862069;23,377775862069
24217;BISC FANDANGOS CHURRASCO PP 35G;CX;56;7892840822842;19041000;1703000;ELMA CHIPS;49;1,67;1,67;2,09;21,25;31,24;12;1,65;7,6;2,41;2,51;2,6;3,61;0;0;49;75;1;0;2,09;10008;FORNECEDORES ESPECIAIS;10099;PEPSICO;7;EXTRUSADOS;49;1,37778571428571
21390;BISC FANDANGOS QUEIJO 35G;CX;56;7892840822866;19041000;1703000;ELMA CHIPS;49;1,67;1,67;2,09;21,25;31,24;12;1,65;7,6;2,12;2,59;2,69;3,61;0;49;249;74;4;0;2,09;10008;FORNECEDORES ESPECIAIS;10099;PEPSICO;7;EXTRUSADOS;49;4,13333928571429
21332;BISC FOFURA CEBOLA C/10UN 60G;FD;1;7892840823177;19041000;1703000;FOFURA;108;10,22;10,16;12,79;21,25;31,24;12;1,65;7,6;13,23;16,39;17;3,61;1016;7430;10983;19839;425;0;13,05;10008;FORNECEDORES ESPECIAIS;10099;PEPSICO;7;EXTRUSADOS;108;425,022
21327;BISC FOFURA CHURRASCO C/10UN 60G;FD;1;7892840823191;19041000;1703000;FOFURA;269;10,22;10,17;12,8;21,25;31,24;12;1,65;7,6;13,23;16,39;17;3,61;2169;14660;17023;26442;645;0;13,05;10008;FORNECEDORES ESPECIAIS;10099;PEPSICO;7;EXTRUSADOS;269;645,833
21326;BISC FOFURA PRESUNTO C/10UN 60G;FD;1;7892840823207;19041000;1703000;FOFURA;597;10,22;10,11;12,74;21,25;31,24;12;1,65;7,6;13,23;16,39;17;3,61;1624;5607;10006;12050;307;1;13,05;10008;FORNECEDORES ESPECIAIS;10099;PEPSICO;7;EXTRUSADOS;597;307,367
21329;BISC FOFURA QUEIJO PALITO C/10UN 60G;FD;1;7892840823214;19041000;1703000;FOFURA;4;10,22;10,19;12,82;21,25;31,24;12;1,65;7,6;13,23;16,39;17;3,61;396;4352;2955;15465;253;0;13,05;10008;FORNECEDORES ESPECIAIS;10099;PEPSICO;7;EXTRUSADOS;4;253,022
21330;BISC FOFURA REQUEIJAO C/10UN 60G;FD;1;7892840823221;19041000;1703000;FOFURA;530;10,07;10,04;12,66;21,25;31,24;12;1,65;7,6;13,23;16,39;17;3,61;537;3189;5366;7620;179;2;13,05;10008;FORNECEDORES ESPECIAIS;10099;PEPSICO;7;EXTRUSADOS;530;179,722
17842;BISC FRITOP BACON LISO COSTELINHA 40G;CX;24;7898944639294;19059090;1703101;FRITOP;22;0,8;1,06;1,33;21,25;33,28;12;1,65;7,6;1,01;1,82;1,89;3,84;0;15;15;0;0;2;1;2;MERCEARIA DOCE;206;SALGADINHOS E APERITIVOS;2;BATATA CHIPS;22;0,333333333333333
24714;BISC FRITOP BACON LISO TUIGUI 150G;CX;16;7898026323073;19059090;1703101;FRITOP;297;3,16;3,16;3,96;21,25;33,28;12;1,65;7,6;4,02;4,8;4,99;3,84;0;0;0;0;;;3,96;2;MERCEARIA DOCE;206;SALGADINHOS E APERITIVOS;2;BATATA CHIPS;297;
17840;BISC FRITOP BACON LISO TUIGUI 40G;CX;24;7898944639386;19059090;1703101;FRITOP;22;1,12;0,88;1,08;21,25;33,28;12;1,65;7,6;1,42;1,34;1,39;3,84;10;14;0;0;0;6;1,4;2;MERCEARIA DOCE;206;SALGADINHOS E APERITIVOS;2;BATATA CHIPS;22,7916666666667;0,155541666666667
17841;BISC FRITOP BACON LISO TUIGUI 80G;CX;24;7898944639812;19059090;1703101;FRITOP;2;1,2;1,2;1,5;9,25;;0;1,65;7,6;1,25;1,79;1,79;0;0;0;1;5;0;1;1,5;2;MERCEARIA DOCE;206;SALGADINHOS E APERITIVOS;2;BATATA CHIPS;2;0,0666666666666667
22050;BISC FRITOP BACON LISTRADO TUIGUI 170G;CX;10;7898026322601;19059090;1703101;FRITOP;51;3,16;3,16;3,96;21,25;33,28;12;1,65;7,6;4,46;5,48;5,7;3,84;14;57;48;24;1;3;3,96;2;MERCEARIA DOCE;206;SALGADINHOS E APERITIVOS;2;BATATA CHIPS;51;1,4333
19411;BISC FRITOP SALGADINHO BACON 100G;CX;20;7898026321109;19049000;1703000;FRITOP;24;1,32;1,49;1,86;21,25;31,24;12;1,65;7,6;2,04;2,69;2,79;3,61;35;26;24;0;0;2;1,65;2;MERCEARIA DOCE;206;SALGADINHOS E APERITIVOS;2;BATATA CHIPS;24;0,55555
17917;BISC FRITOP SALGADINHO BACON 50G;CX;24;7898026321147;19049000;1703000;FRITOP;9;0,71;0,74;0,92;21,25;31,24;12;1,65;7,6;1,23;1,34;1,39;3,61;90;39;20;0;0;0;0,89;2;MERCEARIA DOCE;206;SALGADINHOS E APERITIVOS;2;BATATA CHIPS;9;0,655541666666667
17919;BISC FRITOP SALGADINHO CB SALSA 50G;CX;24;7898944639683;19049000;1703000;FRITOP;9;0,71;0,74;0,92;21,25;31,24;12;1,65;7,6;1,05;1,34;1,39;3,61;98;61;34;9;1;0;0,89;2;MERCEARIA DOCE;206;SALGADINHOS E APERITIVOS;4;EXTRUSADOS;9;1,15554166666667
17904;BISC FRITOP SALGADINHO CEBOLA 100G;CX;20;7898026320553;19049000;1703000;FRITOP;42;1,69;1,68;2,1;21,25;31,24;12;1,65;7,6;2,06;2,69;2,79;3,61;0;33;12;23;0;2;2,12;2;MERCEARIA DOCE;206;SALGADINHOS E APERITIVOS;4;EXTRUSADOS;42;0,75555
24715;BISC FRITOP SALGADINHO CEBOLA/SALSA 170G;CX;16;7898026322908;19049000;1703000;FRITOP;193;1,67;2,66;3,34;21,25;31,24;12;1,65;7,6;4,02;4,81;4,99;3,61;100;0;0;0;;;2,09;2;MERCEARIA DOCE;206;SALGADINHOS E APERITIVOS;4;EXTRUSADOS;193;
17905;BISC FRITOP SALGADINHO CHURRASCO 100G;CX;20;7898026320577;19049000;1703000;FRITOP;29;1,69;1,69;2,11;21,25;31,24;12;1,65;7,6;2,06;2,69;2,79;3,61;12;34;12;17;0;2;2,12;2;MERCEARIA DOCE;206;SALGADINHOS E APERITIVOS;4;EXTRUSADOS;29;0,7
21421;BISC FRITOP SALGADINHO CHURRASCO 200G;CX;10;7898026322489;19049000;1703000;FRITOP;203;2,92;3,01;3,77;21,25;31,24;12;1,65;7,6;4,02;5;5,19;3,61;429;1606;1220;1631;49;0;3,66;2;MERCEARIA DOCE;206;SALGADINHOS E APERITIVOS;4;EXTRUSADOS;203;49,5222
21983;BISC FRITOP SALGADINHO MIX DE QUEIJ 170G;CX;10;7898026322618;19049000;1703000;FRITOP;38;2,67;3;3,75;21,25;31,24;12;1,65;7,6;3,82;4,81;4,99;3,61;20;103;58;45;2;1;3,34;2;MERCEARIA DOCE;206;SALGADINHOS E APERITIVOS;4;EXTRUSADOS;38;2,2889
22856;BISC FRITOP SALGADINHO MIX DE QUEIJO 80G;CX;24;7898026322625;19049000;1703000;FRITOP;8;1,34;1,41;1,77;21,25;31,24;12;1,65;7,6;1,7;2,89;3;3,61;0;7;5;0;0;2;1,67;2;MERCEARIA DOCE;206;SALGADINHOS E APERITIVOS;4;EXTRUSADOS;8;0,133333333333333
19412;BISC FRITOP SALGADINHO PRESUNTO 100G;CX;20;7898026320560;19049000;1703000;FRITOP;30;1,69;1,69;2,12;21,25;31,24;12;1,65;7,6;2,06;2,69;2,79;3,61;0;32;8;11;0;2;2,12;2;MERCEARIA DOCE;206;SALGADINHOS E APERITIVOS;4;EXTRUSADOS;30;0,56665
19413;BISC FRITOP SALGADINHO QUEIJO 100G;CX;20;7898026320584;19049000;1703000;FRITOP;28;1,32;1,53;1,92;21,25;31,24;12;1,65;7,6;2,06;2,69;2,79;3,61;20;24;9;26;0;2;1,65;2;MERCEARIA DOCE;206;SALGADINHOS E APERITIVOS;4;EXTRUSADOS;28;0,65555
21984;BISC FRITOP SALGADINHO QUEIJO 200G;CX;10;7898026322595;19049000;1703000;FRITOP;54;2,92;2,92;3,66;21,25;31,24;12;1,65;7,6;3,87;5;5,19;3,61;125;1104;928;1030;34;0;3,66;2;MERCEARIA DOCE;206;SALGADINHOS E APERITIVOS;4;EXTRUSADOS;54,6;34,0222
17921;BISC FRITOP SALGADINHO QUEIJO 50G;CX;24;7898944639713;19049000;1703000;FRITOP;2;0,96;0,95;1,2;21,25;31,24;12;1,65;7,6;1,23;1,34;1,39;3,61;0;26;9;4;0;0;1,21;2;MERCEARIA DOCE;206;SALGADINHOS E APERITIVOS;4;EXTRUSADOS;2,875;0,433333333333333
17906;BISC FRITOP SALGADINHO REQUEI 100G;CX;20;7898026321093;19049000;1703000;FRITOP;20;1,69;1,69;2,12;21,25;31,24;12;1,65;7,6;2,06;2,69;2,79;3,61;0;22;13;24;0;1;2,12;2;MERCEARIA DOCE;206;SALGADINHOS E APERITIVOS;4;EXTRUSADOS;20;0,65555
20148;BISC FRITOP SALGADINHO REQUEI 200G;CX;10;7898026322373;19049000;1703000;FRITOP;223;2,92;3;3,76;21,25;31,24;12;1,65;7,6;3,87;5;5,19;3,61;543;2030;1516;1634;57;0;3,66;2;MERCEARIA DOCE;206;SALGADINHOS E APERITIVOS;4;EXTRUSADOS;223,9;57,5556
15171;BISC HERSHEYS WAFER CHOCOTUBES AL 25G;CX;90;7899970401183;19053200;1705800;HERSHEY;5;1,21;1,21;1,51;21,25;16,05;12;1,65;7,6;1,19;1,79;1,82;1,89;0;5;0;5;0;0;1,51;3;MERCEARIA ESPECIAL;301;BISCOITOS;1;BISCOITOS DOCES;5;0,111111111111111
15172;BISC HERSHEYS WAFER CHOCOTUBES CNC 25G;CX;90;7899970401206;19053200;1705800;HERSHEY;5;1,21;1,21;1,51;21,25;16,05;12;1,65;7,6;1,19;1,79;1,82;1,89;0;5;0;5;0;0;1,51;3;MERCEARIA ESPECIAL;301;BISCOITOS;1;BISCOITOS DOCES;5;0,111111111111111
21096;BISC HERSHEYS WAFER CHOCOTUBES FV 25G;CX;90;7899970403125;19053200;1705800;HERSHEY;5;1,21;1,21;1,51;21,25;16,05;12;1,65;7,6;1,4;1,79;1,82;1,89;0;2;0;5;0;0;1,51;3;MERCEARIA ESPECIAL;301;BISCOITOS;1;BISCOITOS DOCES;5;0,0777777777777778
14594;BISC HERSHEYS WAFER MAIS AMENDOIM 102G;CX;48;7899970400698;19053200;1705800;HERSHEY;5;2,97;2,97;3,71;21,25;16,05;12;1,65;7,6;2,91;4,39;4,47;1,89;0;0;0;5;0;1;3,71;3;MERCEARIA ESPECIAL;301;BISCOITOS;1;BISCOITOS DOCES;5;0,0555625
14593;BISC HERSHEYS WAFER MAIS CNC 102G;CX;48;7899970400681;19053200;1705800;HERSHEY;10;2,97;2,94;3,69;21,25;16,05;12;1,65;7,6;2,91;4,39;4,47;1,89;0;10;0;5;0;1;3,71;3;MERCEARIA ESPECIAL;301;BISCOITOS;1;BISCOITOS DOCES;10;0,166666666666667
24292;BISC HERSHEYS WAFER MAIS MOR CHOC B 102G;CX;48;7899970402128;19053200;1705800;HERSHEY;22;2,97;2,89;3,62;21,25;16,05;12;1,65;7,6;3,42;4,06;4,13;1,89;0;11;0;5;0;2;3,71;3;MERCEARIA ESPECIAL;301;BISCOITOS;1;BISCOITOS DOCES;22;0,177770833333333
14595;BISC HERSHEYS WAFER MAIS TRIP CHOC 102G;CX;48;7899970400704;19053200;1705800;HERSHEY;5;2,97;2,97;3,71;21,25;16,05;12;1,65;7,6;2,91;4,39;4,47;1,89;0;8;0;5;0;0;3,71;3;MERCEARIA ESPECIAL;301;BISCOITOS;1;BISCOITOS DOCES;5;0,1444375
5608;BISC LOOK WAFER ATREVIDOS 55G;CX;20;7891340303615;19053200;1705700;LOOK;51;1,32;1,32;1,65;21,25;33,59;12;1,65;7,6;1,73;2,06;2,14;3,87;330;1612;946;1057;40;0;1,65;3;MERCEARIA ESPECIAL;301;BISCOITOS;1;BISCOITOS DOCES;51;40,16665
5609;BISC LOOK WAFER CHOCOLATE 55G;CX;20;7891340303233;19053200;1705700;LOOK;1152;1,32;1,32;1,65;21,25;33,59;12;1,65;7,6;1,73;2,06;2,14;3,87;1339;5473;4455;4387;159;0;1,65;3;MERCEARIA ESPECIAL;301;BISCOITOS;1;BISCOITOS DOCES;1152,15;159,0828
13295;BISC LOOK WAFER COOKIES & CREAM 55G;CX;20;7891340365392;19053200;1705700;LOOK;600;1,32;1,32;1,65;21,25;33,59;12;1,65;7,6;1,73;2,06;2,14;3,87;502;952;729;979;29;1;1,65;3;MERCEARIA ESPECIAL;301;BISCOITOS;1;BISCOITOS DOCES;600,3;29,56335
5610;BISC LOOK WAFER FLORESTA N 55G;CX;20;7891340303714;19053200;1705700;LOOK;330;1,32;1,32;1,65;21,25;33,59;12;1,65;7,6;1,73;2,06;2,14;3,87;511;1168;851;932;32;0;1,65;3;MERCEARIA ESPECIAL;301;BISCOITOS;1;BISCOITOS DOCES;330;32,7889
5607;BISC LOOK WAFER MORANGO 55G;CX;20;7891340303332;19053200;1705700;LOOK;1155;1,32;1,32;1,65;21,25;33,59;12;1,65;7,6;1,73;2,06;2,14;3,87;313;1607;1462;1718;53;1;1,65;3;MERCEARIA ESPECIAL;301;BISCOITOS;1;BISCOITOS DOCES;1155,35;53,2072
12067;BISC LOOK WAFER NAPOLITANO 55G;CX;20;7891340365248;19053200;1705700;LOOK;2;1,32;1,32;1,65;21,25;33,59;12;1,65;7,6;1,73;2,06;2,14;3,87;9;854;438;406;18;0;1,65;3;MERCEARIA ESPECIAL;301;BISCOITOS;1;BISCOITOS DOCES;2;18,86665
24302;BISC MABEL COOKIE BAUNI C/GOTAS CHOC 57G;CX;42;7896071030250;19053100;1705300;MABEL;46;1,33;1,33;1,66;21,25;25;12;1,65;7,6;1,69;1,84;1,9;2,91;2;31;32;2;0;1;1,66;3;MERCEARIA ESPECIAL;301;BISCOITOS;1;BISCOITOS DOCES;46;0,722214285714286
20748;BISC MABEL ROSQUINHA BANAN E CANELA 300G;CX;32;7896071030038;19053100;1705301;MABEL;328;2,32;2,32;2,9;21,25;;12;1,65;7,6;3,24;3,79;3,79;0;87;446;233;353;11;0;2,9;3;MERCEARIA ESPECIAL;301;BISCOITOS;1;BISCOITOS DOCES;328,03125;11,46665625
20746;BISC MABEL ROSQUINHA CHOCOLATE 300G;CX;32;7896071030014;19053100;1705300;MABEL;300;2,32;2,34;2,94;21,25;25;12;1,65;7,6;3,24;3,68;3,79;2,91;20;253;110;263;6;1;2,9;3;MERCEARIA ESPECIAL;301;BISCOITOS;1;BISCOITOS DOCES;300,5625;6,9555625
20745;BISC MABEL ROSQUINHA COCO 300G;CX;32;7896071030007;19053100;1705301;MABEL;571;2,32;2,34;2,93;21,25;;12;1,65;7,6;3,24;3,79;3,79;0;89;649;286;463;15;1;2,9;3;MERCEARIA ESPECIAL;301;BISCOITOS;1;BISCOITOS DOCES;571,1875;15,5444375
20747;BISC MABEL ROSQUINHA LEITE 300G;CX;32;7896071030021;19053100;1705301;MABEL;312;2,32;2,32;2,91;21,25;;12;1,65;7,6;3,24;3,79;3,79;0;76;379;268;288;10;0;2,9;3;MERCEARIA ESPECIAL;301;BISCOITOS;1;BISCOITOS DOCES;312,25;10,39965625
23283;BISC MINUETO WAFER BAUNILHA 81G;CX;36;7896004010021;19053200;1705700;MINUETO (PARATI);11;1,08;1,08;1,35;21,25;33,59;12;1,65;7,6;1,37;1,73;1,8;3,87;7;52;0;38;1;0;1,35;3;MERCEARIA ESPECIAL;301;BISCOITOS;1;BISCOITOS DOCES;11;1
23284;BISC MINUETO WAFER BRIGADEIRO 81G;CX;36;7896004010014;19053200;1705700;MINUETO (PARATI);37;1,08;1,08;1,35;21,25;33,59;12;1,65;7,6;1,37;1,73;1,8;3,87;15;115;15;50;2;0;1,35;3;MERCEARIA ESPECIAL;301;BISCOITOS;1;BISCOITOS DOCES;37;2
23282;BISC MINUETO WAFER CHOC C/ AVELA 81G;CX;36;7896004010038;19053200;1705700;MINUETO (PARATI);47;1,08;1,08;1,36;21,25;33,59;12;1,65;7,6;1,37;1,73;1,8;3,87;8;146;14;30;2;0;1,35;3;MERCEARIA ESPECIAL;301;BISCOITOS;1;BISCOITOS DOCES;47;2,11111111111111
23287;BISC MINUETO WAFER CHOCOLATE 81G;CX;36;7896004009988;19053200;1705700;MINUETO (PARATI);133;1,08;1,08;1,35;21,25;33,59;12;1,65;7,6;1,37;1,73;1,8;3,87;32;163;31;89;3;1;1,35;3;MERCEARIA ESPECIAL;301;BISCOITOS;1;BISCOITOS DOCES;133;3,14444444444444
23285;BISC MINUETO WAFER LIMAO 81G;CX;36;7896004010007;19053200;1705700;MINUETO (PARATI);31;1,08;1,08;1,35;21,25;33,59;12;1,65;7,6;1,37;1,73;1,8;3,87;13;109;18;53;2;0;1,35;3;MERCEARIA ESPECIAL;301;BISCOITOS;1;BISCOITOS DOCES;31;2
23286;BISC MINUETO WAFER MORANGO 81G;CX;36;7896004009995;19053200;1705700;MINUETO (PARATI);66;1,08;1,08;1,35;21,25;33,59;12;1,65;7,6;1,37;1,73;1,8;3,87;18;163;14;68;2;0;1,35;3;MERCEARIA ESPECIAL;301;BISCOITOS;1;BISCOITOS DOCES;66;2,72222222222222
20471;BISC NESTLE BONO RECH 90G;CX;66;7891000376843;19053100;1705300;NESTLE;29;1,26;1,26;1,49;21,25;25;12;1,65;7,6;1,72;1,93;1,99;2,91;72;137;57;226;4;0;1,68;10008;FORNECEDORES ESPECIAIS;10098;NESTLÉ;2;BISCOITOS DOCES;29;4,66666666666667
19754;BISC NESTLE NEGRESCO RECH 90G;CX;66;7891000376768;19053100;1705300;NESTLE;174;1,26;1,26;1,49;21,25;25;12;1,65;7,6;1,72;1,93;1,99;2,91;24;507;211;399;12;0;1,68;10008;FORNECEDORES ESPECIAIS;10098;NESTLÉ;2;BISCOITOS DOCES;174,015151515152;12,4111060606061
24669;BISC PIRAQUE NEWAFER BRIGADEIRO 100G;CX;20;7896024726742;19053200;1705700;PIRAQUE;57;2,32;2,32;2,68;21,25;33,59;12;1,65;7,6;2,76;2,87;2,99;3,87;1;61;0;0;0;4;2,61;3;MERCEARIA ESPECIAL;301;BISCOITOS;1;BISCOITOS DOCES;57;0,6778
4267;BISC PIRAQUE PRESUNTINHO 100G;CX;20;7896024720382;19053100;1705300;PIRAQUE;38;1,86;1,79;2,05;21,25;25;12;1,65;7,6;2,11;2,69;2,77;2,91;226;1284;237;1206;30;0;2,05;2;MERCEARIA DOCE;206;SALGADINHOS E APERITIVOS;2;BATATA CHIPS;38;30,3
14997;BISC PIRAQUE RECH BRIGADEIRO 160G;CX;30;7896024760432;19053100;1705300;PIRAQUE;155;1,87;1,87;2,16;21,25;25;12;1,65;7,6;2,23;2,71;2,79;2,91;30;290;99;409;8;0;2,1;3;MERCEARIA ESPECIAL;301;BISCOITOS;1;BISCOITOS DOCES;155,4;8,87333333333333
14999;BISC PIRAQUE RECH CHOCOLATE 160G;CX;30;7896024760357;19053100;1705300;PIRAQUE;269;1,86;1,86;2,14;21,25;25;12;1,65;7,6;2,21;2,71;2,79;2,91;348;1671;882;1979;50;0;2,1;3;MERCEARIA ESPECIAL;301;BISCOITOS;1;BISCOITOS DOCES;269,166666666667;50,3766666666667
14995;BISC PIRAQUE RECH LIMAO 160G;CX;30;7896024760371;19053100;1705300;PIRAQUE;191;1,87;1,87;2,16;21,25;25;12;1,65;7,6;2,23;2,71;2,79;2,91;154;888;633;574;23;0;2,1;3;MERCEARIA ESPECIAL;301;BISCOITOS;1;BISCOITOS DOCES;191;23,2777666666667
14994;BISC PIRAQUE RECH MORANGO 160G;CX;30;7896024760364;19053100;1705300;PIRAQUE;272;1,87;1,87;2,16;21,25;25;12;1,65;7,6;2,23;2,71;2,79;2,91;53;755;583;422;19;0;2,1;3;MERCEARIA ESPECIAL;301;BISCOITOS;1;BISCOITOS DOCES;272;19,5555666666667
4271;BISC PIRAQUE SALGADINHO 100G;CX;20;7896024720115;19053100;1705600;PIRAQUE;33;1,8;1,75;2;21,25;25;12;1,65;7,6;2,23;2,69;2,77;2,91;33;329;216;324;9;0;1,99;2;MERCEARIA DOCE;206;SALGADINHOS E APERITIVOS;2;BATATA CHIPS;33;9,65555
17352;BISC PIRAQUE WAFER BRIGADEIRO 100G;CX;20;7896024760661;19053200;1705700;PIRAQUE;280;1,64;1,64;1,89;21,25;33,59;12;1,65;7,6;1,86;2,19;2,28;3,87;228;401;602;351;15;0;1,84;3;MERCEARIA ESPECIAL;301;BISCOITOS;1;BISCOITOS DOCES;280;15,04445
17545;BISC PIRAQUE WAFER CHOCOLATE 100G;CX;20;7896024760647;19053200;1705700;PIRAQUE;408;1,62;1,62;1,87;21,25;33,59;12;1,65;7,6;1,86;2,19;2,28;3,87;465;1940;1642;1670;58;0;1,84;3;MERCEARIA ESPECIAL;301;BISCOITOS;1;BISCOITOS DOCES;408;58,35555
17351;BISC PIRAQUE WAFER LIMAO 100G;CX;20;7896024760678;19053200;1705700;PIRAQUE;415;1,64;1,63;1,88;21,25;33,59;12;1,65;7,6;1,86;2,19;2,28;3,87;32;851;488;909;24;0;1,84;3;MERCEARIA ESPECIAL;301;BISCOITOS;1;BISCOITOS DOCES;415;24,9778
17345;BISC PIRAQUE WAFER MORANGO 100G;CX;20;7896024760654;19053200;1705700;PIRAQUE;92;1,64;1,64;1,89;21,25;33,59;12;1,65;7,6;1,94;2,19;2,28;3,87;243;779;852;902;28;0;1,84;3;MERCEARIA ESPECIAL;301;BISCOITOS;1;BISCOITOS DOCES;92;28,14445
20853;BISC POLVILHO FRITOP SALGADO 180G;FD;10;7898026322472;19059090;1703102;FRITOP;62;2,67;3,02;3,78;21,25;33,28;12;1,65;7,6;3,87;4,79;4,98;3,84;53;148;130;198;5;1;3,34;3;MERCEARIA ESPECIAL;301;BISCOITOS;4;POLVILHOS;62,2;5,2967
20853;BISC POLVILHO FRITOP SALGADO 180G;FD;10;7898026322472;19059090;1703102;FRITOP;62;2,67;3,02;3,78;21,25;33,28;12;1,65;7,6;3,87;4,79;4,98;3,84;53;148;130;198;5;1;3,34;3;MERCEARIA ESPECIAL;301;BISCOITOS;4;POLVILHOS;62,2;5,2967
20156;BISC RICHESTER C CRACKER AMANT SUP 170G;CX;36;7891152802054;19053100;1705302;RICHESTER;1574;1,89;1,89;2,29;21,25;;12;1,65;7,6;2,11;2,89;2,89;0;325;645;822;1294;30;1;2,29;3;MERCEARIA ESPECIAL;301;BISCOITOS;3;BISCOITOS SALGADOS;1574;30,6777777777778
17609;BISC RICHESTER C CRACKER SUP AMANT 350G;CX;24;7891152801521;19053100;1705302;RICHESTER;419;3,54;3,54;4,07;21,25;;12;1,65;7,6;4,44;4,79;4,79;0;0;4;835;6;9;1;3,87;3;MERCEARIA ESPECIAL;301;BISCOITOS;3;BISCOITOS SALGADOS;419;9,388875
21394;BISC SKINY SALG CLASSICO PRESUNTO 35G;CX;42;7892840823269;19041000;1703000;SKINY;992;0,66;0,66;0,82;21,25;31,24;12;1,65;7,6;0,83;1,15;1,19;3,61;632;1684;2051;1860;62;0;0,82;10008;FORNECEDORES ESPECIAIS;10099;PEPSICO;7;EXTRUSADOS;992;62,1867619047619
21395;BISC SKINY SALG CLASSICO QUEIJO 35G;CX;42;7892840823832;19041000;1703000;SKINY;229;0,66;0,66;0,82;21,25;31,24;12;1,65;7,6;0,83;1,15;1,19;3,61;703;1114;1732;1576;49;0;0,82;10008;FORNECEDORES ESPECIAIS;10099;PEPSICO;7;EXTRUSADOS;229,071428571429;49,1529047619048
21396;BISC SKINY SALG NATURAL 35G;CX;42;7892840823252;19041000;1703000;SKINY;1165;0,66;0,66;0,82;21,25;31,24;12;1,65;7,6;0,83;1,15;1,19;3,61;640;2244;2220;2299;75;0;0,82;10008;FORNECEDORES ESPECIAIS;10099;PEPSICO;7;EXTRUSADOS;1165,97619047619;75,1444523809524
21335;BISC TORCIDA BACON 60G;CX;24;7892840822552;19059090;1703101;TORCIDA;1953;0,95;0,96;1,21;21,25;33,28;12;1,65;7,6;1,33;1,68;1,75;3,84;125;2635;2360;3639;95;0;1,24;10008;FORNECEDORES ESPECIAIS;10099;PEPSICO;7;EXTRUSADOS;1953,66666666667;95,9393333333333
21344;BISC TORCIDA CAMARAO 60G;CX;24;7892840822569;19059090;1703101;TORCIDA;833;0,95;0,94;1,19;21,25;33,28;12;1,65;7,6;1,33;1,68;1,75;3,84;50;461;662;410;17;2;1,24;10008;FORNECEDORES ESPECIAIS;10099;PEPSICO;7;EXTRUSADOS;833;17,0333333333333
21336;BISC TORCIDA CEBOLA 60G;CX;24;7892840822576;19059090;1703101;TORCIDA;1349;0,95;0,95;1,2;21,25;33,28;12;1,65;7,6;1,33;1,68;1,75;3,84;207;2213;2067;2811;78;0;1,24;10008;FORNECEDORES ESPECIAIS;10099;PEPSICO;7;EXTRUSADOS;1349,91666666667;78,788875
21341;BISC TORCIDA CHURRASCO 60G;CX;24;7892840822590;19059090;1703101;TORCIDA;1421;0,95;0,96;1,21;21,25;33,28;12;1,65;7,6;1,33;1,68;1,75;3,84;225;3188;3217;4105;116;0;1,24;10008;FORNECEDORES ESPECIAIS;10099;PEPSICO;7;EXTRUSADOS;1421,08333333333;116,777791666667
21345;BISC TORCIDA COSTELA 60G;CX;24;7892840822606;19059090;1703101;TORCIDA;1139;0,95;0,95;1,2;21,25;33,28;12;1,65;7,6;1,26;1,68;1,75;3,84;98;1121;829;1047;33;1;1,24;10008;FORNECEDORES ESPECIAIS;10099;PEPSICO;7;EXTRUSADOS;1139,58333333333;33,3097083333333
21358;BISC TORCIDA PAO DE ALHO 60G;CX;24;7892840822620;19059090;1703101;TORCIDA;908;0,95;0,95;1,2;21,25;33,28;12;1,65;7,6;1,26;1,68;1,75;3,84;20;403;866;418;18;2;1,24;10008;FORNECEDORES ESPECIAIS;10099;PEPSICO;7;EXTRUSADOS;908;18,7444583333333
21343;BISC TORCIDA PIMENTA MEXICANA 60G;CX;24;7892840822637;19059090;1703101;TORCIDA;731;0,95;0,96;1,21;21,25;33,28;12;1,65;7,6;1,26;1,68;1,75;3,84;92;1401;1479;1355;47;0;1,24;10008;FORNECEDORES ESPECIAIS;10099;PEPSICO;7;EXTRUSADOS;731,5;47,0555416666667
21342;BISC TORCIDA QUEIJO 60G;CX;24;7892840822644;19059090;1703101;TORCIDA;752;0,95;0,95;1,2;21,25;33,28;12;1,65;7,6;1,33;1,68;1,75;3,84;171;2131;2475;2052;73;0;1,24;10008;FORNECEDORES ESPECIAIS;10099;PEPSICO;7;EXTRUSADOS;752,666666666667;73,9777916666667
21471;BISC TORCIDA VINAGRETE 60G;CX;24;7892840822651;19059090;1703101;TORCIDA;504;0,95;0,94;1,19;21,25;33,28;12;1,65;7,6;1,26;1,68;1,75;3,84;5;138;296;173;6;3;1,24;10008;FORNECEDORES ESPECIAIS;10099;PEPSICO;7;EXTRUSADOS;504;6,74445833333333
13169;BISC TRAKINAS VSA RECH CHOCOLATE 126G;CX;54;7622210592750;19053100;1705300;TRAKINAS;2501;1,47;1,55;1,9;21,25;25;12;1,65;7,6;1,33;2,23;2,3;2,91;310;1870;1189;2142;57;0;2,11;3;MERCEARIA ESPECIAL;301;BISCOITOS;1;BISCOITOS DOCES;2501;57,7888888888889
13353;BISC TRAKINAS VSA RECH M/M CHO/BCO 126G;CX;54;7622210592668;19053100;1705300;TRAKINAS;100;1,77;1,77;1,95;21,25;25;12;1,65;7,6;2,05;2,23;2,3;2,91;291;735;617;950;25;0;1,95;3;MERCEARIA ESPECIAL;301;BISCOITOS;1;BISCOITOS DOCES;100;25,5777777777778
13168;BISC TRAKINAS VSA RECH M/M CHO/MOR 126G;CX;54;7622210592637;19053100;1705300;TRAKINAS;978;1,77;1,64;1,91;21,25;25;12;1,65;7,6;2,05;2,23;2,3;2,91;185;755;549;680;22;0;1,95;3;MERCEARIA ESPECIAL;301;BISCOITOS;1;BISCOITOS DOCES;978;22,0444444444444
13172;BISC TRAKINAS VSA RECH MORANGO 126G;CX;54;7622210592781;19053100;1705300;TRAKINAS;1512;1,47;1,55;1,9;21,25;25;12;1,65;7,6;2,05;2,23;2,3;2,91;232;1016;794;1552;37;0;2,11;3;MERCEARIA ESPECIAL;301;BISCOITOS;1;BISCOITOS DOCES;1512;37,3555555555556
18747;BISC TRAKINAS VSA RECH TORT LIMAO 126G;CX;54;7622210573933;19053100;1705300;TRAKINAS;332;1,77;1,63;1,91;21,25;25;12;1,65;7,6;2,05;2,13;2,19;2,91;32;194;65;282;6;1;1,95;3;MERCEARIA ESPECIAL;301;BISCOITOS;1;BISCOITOS DOCES;332;6,01111111111111
18748;BISC TRAKINAS VSA RECH TUTTI FRUTT 126G;CX;54;7622210573919;19053100;1705300;TRAKINAS;78;1,47;1,44;1,85;21,25;25;12;1,65;7,6;2,05;2,23;2,3;2,91;127;50;115;195;4;0;2,11;3;MERCEARIA ESPECIAL;301;BISCOITOS;1;BISCOITOS DOCES;78;4
23529;BISC TUCS DIN CRACKERS BACON 100G;CX;30;7896061301339;19053100;1705302;TUCS DIN;16;1,11;1,11;1,43;21,25;;12;1,65;7,6;1,71;1,89;1,89;0;2;17;2;28;0;1;1,58;3;MERCEARIA ESPECIAL;301;BISCOITOS;3;BISCOITOS SALGADOS;16;0,522233333333333
4192;BISC TUCS DIN CRACKERS CHURRASCO 100G;CX;30;7896061302251;19053100;1705302;TUCS DIN;16;1,11;1,11;1,43;21,25;;12;1,65;7,6;1,71;1,89;1,89;0;2;18;8;22;0;1;1,58;3;MERCEARIA ESPECIAL;301;BISCOITOS;3;BISCOITOS SALGADOS;16;0,533333333333333
4194;BISC TUCS DIN CRACKERS PIZZA 100G;CX;30;7896061301865;19053100;1705302;TUCS DIN;24;1,11;1,11;1,43;21,25;;12;1,65;7,6;1,71;1,89;1,89;0;7;4;3;27;0;2;1,58;3;MERCEARIA ESPECIAL;301;BISCOITOS;3;BISCOITOS SALGADOS;24;0,377766666666667
4190;BISC TUCS DIN CRACKERS QUEIJO 100G;CX;30;7896061300189;19053100;1705302;TUCS DIN;25;1,11;1,11;1,43;21,25;;12;1,65;7,6;1,71;1,89;1,89;0;5;22;13;37;0;1;1,58;3;MERCEARIA ESPECIAL;301;BISCOITOS;3;BISCOITOS SALGADOS;25;0,8
4193;BISC TUCS DIN CRACKERS TRAD 100G;CX;30;7896061300677;19053100;1705302;TUCS DIN;188;1,11;1,11;1,43;21,25;;12;1,65;7,6;1,71;1,89;1,89;0;9;125;100;97;3;1;1,58;3;MERCEARIA ESPECIAL;301;BISCOITOS;3;BISCOITOS SALGADOS;188;3,57776666666667
16827;BISC VITARELLA DELICITA CRISTAL DOC 414G;CX;24;7896213005771;19053100;1705301;VITARELLA;14;4,15;4,15;4,81;21,25;25;12;1,65;7,6;4,49;5,21;5,37;2,91;3;62;0;0;0;0;4,81;3;MERCEARIA ESPECIAL;301;BISCOITOS;1;BISCOITOS DOCES;14;0,688875
22786;BLEND LISBOA CHIMICHURRI VD 500ML;CX;12;7898073355638;15079011;1706500;LISBOA;7;12,64;12,64;14,42;12;;12;0;0;14,85;17,6;17,6;0;0;6;0;0;0;8;14,85;10006;ALTO GIRO;10085;ÓLEOS E AZEITES;23;OLEO COMPOSTO;7;0,0666666666666667
22784;BLEND LISBOA OLIVE VD 468G;CX;12;7898073357663;15079011;1706500;LISBOA;7;12,64;12,64;14,42;12;;12;0;0;14,85;17,6;17,6;0;0;5;0;0;0;10;14,85;10006;ALTO GIRO;10085;ÓLEOS E AZEITES;23;OLEO COMPOSTO;7,08333333333333;0,0555833333333333
24364;BLEND VISEU AZEIT OLIV E OLE VG VD 500ML;CX;12;7898962919279;15079011;1706500;VISEU;907;7,24;7,26;8,37;12;;12;0;0;9,22;10,9;10,9;0;206;508;561;504;17;4;9,22;10006;ALTO GIRO;10085;ÓLEOS E AZEITES;23;OLEO COMPOSTO;907,833333333333;17,47775
23074;BLOQ DE ODORES COALA Nº2 LAVANDA 60ML;CX;12;7897744502616;33074900;;COALA;3;9,17;8,16;9,05;12;;12;0;0;10,41;10,99;10,99;0;0;0;0;1;0;22;7,97;10001;LIMPEZA;10054;CUIDADOS COM A CASA;168;PURIFICADORES E ODORIZADORES;3;0,0110833333333333
23075;BLOQ DE ODORES COALA Nº2 LEMONGRASS 60ML;CX;12;7897744502630;33074900;;COALA;9;7,38;7,38;8,19;12;;12;0;0;8,39;10,99;10,99;0;0;0;0;0;0;;6,71;10001;LIMPEZA;10054;CUIDADOS COM A CASA;168;PURIFICADORES E ODORIZADORES;9;0
12477;BOLINHO BAUDUCCO BAUN C CHOC 40G;CX;144;7891962000725;19059090;1706201;BAUDUCCO;18;1,13;1,11;1,39;21,25;20,57;12;1,65;7,6;1,44;1,75;1,79;2,41;4;11;16;25;0;0;1,42;9;PADARIA INDUSTRIAL;901;BOLOS E OUTROS;1;BOLOS E MUFFINS;18;0,577777777777778
12473;BOLINHO BAUDUCCO BAUN/MORAN 40G;CX;144;7891962015620;19059090;1706201;BAUDUCCO;12;1,13;1,13;1,42;21,25;20,57;12;1,65;7,6;1,44;1,75;1,79;2,41;0;24;6;17;0;0;1,42;9;PADARIA INDUSTRIAL;901;BOLOS E OUTROS;1;BOLOS E MUFFINS;12;0,522222222222222
24252;BOLINHO BAUDUCCO DUO FINI MARSHMALLW 30G;CX;90;7891962080031;19059090;1706201;BAUDUCCO;10;1,2;1,2;1,51;21,25;20,57;12;1,65;7,6;1,53;1,81;1,86;2,41;9;15;5;11;0;0;1,51;9;PADARIA INDUSTRIAL;901;BOLOS E OUTROS;1;BOLOS E MUFFINS;10;0,344444444444444
12474;BOLINHO BAUDUCCO DUPLO CHOC 40G;CX;144;7891962031170;19059090;1706201;BAUDUCCO;19;1,13;1,11;1,39;21,25;20,57;12;1,65;7,6;1,44;1,75;1,79;2,41;0;11;22;29;0;0;1,42;9;PADARIA INDUSTRIAL;901;BOLOS E OUTROS;1;BOLOS E MUFFINS;19,2083333333333;0,688888888888889
19843;BOLINHO BAUDUCCO LARANJA 40G;CX;144;7891962067889;19059090;1706201;BAUDUCCO;10;1,08;1,08;1,35;21,25;20,57;12;1,65;7,6;1,37;1,75;1,79;2,41;0;9;19;0;0;0;1,35;9;PADARIA INDUSTRIAL;901;BOLOS E OUTROS;1;BOLOS E MUFFINS;10;0,311111111111111
17844;BOLO FRITOP BAUNILHA RECH CHOC 35G;CX;120;7898026322014;19059090;1706201;FRITOP;5;0,86;0,86;1,07;21,25;20,57;12;1,65;7,6;1,21;1,45;1,49;2,41;0;0;6;0;0;0;1,07;9;PADARIA INDUSTRIAL;901;BOLOS E OUTROS;1;BOLOS E MUFFINS;5;0,0666666666666667
17845;BOLO FRITOP BAUNILHA RECH MORANGO 35G;CX;120;7898026322045;19059090;1706201;FRITOP;5;0,86;0,86;1,07;21,25;20,57;12;1,65;7,6;1,21;1,45;1,49;2,41;0;0;6;0;0;0;1,07;9;PADARIA INDUSTRIAL;901;BOLOS E OUTROS;1;BOLOS E MUFFINS;5;0,0666666666666667
21483;BOLO FRITOP CHOC RECH MORANGO 35G;CX;120;7898026322465;19059090;1706201;FRITOP;2;0,86;0,86;1,07;21,25;33,28;12;1,65;7,6;1,21;1,45;1,51;3,84;3;0;5;1;0;0;1,07;9;PADARIA INDUSTRIAL;901;BOLOS E OUTROS;1;BOLOS E MUFFINS;2;0,0666666666666667
9971;BOLO PANCO CHOCOLATE 300G;CX;14;7891203059352;19052090;1705100;PANCO;3;5,9;5,9;7,22;21,25;37,61;12;1,65;7,6;7,41;9,29;9,71;4,32;2;8;9;12;0;0;7,22;9;PADARIA INDUSTRIAL;901;BOLOS E OUTROS;1;BOLOS E MUFFINS;3;0,331714285714286
24128;BOMBOM GAROTO SORTIDOS 220G;CX;30;7891000457092;18069000;1700700;GAROTO;7;8,28;8,28;9,4;21,25;14,74;12;1,65;7,6;8,43;10,8;10,99;1,74;0;8;323;220;6;0;12,11;10008;FORNECEDORES ESPECIAIS;10098;NESTLÉ;4;CAIXAS DE BOMBOM;7,66666666666667;6,1252
14028;BOMBOM GAROTO SORTIDOS 250G;CX;30;7891008116632;18069000;1700700;GAROTO;2;9,61;9,37;10,59;21,25;14,74;12;1,65;7,6;9,13;11,99;12,25;2,08;0;0;4;0;0;1;10,59;10008;FORNECEDORES ESPECIAIS;10098;NESTLÉ;4;CAIXAS DE BOMBOM;2,63333333333333;0,0589
24604;BOMBOM NESTLE ESPECIAL PROMO10%DESC 220G;CX;30;7891000474990;18069000;1700700;NESTLE;11;9,89;8,87;10,03;21,25;14,74;12;1,65;7,6;12,56;11,78;11,99;1,74;4;73;57;0;1;0;;10008;FORNECEDORES ESPECIAIS;10098;NESTLÉ;4;CAIXAS DE BOMBOM;11,0333333333333;1,4552
24108;BOMBOM NESTLE ESPECIALIDADES 220G;CX;30;7891000457467;18069000;1700700;NESTLE;23;7,81;7,82;9;21,25;14,74;12;1,65;7,6;12,56;10,8;10,99;1,74;113;138;89;226;5;0;12,76;10008;FORNECEDORES ESPECIAIS;10098;NESTLÉ;4;CAIXAS DE BOMBOM;23,7666666666667;5,03776666666667
24284;CACAU PO CHOCOTRIX 100% 200G;CX;12;7896327517016;18050000;;APTI (CHOCOTRIX);18;12,01;12,01;15,04;21,25;;12;1,65;7,6;15,25;17,9;17,9;0;0;4;0;10;0;9;15,04;2;MERCEARIA DOCE;201;ACHOCOLATADOS;1;CULINÁRIOS;18;0,155583333333333
16750;CACHACA SALINISSIMA GOLD 670ML;CX;12;7898255980399;22084000;0200400;SALINISSIMA;12;14,72;16;19,54;26,25;;17;1,65;7,6;17,13;23,6;23,6;0;0;5;0;0;0;17;19,54;10005;BEBIDAS;10065;DESTILADOS;1;AGUARDENTE E CACHACA;12;0,0555833333333333
16751;CACHACA SALINISSIMA PRATA 670ML;CX;12;7898255980436;22084000;0200400;SALINISSIMA;2;13,92;13,92;18,48;26,25;;17;1,65;7,6;24,95;21,75;21,75;0;0;0;0;0;0;;18,48;10005;BEBIDAS;10065;DESTILADOS;1;AGUARDENTE E CACHACA;2,5;0
1123;CAFE EVOLUTO EXTRA FORTE 250G;FD;20;7896046900243;09012100;1709600;EVOLUTO;41;8,68;8,65;9,33;7;;7;0;0;8,83;9,9;9,9;0;26;434;251;224;10;0;9,33;10006;ALTO GIRO;10080;CAFE;6;TORRADO E MOÍDO;41,8;10,1
1121;CAFE EVOLUTO EXTRA FORTE 500G;FD;10;7896046900236;09012100;1709600;EVOLUTO;133;17,36;17,32;18,66;7;;7;0;0;17,66;19,8;19,8;0;66;394;275;179;9;1;18,67;10006;ALTO GIRO;10080;CAFE;6;TORRADO E MOÍDO;133;9,4222
17691;CAFE EVOLUTO TRADICIONAL 250G;FD;20;7896046900021;09012100;1709600;EVOLUTO;12;8,68;8,47;9,33;7;;7;0;0;8,83;9,9;9,9;0;51;370;281;294;10;0;9,33;10006;ALTO GIRO;10080;CAFE;6;TORRADO E MOÍDO;12,95;10,50945
17690;CAFE EVOLUTO TRADICIONAL 500G;FD;10;7896046900014;09012100;1709600;EVOLUTO;1;17,36;16,91;18,67;7;;7;0;0;17,66;19,8;19,8;0;58;440;320;403;12;0;18,67;10006;ALTO GIRO;10080;CAFE;6;TORRADO E MOÍDO;1,1;12,9222
17588;CAFE MELITTA EXTRA FORTE POUCH 250G;FD;20;7891021006095;09012100;1709600;MELITTA;32;10,73;10,76;11,03;7;;7;0;0;11;12,29;12,29;0;22;45;57;80;2;0;11;10006;ALTO GIRO;10080;CAFE;6;TORRADO E MOÍDO;32,95;2,0222
11862;CAFE MELITTA EXTRA FORTE POUCH 500G;FD;10;7891021005067;09012100;1709600;MELITTA;28;21,46;21,54;22,08;7;;7;0;0;22;24,49;24,49;0;66;44;67;75;2;1;22;10006;ALTO GIRO;10080;CAFE;6;TORRADO E MOÍDO;28;2,0667
1815;CAFE MELITTA EXTRA FORTE VACUO 250G;FD;20;7891021006927;09012100;1709600;MELITTA;4;10,85;10,83;11,11;7;;7;0;0;11,38;12,29;12,29;0;0;33;20;29;0;0;11,38;10006;ALTO GIRO;10080;CAFE;6;TORRADO E MOÍDO;4,05;0,9111
1180;CAFE MELITTA EXTRA FORTE VACUO 500G;FD;20;7891021006934;09012100;1709600;MELITTA;26;21,71;21,71;22,27;7;;7;0;0;22,77;24,49;24,49;0;4;18;15;34;0;1;22,77;10006;ALTO GIRO;10080;CAFE;6;TORRADO E MOÍDO;26,7;0,74445
17198;CAFE MELITTA TRAD POUCH 250G;FD;20;7891021006088;09012100;1709600;MELITTA;195;10,23;10,64;10,92;7;;7;0;0;11,38;12,29;12,29;0;41;151;161;309;6;1;11;10006;ALTO GIRO;10080;CAFE;6;TORRADO E MOÍDO;195;6,9
1178;CAFE MELITTA TRAD POUCH 500G;FD;10;7891021005043;09012100;1709600;MELITTA;196;20,46;21,2;21,74;7;;7;0;0;22;24,49;24,49;0;104;241;194;244;7;2;22;10006;ALTO GIRO;10080;CAFE;6;TORRADO E MOÍDO;196;7,5444
1179;CAFE MELITTA TRAD VACUO 250G;FD;20;7891021006071;09012100;1709600;MELITTA;27;10,23;10,27;10,54;7;;7;0;0;11,38;12,29;12,29;0;10;25;5;40;0;1;11;10006;ALTO GIRO;10080;CAFE;6;TORRADO E MOÍDO;27,6;0,7778
11958;CAFE MELITTA TRAD VACUO 500G;FD;20;7891021006125;09012100;1709600;MELITTA;43;20,46;20,84;21,38;7;;7;0;0;22;24,49;24,49;0;10;52;26;43;1;1;22;10006;ALTO GIRO;10080;CAFE;6;TORRADO E MOÍDO;43;1,345
20540;CAFE NESCAFE ORIGINAL EXT FORTE SH 40G;CX;24;7891000307120;21011110;1710700;NESTLE;11;4,68;4,68;4,95;12;34,77;12;0;0;5,02;6,23;6,49;4;53;36;0;0;0;1;4,95;10006;ALTO GIRO;10080;CAFE;3;CAFE SOLUVEL;11;0,4
20050;CAFE NESCAFE TRADICAO FORTE SH 40G;CX;24;7891000307083;21011110;1710700;NESTLE;32;4,68;4,68;4,95;12;34,77;12;0;0;5,64;6,23;6,49;4;32;33;0;0;0;3;4,95;10006;ALTO GIRO;10080;CAFE;3;CAFE SOLUVEL;32;0,366666666666667
24203;CAFE OURO VELHO EXTRA FORTE PCT 100G;FD;50;7898979178041;09012100;1709600;OURO VELHO;72;3,09;3,09;3,53;7;;7;0;0;3,47;3,79;3,79;0;2;114;58;85;2;0;3,67;10006;ALTO GIRO;10080;CAFE;6;TORRADO E MOÍDO;72,82;2,85622
24202;CAFE OURO VELHO EXTRA FORTE PCT 250G;FD;20;7898979178003;09012100;1709600;OURO VELHO;98;7,06;7,06;8,07;7;;7;0;0;7,97;8,45;8,45;0;4;139;21;66;2;1;8,43;10006;ALTO GIRO;10080;CAFE;6;TORRADO E MOÍDO;98,45;2,5111
24201;CAFE OURO VELHO EXTRA FORTE PCT 500G;FD;10;7898979178010;09012100;1709600;OURO VELHO;255;14,11;14,15;16,18;7;;7;0;0;15,94;16,9;16,9;0;3;50;10;54;1;20;16,85;10006;ALTO GIRO;10080;CAFE;6;TORRADO E MOÍDO;255;1,2667
24204;CAFE OURO VELHO TRAD PCT 250G;FD;20;7898979178027;09012100;;OURO VELHO;101;7,06;7,15;8,17;7;;7;0;0;7,97;8,45;8,45;0;4;4;8;73;0;5;8,43;10006;ALTO GIRO;10080;CAFE;6;TORRADO E MOÍDO;101,45;0,95
24200;CAFE OURO VELHO TRAD PCT 500G;FD;10;7898979178034;09012100;1709600;OURO VELHO;219;14,11;14,19;16,23;7;;7;0;0;15,94;16,9;16,9;0;1;52;10;117;1;10;16,85;10006;ALTO GIRO;10080;CAFE;6;TORRADO E MOÍDO;219,2;1,9978
1818;CAFE PILAO TRAD 250G;FD;20;7896089011982;09012100;1709600;PILAO;776;10,09;10,14;10,45;7;;7;0;0;10,8;11,99;11,99;0;255;851;586;826;25;1;13,01;10006;ALTO GIRO;10080;CAFE;6;TORRADO E MOÍDO;776,95;25,14445
1817;CAFE PILAO TRAD 500G;FD;10;7896089012019;09012100;1709600;PILAO;1209;20,04;20,19;20,72;7;;7;0;0;21,05;23,99;23,99;0;318;933;670;561;24;5;20,5;10006;ALTO GIRO;10080;CAFE;6;TORRADO E MOÍDO;1209,7;24,0444
1819;CAFE PIMPINELA TRAD 100G;FD;50;7896081800010;09012100;1709600;PIMPINELA;183;4,12;4,12;4,22;7;;7;0;0;4,38;4,99;4,99;0;214;358;541;602;16;0;4,22;10006;ALTO GIRO;10080;CAFE;6;TORRADO E MOÍDO;183,98;16,68712
1251;CAFE PIMPINELA TRAD 250G;FD;20;7896081800027;09012100;1709600;PIMPINELA;432;10,29;10,27;10,53;7;;7;0;0;10,45;11,99;11,99;0;103;407;337;560;14;1;10,55;10006;ALTO GIRO;10080;CAFE;6;TORRADO E MOÍDO;432;14,4889
1253;CAFE PIMPINELA TRAD 500G;FD;10;7896081800034;09012100;1709600;PIMPINELA;177;20,58;20,58;21,1;7;;7;0;0;20,9;23,99;23,99;0;118;199;301;432;10;1;21,1;10006;ALTO GIRO;10080;CAFE;6;TORRADO E MOÍDO;177,2;10,3556
18264;CAIXA PAPELAO 12X1 GUALA;UN;1;162641;48191000;;SEM MARCA;100;2,03;2,03;2,51;21,25;;12;1,65;7,6;2,57;;;;0;0;0;0;;;2,29;10000;SEM DEPARTAMENTO;10077;SEM SECAO;100771;SEM CATEGORIA;100;
4621;CALDO APTI CARNE C/24 UNDS 19G;CX;9;17896327513121;21041011;;APTI;8;6,87;6,87;8,6;21,25;;12;1,65;7,6;8,72;9,8;9,8;0;5;10;20;10;0;2;8,6;1;MERCEARIA SALGADA;10092;CULINÁRIOS;1;CALDOS;8;0,444444444444444
4623;CALDO APTI COSTELA C/24 UNDS 19G;CX;9;17896327513138;21041011;;APTI;4;6,87;6,87;8,6;21,25;;12;1,65;7,6;8,72;9,8;9,8;0;5;0;9;5;0;2;8,6;1;MERCEARIA SALGADA;10092;CULINÁRIOS;1;CALDOS;4;0,155555555555556
4624;CALDO APTI GALINHA C/24 UNDS 19G;CX;9;17896327513114;21041011;;APTI;26;6,87;6,87;8,6;21,25;;12;1,65;7,6;8,22;9,8;9,8;0;10;10;21;12;0;6;8,6;1;MERCEARIA SALGADA;10092;CULINÁRIOS;1;CALDOS;26;0,477777777777778
7045;CALDO KNORR CARNE 114G;CX;80;7891150012363;21041011;;KNORR;8;1,97;1,97;2,55;21,25;;12;1,65;7,6;2,5;3,39;3,39;0;9;6;19;20;0;0;2,9;10008;FORNECEDORES ESPECIAIS;10101;UNILEVER;3;CALDOS;8,875;0,5
1546;CALDO KNORR CARNE 19G;FT;24;7891150012370;21041011;;KNORR;1712;0,46;0,45;0,59;21,25;;12;1,65;7,6;0,57;0,79;0,79;0;8;517;137;1060;19;3;0,67;10008;FORNECEDORES ESPECIAIS;10101;UNILEVER;3;CALDOS;1712;19,0444583333333
1545;CALDO KNORR CARNE 57G;DP;10;7891150012318;21041011;;KNORR;272;1,12;1,11;1,45;21,25;;12;1,65;7,6;1,45;1,85;1,85;0;93;575;679;1279;28;0;1,71;10008;FORNECEDORES ESPECIAIS;10101;UNILEVER;3;CALDOS;272,8;28,1444
5775;CALDO KNORR CARNE BAG 1,01KG;CX;10;7891150036871;21041019;;KNORR;48;11,05;11,07;14,22;21,25;;12;1,65;7,6;14,9;17,49;17,49;0;0;4;0;26;0;14;15,64;10008;FORNECEDORES ESPECIAIS;10101;UNILEVER;3;CALDOS;48,8;0,3333
7044;CALDO KNORR GALINHA 114G;CX;80;7894000000350;21041011;;KNORR;5;2;2;2,59;21,25;;12;1,65;7,6;2,5;3,19;3,19;0;17;0;28;28;0;0;2,94;10008;FORNECEDORES ESPECIAIS;10101;UNILEVER;3;CALDOS;5;0,622225
1548;CALDO KNORR GALINHA 19G;FT;24;7894000000213;21041011;;KNORR;1738;0,46;0,46;0,59;21,25;;12;1,65;7,6;0,57;0,79;0,79;0;9;437;136;1121;18;3;0,67;10008;FORNECEDORES ESPECIAIS;10101;UNILEVER;3;CALDOS;1738,33333333333;18,8222083333333
1547;CALDO KNORR GALINHA 57G;CX;10;7894000000275;21041011;;KNORR;1344;1,12;1,12;1,46;21,25;;12;1,65;7,6;1,45;1,89;1,89;0;234;937;708;1229;31;4;1,71;10008;FORNECEDORES ESPECIAIS;10101;UNILEVER;3;CALDOS;1344;31,9333
17724;CALDO KNORR GALINHA BAG 1,01KG;CX;10;7891150087248;21041019;;KNORR;69;11,05;11,05;14,2;21,25;;12;1,65;7,6;13,26;17,49;17,49;0;0;9;52;10;0;8;15,64;10008;FORNECEDORES ESPECIAIS;10101;UNILEVER;3;CALDOS;69;0,7889
8997;CANELA BOM GOSTO EM PO POTE 30G;CX;24;7898061680544;09062000;;BOM GOSTO;6;1,99;1,99;2,49;21,25;;12;1,65;7,6;1,98;2,79;2,79;0;1;14;34;43;1;0;2,49;2;MERCEARIA DOCE;204;DOCES E SOBREMESAS;1;CONFEITARIA;6,04166666666667;1,011125
23383;CANJAO APTI COM ARROZ 180G;CX;12;7896327515937;21041011;;APTI;13;2,95;2,95;3,69;21,25;;12;1,65;7,6;3,63;4,39;4,39;0;0;24;25;9;0;1;3,69;1;MERCEARIA SALGADA;10095;SOPAS E CREMES;2;SOPAS;13;0,644416666666667
17772;CANJICA BRANCA URBANO MIST DESPILIC 500G;FD;20;7896401183168;11042300;;URBANO;40;2,52;2,46;3,08;21,25;;12;1,65;7,6;3,2;3,78;3,78;0;1;2;0;60;0;2;3,16;1;MERCEARIA SALGADA;10094;GRAOS;3;OUTROS GRAOS;40;0,6889
21227;CANJICA BRANCA YOKI CRISTAL 400G;FD;16;7891095911264;11042300;;YOKI;22;2,39;2,39;3;21,25;;12;1,65;7,6;2,58;3,69;3,69;0;1;3;3;50;0;2;3;1;MERCEARIA SALGADA;10094;GRAOS;3;OUTROS GRAOS;22,9375;0,632625
23728;CAPPUCCINO MELITTA TRADICIONAL 200G;CX;24;7891021007078;21011200;1710900;MELITTA;14;9,3;9,36;10,55;12;34,77;12;0;0;10,87;12,95;13,49;4;0;0;14;2;0;3;11,96;10006;ALTO GIRO;10080;CAFE;3;CAFE SOLUVEL;14;0,177791666666667
2633;CARRE SUINO SEARA KG;CX;1;2633;02032900;1708700;SEARA;2981;9,88;9,88;10,3;7;0;7;0;0;10,12;14,49;14,49;0;995;2869;1938;921;63;46;10,3;6;PERECIVEIS;10046;ACOUGUE;5;SUÍNOS REFRIGERADOS;2981,322;63,659
16850;CATCHUP ARISCO TRAD PET 370G;CX;24;7891150079212;21032010;1703400;ARISCO;45;3,72;3,72;4,91;21,25;37,27;12;1,65;7,6;5,99;5,92;6,19;4,28;18;150;88;111;3;0;5,91;10008;FORNECEDORES ESPECIAIS;10101;UNILEVER;5;KETCHUP;45,9583333333333;3,87779166666667
23180;CATCHUP BILLY & JACK 380G;CX;12;7898937864733;21032010;1703400;BILLY & JACK (KISABOR);39;4,13;3,84;4,88;21,25;37,27;12;1,65;7,6;5,34;6,02;6,29;4,28;20;38;60;78;1;1;5,17;1;MERCEARIA SALGADA;105;CONDIMENTADOS;1;KETCHUP;39,0833333333333;1,95558333333333
18634;CATCHUP ETTI TRAD BISN 380G;CX;24;7898930142050;21032010;1703400;ETTI;91;2,55;2,55;3,19;21,25;37,27;12;1,65;7,6;3,24;4,01;4,19;4,28;1;35;13;48;1;3;3,19;1;MERCEARIA SALGADA;105;CONDIMENTADOS;1;KETCHUP;91;1,06666666666667
20503;CATCHUP FUGINI PIC SH BICO 180G;CX;32;7897517200077;21032010;1703400;FUGINI;38;1,49;1,49;1,86;21,25;37,27;12;1,65;7,6;1,89;2,29;2,39;4,28;0;17;8;8;0;3;1,87;1;MERCEARIA SALGADA;105;CONDIMENTADOS;1;KETCHUP;38;0,36665625
20502;CATCHUP FUGINI TRAD C/144UN MINI SACH 7G;CX;1;7897517201319;21032010;;FUGINI;11;8,03;7,52;9,42;21,25;;12;1,65;7,6;10,2;10,9;10,9;0;0;40;0;10;0;19;12,47;1;MERCEARIA SALGADA;105;CONDIMENTADOS;1;KETCHUP;11;0,556
15793;CATCHUP FUGINI TRAD SH BICO 180G;CX;32;7897517207540;21032010;1703400;FUGINI;302;1,35;1,34;1,68;21,25;37,27;12;1,65;7,6;1,68;2;2,09;4,28;39;196;201;170;6;1;1,82;1;MERCEARIA SALGADA;105;CONDIMENTADOS;1;KETCHUP;302,03125;6,3
15794;CATCHUP FUGINI TRAD SH BICO 300G;CX;36;7897517207557;21032010;1703400;FUGINI;117;2,23;2,22;2,78;21,25;37,27;12;1,65;7,6;2,76;3,34;3,49;4,28;9;14;30;93;1;2;2,79;1;MERCEARIA SALGADA;105;CONDIMENTADOS;1;KETCHUP;117,222222222222;1,52222222222222
18445;CATCHUP HELLMANNS 7G SH C/168UN;CX;1;7891150102569;21032010;1703400;HELLMANNS;53;11,37;11,37;15;21,25;;12;1,65;7,6;18,83;19,99;19,99;0;0;15;0;0;0;317;18,04;10008;FORNECEDORES ESPECIAIS;10101;UNILEVER;5;KETCHUP;53;0,167
1317;CATCHUP HELLMANNS PICANTE BISNAGA 380G;CX;24;7891150027831;21032010;1703400;HELLMANNS;4;5,23;5,23;6,87;21,25;37,27;12;1,65;7,6;8,28;8,32;8,69;4,28;1;3;0;0;0;5;8,17;10008;FORNECEDORES ESPECIAIS;10101;UNILEVER;5;KETCHUP;4;0,0333333333333333
22570;CATCHUP HELLMANNS SUPREME SQUEZ 390G;CX;24;7891150097940;21032010;1703400;HELLMANNS;2;6,39;6,39;8,19;21,25;37,27;12;1,65;7,6;9,57;10,38;10,84;4,28;0;0;1;16;0;0;8,93;10008;FORNECEDORES ESPECIAIS;10101;UNILEVER;5;KETCHUP;2;0,199541666666667
24511;CATCHUP HELLMANNS TRAD NBA PACK 2X380G;CX;12;7891150077775;21032010;1703400;HELLMANNS;45;9,32;9,32;11,67;21,25;37,27;12;1,65;7,6;0;14,35;14,99;4,28;32;64;17;0;0;4;11,67;10008;FORNECEDORES ESPECIAIS;10101;UNILEVER;5;KETCHUP;45;0,9
6627;CATCHUP HELLMANNS TRAD PET 380G;CX;24;7891150027848;21032010;1703400;HELLMANNS;18;5,23;5,23;6,87;21,25;37,27;12;1,65;7,6;8,28;8,41;8,79;4,28;9;211;120;147;5;0;8,17;10008;FORNECEDORES ESPECIAIS;10101;UNILEVER;5;KETCHUP;18,75;5,311125
24628;CATCHUP HELLMANNS ZERO PET 355G;CX;24;7891150199187;21032010;1703400;HELLMANNS;7;5,85;5,85;7,5;21,25;37,27;12;1,65;7,6;0;9,08;9,49;4,28;1;2;0;0;0;13;8,2;10008;FORNECEDORES ESPECIAIS;10101;UNILEVER;8;MAIONESE;7;0,0222083333333333
15547;CATCHUP OLE BNG 200G;CX;24;7891032015970;21032010;1703400;OLE;8;2,19;2,17;2,71;21,25;37,27;12;1,65;7,6;2,03;3,24;3,38;4,28;2;9;3;1;0;2;2,74;1;MERCEARIA SALGADA;105;CONDIMENTADOS;1;KETCHUP;8,75;0,144458333333333
15546;CATCHUP OLE PICANTE 400G;CX;24;7891032015949;21032010;1703400;OLE;201;2,96;2,97;3,7;21,25;37,27;12;1,65;7,6;3,76;4,56;4,76;4,28;0;3;2;3;0;94;3,71;1;MERCEARIA SALGADA;105;CONDIMENTADOS;1;KETCHUP;201,333333333333;0,088875
15545;CATCHUP OLE TRAD 400G;CX;24;7891032015932;21032010;1703400;OLE;24;3,26;3,26;4,08;21,25;37,27;12;1,65;7,6;0,08;4,77;4,98;4,28;2;12;42;33;0;1;4,08;1;MERCEARIA SALGADA;105;CONDIMENTADOS;1;KETCHUP;24,8333333333333;0,966666666666667
16320;CATCHUP OLE TRAD SH 1,1KG;CX;12;7891032011224;21032010;;OLE;7;6,66;6,57;8,23;21,25;;12;1,65;7,6;8,46;9,6;9,6;0;4;7;3;1;0;5;8,34;1;MERCEARIA SALGADA;105;CONDIMENTADOS;1;KETCHUP;7,75;0,12225
17722;CATCHUP OLE TRAD SH 300G;CX;32;7891032014706;21032010;1703400;OLE;23;1,76;1,76;2,2;21,25;37,27;12;1,65;7,6;2,24;2,77;2,89;4,28;0;30;64;19;1;0;2,21;1;MERCEARIA SALGADA;105;CONDIMENTADOS;1;KETCHUP;23,125;1,2555625
4066;CATCHUP PREDILECTA C/144UN SH 7G;CX;1;17896292315461;21032010;;PREDILECTA;98;8,02;8,02;10,04;21,25;;12;1,65;7,6;10,03;11,9;11,9;0;348;103;236;340;7;12;10,04;1;MERCEARIA SALGADA;105;CONDIMENTADOS;1;KETCHUP;98;7,544
23431;CATCHUP PREDILECTA COSTELA BSNG 400G;CX;24;7896292300439;21032010;1703400;PREDILECTA;21;3,83;3,83;4,79;21,25;37,27;12;1,65;7,6;4,86;6,02;6,29;4,28;0;4;7;12;0;3;4,8;1;MERCEARIA SALGADA;105;CONDIMENTADOS;1;KETCHUP;21;0,255541666666667
17032;CATCHUP PREDILECTA GL 3,2KG;CX;4;7896292300422;21032090;;PREDILECTA;180;15,33;15,33;19,2;21,25;;12;1,65;7,6;19,47;22,9;22,9;0;56;216;217;169;6;6;19,2;1;MERCEARIA SALGADA;105;CONDIMENTADOS;1;KETCHUP;180,25;6,689
23432;CATCHUP PREDILECTA GOIABA BSNG 200G;CX;12;7896292399983;21039021;1703500;PREDILECTA;2;2,54;2,54;3,19;21,25;40,31;12;1,65;7,6;3,23;4;4,19;4,61;0;23;30;24;0;0;3,19;1;MERCEARIA SALGADA;105;CONDIMENTADOS;1;KETCHUP;2;0,855583333333333
977;CATCHUP PREDILECTA PICANTE 400G;CX;24;7896292360464;21032010;1704100;PREDILECTA;730;2,6;2,6;3,25;21,25;37,27;12;1,65;7,6;3,3;3,81;3,98;4,28;505;910;989;1216;34;0;3,25;1;MERCEARIA SALGADA;105;CONDIMENTADOS;1;KETCHUP;730,125;34,6319583333333
978;CATCHUP PREDILECTA TRAD 200G;CX;24;7896292301412;21032010;1704100;PREDILECTA;1246;1,93;1,93;2,42;21,25;37,27;12;1,65;7,6;2,45;2,85;2,98;4,28;304;1278;1729;1888;54;0;2,42;1;MERCEARIA SALGADA;105;CONDIMENTADOS;1;KETCHUP;1246,70833333333;54,388875
976;CATCHUP PREDILECTA TRAD 400G;CX;24;7896292300460;21032010;1703400;PREDILECTA;2487;2,6;2,6;3,25;21,25;37,27;12;1,65;7,6;3,3;3,81;3,98;4,28;1081;5372;7255;8012;229;0;3,43;1;MERCEARIA SALGADA;105;CONDIMENTADOS;1;KETCHUP;2487,83333333333;229,341666666667
19939;CATCHUP PREDILECTA TRAD BISNAGA 675G;CX;12;7896292315358;21032010;;PREDILECTA;18;5,87;5,87;7,35;21,25;;12;1,65;7,6;7,45;9,19;9,19;0;0;13;15;15;0;3;7,35;1;MERCEARIA SALGADA;105;CONDIMENTADOS;1;KETCHUP;18;0,47775
2555;CATCHUP PREDILECTA ZERO BSNG 380G;CX;24;7896292362468;21032010;1704100;PREDILECTA;57;5,33;5,33;6,67;21,25;37,27;12;1,65;7,6;0;8,32;8,69;4,28;0;22;13;14;0;4;6,67;1;MERCEARIA SALGADA;105;CONDIMENTADOS;1;KETCHUP;57,0833333333333;0,554625
23741;CEBOLINHA TIO PACO BALDE 1,05KG;CX;6;7898174853422;20019000;1709001;TIO PACO;14;9,41;9,41;12,67;21,25;;12;1,65;7,6;28,03;30,9;30,9;0;0;0;0;1;0;208;24,79;1;MERCEARIA SALGADA;103;CONSERVAS;3;OUTROS VEGETAIS;14;0,0111666666666667
17746;CEBOLINHA VALE FERTIL CONS VD 100G;CX;12;7896272000281;20019000;1709000;VALE FERTIL;2;4,78;4,78;5,98;21,25;55,24;12;1,65;7,6;5,16;7,59;8,09;6,22;0;1;0;1;0;7;5,98;1;MERCEARIA SALGADA;103;CONSERVAS;3;OUTROS VEGETAIS;2;0,02225
20139;CER MATINAL SUCRILHOS KELLOGGS ORIG 240G;CX;36;7896004007427;19041000;1703000;KELLOGGS;234;4,29;4,29;5,38;21,25;31,24;12;1,65;7,6;6,01;7,29;7,56;3,61;79;222;193;50;5;1;5,38;2;MERCEARIA DOCE;203;MATINAIS;1;CEREAIS;234,444444444444;5,16666666666667
22389;CER MATINAL SUCRILHOS KELLOGGS PROM 240G;CX;36;7896004007618;19041000;1703000;KELLOGGS;10;3,58;3,71;4,64;21,25;31,24;12;1,65;7,6;4,46;6,52;6,76;3,61;22;65;102;108;3;0;4,48;2;MERCEARIA DOCE;203;MATINAIS;1;CEREAIS;10,4444444444444;3,05555555555556
563;CERA LIQ BRILHO FACIL AMARELA 750ML;CX;12;7896040701129;34052000;;BRILHO FACIL;8;8,1;7,9;9,86;21,25;;12;1,65;7,6;9,44;12,69;12,69;0;2;16;18;13;0;1;10;10001;LIMPEZA;10054;CUIDADOS COM A CASA;167;LIMPADORES ESPECÍFICOS (PISO/VIDRO);8,33333333333333;0,52225
565;CERA LIQ BRILHO FACIL ARDOSIA 750ML;CX;12;7896040701136;34052000;;BRILHO FACIL;5;8,47;8,45;10,58;21,25;;12;1,65;7,6;10,97;12,69;12,69;0;8;60;82;30;1;0;10,6;10001;LIMPEZA;10054;CUIDADOS COM A CASA;167;LIMPADORES ESPECÍFICOS (PISO/VIDRO);5,33333333333333;1,91108333333333
561;CERA LIQ BRILHO FACIL INCOLOR 750ML;CX;12;7896040701105;34052000;;BRILHO FACIL;90;8,47;8,31;10,4;21,25;;12;1,65;7,6;10,97;12,69;12,69;0;7;1;129;16;1;4;10,6;10001;LIMPEZA;10054;CUIDADOS COM A CASA;167;LIMPADORES ESPECÍFICOS (PISO/VIDRO);90,9166666666667;1,62225
562;CERA LIQ BRILHO FACIL VERMELHA 750ML;CX;12;7896040701112;34052000;;BRILHO FACIL;33;8,47;8,36;10,45;21,25;;12;1,65;7,6;10,97;12,69;12,69;0;4;40;26;35;1;2;10,6;10001;LIMPEZA;10054;CUIDADOS COM A CASA;167;LIMPADORES ESPECÍFICOS (PISO/VIDRO);33;1,12225
17452;CEREAL ALCAFOODS CHOC BOLL 1KG;FD;6;7897393606024;19041000;1703000;ALCA FOODS;29;11,71;11,71;14,66;21,25;31,24;12;1,65;7,6;13,15;13,69;13,69;0;1;50;60;0;1;3;14,66;2;MERCEARIA DOCE;203;MATINAIS;1;CEREAIS;29;1,22216666666667
17451;CEREAL ALCAFOODS CORN SUGAR 1KG;FD;6;7897393606017;19041000;1703000;ALCA FOODS;30;11,11;11,11;13,91;21,25;31,24;12;1,65;7,6;12,58;13,14;13,14;0;0;50;60;0;1;4;13,91;2;MERCEARIA DOCE;203;MATINAIS;1;CEREAIS;30;1,22216666666667
17449;CEREAL ALCAFOODS CORN SUGAR TRAD 500G;FD;10;7897393602439;19041000;1703000;ALCA FOODS;50;6,23;6,23;7,8;21,25;31,24;12;1,65;7,6;6,72;8,12;8,42;3,61;0;0;100;0;1;4;7,8;2;MERCEARIA DOCE;203;MATINAIS;1;CEREAIS;50;1,1111
17738;CEREAL ALCAFOODS FLOCO DE ARROZ 1KG;FD;6;7897393606178;19041000;1703000;ALCA FOODS;15;10,06;10,06;12,6;21,25;31,24;12;1,65;7,6;11,36;11,77;11,77;0;0;20;30;0;0;4;12,6;2;MERCEARIA DOCE;203;MATINAIS;1;CEREAIS;15;0,5555
24701;CEREAL MATINAL NESCAU 15%GTS PROMO 210G;CX;24;7891000453421;19041000;1703000;NESTLE;127;4,13;4,13;4,78;21,25;31,24;12;1,65;7,6;0;6,26;6,49;3,61;74;72;0;0;0;6;4,78;2;MERCEARIA DOCE;203;MATINAIS;1;CEREAIS;127;0,8
20392;CEREAL MATINAL NESCAU+SNOW FLAKES 440G;CX;12;7891000361078;19041000;1703000;NESTLE;119;8,22;8,22;9,51;21,25;31,24;12;1,65;7,6;9,6;11,56;11,99;3,61;39;35;25;322;4;2;9,52;2;MERCEARIA DOCE;203;MATINAIS;1;CEREAIS;119;4,24441666666667
24679;CEREAL MATINAL SNOW FLAKES 15%GTS 230G;CX;24;7891000453414;19041000;1703000;SNOW FLAKES;173;3,36;3,36;3,89;21,25;31,24;12;1,65;7,6;4;5,29;5,49;3,61;50;78;0;0;0;8;3,89;2;MERCEARIA DOCE;203;MATINAIS;1;CEREAIS;173;0,866666666666667
17320;CEREAL MATINAL SNOW FLAKES 230G;CX;24;7891000357460;19041000;1703000;SNOW FLAKES;1;4;3,98;4,67;21,25;31,24;12;1,65;7,6;4,93;5,77;5,99;3,61;0;62;209;127;4;0;5,08;2;MERCEARIA DOCE;203;MATINAIS;1;CEREAIS;1,58333333333333;4,4315
20179;CEREJA CALDA OLE VD 100G;CX;12;7891032016762;20086010;1709500;OLE;8;7,04;7,13;8,93;21,25;32,97;12;1,65;7,6;8,94;11,38;11,83;3,81;1;8;9;2;0;3;8,82;2;MERCEARIA DOCE;204;DOCES E SOBREMESAS;6;POTE E COMPOTAS;8,5;0,211083333333333
2541;CEREJA CALDA PREDILECTA VD 100G;CX;12;7896292303195;20086010;1709500;PREDILECTA;4;10,32;10,32;12,92;21,25;32,97;12;1,65;7,6;13,1;16,16;16,8;3,81;2;0;4;5;0;2;12,92;2;MERCEARIA DOCE;204;DOCES E SOBREMESAS;6;POTE E COMPOTAS;4,08333333333333;0,1185
23774;CEREJA TIO PACO MARRASQ CALDA S/CAR 100G;CX;12;7898174853729;20086010;1709500;TIO PACO;4;8,08;8,08;10,1;21,25;32,97;12;1,65;7,6;10,27;12,34;12,83;3,81;0;2;0;0;0;14;9,89;2;MERCEARIA DOCE;204;DOCES E SOBREMESAS;6;POTE E COMPOTAS;4;0,02225
1580;CHA MATE LEAO 100G;CX;60;7891098000026;09030090;1709800;MATE LEAO;14;3,87;3,86;4,83;21,25;39,56;12;1,65;7,6;4,85;5,97;6,25;4,53;0;11;0;9;0;1;4,85;2;MERCEARIA DOCE;203;MATINAIS;2;CHÁ;14;0,222216666666667
2214;CHA MATE LEAO 250G;CX;30;7891098038456;09030090;1709800;MATE LEAO;5;7,39;7,38;9,24;21,25;39,56;12;1,65;7,6;9,29;11,35;11,89;4,53;0;5;0;4;0;1;9,25;2;MERCEARIA DOCE;203;MATINAIS;2;CHÁ;5,26666666666667;0,1
15526;CHAMPIGNON OLE INT SH 80G;CX;36;7891032013952;20031000;;OLE;52;3,5;3,49;4;21,25;;12;1,65;7,6;4,44;4,89;4,89;0;7;20;29;46;1;1;4,01;1;MERCEARIA SALGADA;103;CONSERVAS;3;OUTROS VEGETAIS;52,5833333333333;1,06358333333333
8572;CHAMPIGNON OLE INT VD 100G;CX;24;7891032013969;20031000;;OLE;19;4,93;4,92;5,65;21,25;;12;1,65;7,6;0,09;6,89;6,89;0;0;8;12;12;0;2;5,66;1;MERCEARIA SALGADA;103;CONSERVAS;3;OUTROS VEGETAIS;19,7083333333333;0,355541666666667
15159;CHAMPIGNON VALE FERTIL CON DOY PACK 100G;CX;24;7896272009406;20031000;;VALE FERTIL;57;3,23;3,23;3,71;21,25;;12;1,65;7,6;4,1;4,89;4,89;0;16;145;85;200;4;0;3,71;1;MERCEARIA SALGADA;103;CONSERVAS;3;OUTROS VEGETAIS;57;4,78841666666667
18088;CHAMPIGNON VALE FERTIL CON VD 100G;CX;12;7896272000274;20031000;;VALE FERTIL;12;6,55;6,55;8,2;21,25;;12;1,65;7,6;8,31;10,5;10,5;0;8;6;6;5;0;5;8,2;1;MERCEARIA SALGADA;103;CONSERVAS;3;OUTROS VEGETAIS;12;0,188916666666667
18068;CHAMPIGNON VALE FERTIL FAT DOY PACK 100G;CX;24;7896272009413;20031000;;VALE FERTIL;54;3,28;3,28;3,76;21,25;;12;1,65;7,6;4,16;4,89;4,89;0;31;135;84;211;4;0;3,76;1;MERCEARIA SALGADA;103;CONSERVAS;3;OUTROS VEGETAIS;54,2083333333333;4,78795833333333
18890;CHIA GRAO APTI CAIXA 150G;CX;6;7896327515463;12079990;;APTI;6;6,86;6,86;8,59;21,25;;12;1,65;7,6;8,71;10,7;10,7;0;0;0;8;10;0;5;8,59;2;MERCEARIA DOCE;204;DOCES E SOBREMESAS;1;CONFEITARIA;6;0,2
22413;CHICKEN SUPREME SEARA TRAD 900G;CX;5;7894904297191;16023230;1707900;SEARA;30;15,62;15,62;19;21,25;24,61;12;1,65;7,6;22,35;23,49;24,12;2,61;0;0;0;24;0;22;19,42;6;PERECIVEIS;10050;CONGELADOS;6;EMPANADOS CONGELADOS;30;0,2666
20234;CHOC GRANULADO DORI PRETO 120G;CX;30;7896058599473;18069000;1700900;DORI;23;2,07;2,07;2,57;21,25;28,36;12;1,65;7,6;2,63;3,23;3,34;3,29;26;38;60;132;2;0;2,49;2;MERCEARIA DOCE;205;BOMBONIERE;4;CHOCOLATES;23;2,55556666666667
19602;CHOC HERSHEYS AO LEITE 82G;CX;72;7899970402814;18063210;1700300;HERSHEY;14;4,02;4,02;5;21,25;25,24;12;1,65;7,6;3,9;5,59;5,76;2,94;0;14;1;85;1;0;4,84;2;MERCEARIA DOCE;205;BOMBONIERE;4;CHOCOLATES;14;1,11111111111111
19605;CHOC HERSHEYS CHOC AMENDOIM 75G;CX;72;7899970402883;18063210;1700300;HERSHEY;5;4,02;4,02;5;21,25;25,24;12;1,65;7,6;3,9;5,59;5,76;2,94;0;5;0;40;0;0;4,84;2;MERCEARIA DOCE;205;BOMBONIERE;4;CHOCOLATES;5;0,5
19603;CHOC HERSHEYS CHOC BRANCO 82G;CX;72;7899970402807;17049010;1700100;HERSHEY;10;4,02;4,02;5;21,25;25,86;12;1,65;7,6;3,9;5,59;5,76;3,01;0;9;1;58;0;0;4,84;2;MERCEARIA DOCE;205;BOMBONIERE;4;CHOCOLATES;10;0,755555555555556
19604;CHOC HERSHEYS CHOC CNC 77G;CX;72;7899970402852;18063220;1700300;HERSHEY;19;4,02;4,02;5;21,25;25,24;12;1,65;7,6;3,9;5,99;6,17;2,94;0;20;0;68;0;0;4,84;2;MERCEARIA DOCE;205;BOMBONIERE;4;CHOCOLATES;19;0,977777777777778
10381;CHOC KIT KAT 41,5G;CX;96;7891000248768;19053200;1705800;NESTLE;375;2,2;2,2;2,76;21,25;16,05;12;1,65;7,6;2,38;2,93;2,99;1,89;28;107;77;330;5;0;2,76;10008;FORNECEDORES ESPECIAIS;10098;NESTLÉ;7;CHOCOLATES;375,75;5,71111458333333
12940;CHOC LACTA OURO BRANCO 1KG DEST;CX;10;7896019602105;19053200;1705800;LACTA;19;35,15;34,62;43,35;21,25;16,05;12;1,65;7,6;42,5;49,05;49,99;1,89;10;10;31;0;0;4;44,01;2;MERCEARIA DOCE;205;BOMBONIERE;4;CHOCOLATES;19,2;0,4556
23942;CHOC M&M AO LEITE 132G;CX;24;7896423438772;18069000;1700900;M&M;10;4,45;4,92;6,51;21,25;19,29;12;1,65;7,6;8,37;10,25;10,49;2,26;0;7;33;125;1;0;7,93;2;MERCEARIA DOCE;205;BOMBONIERE;4;CHOCOLATES;10;1,83333333333333
23471;CHOC M&M AO LEITE 40G;CX;216;7896423438727;18069000;1700900;M&M;10;1,63;1,67;2,22;21,25;19,29;12;1,65;7,6;2,85;3,51;3,59;2,26;0;5;56;250;3;0;2,7;2;MERCEARIA DOCE;205;BOMBONIERE;4;CHOCOLATES;10;3,45555555555556
20387;CHOC NEUGEBAUER BRANCO 80G;CX;64;7891330019342;17049010;1700100;NEUGEBAUER;10;3,56;3,56;4,18;21,25;25,86;12;1,65;7,6;4,82;5,09;5,25;3,01;0;7;0;0;0;2;4,51;2;MERCEARIA DOCE;205;BOMBONIERE;4;CHOCOLATES;10;0,07778125
17450;CHOCOBOLL ALCAFOODS 500G;FD;10;7897393602323;19041000;1703000;ALCA FOODS;49;6,42;6,42;8,04;21,25;31,24;12;1,65;7,6;6,93;8,38;8,69;3,61;1;0;100;0;1;4;8,04;2;MERCEARIA DOCE;205;BOMBONIERE;4;CHOCOLATES;49;1,1111
23564;CHOCOLATE EM PO ITALAC SOLUVEL 32% 200GR;CX;24;7898080640970;18061000;1700601;ITALAC;13;6,34;6,34;7,94;21,25;;12;1,65;7,6;8,05;9,99;9,99;0;0;2;0;0;0;24;7,94;2;MERCEARIA DOCE;201;ACHOCOLATADOS;1;CULINÁRIOS;13;0,0222083333333333
13614;CHOCOLATE HERSHEYS AERADA LEITE 85G;CX;64;7899970400452;18063210;1700300;HERSHEY;18;4,02;3,97;4,93;21,25;25,24;12;1,65;7,6;3,9;5,59;5,76;2,94;0;22;0;31;0;0;4,84;2;MERCEARIA DOCE;205;BOMBONIERE;4;CHOCOLATES;18;0,588890625
8127;CHOCOLATE HERSHEYS AO LEITE 20G;CX;216;7898292888740;18063210;1700300;HERSHEY;5;1,25;1,25;1,56;21,25;25,24;12;1,65;7,6;1,21;1,99;2,05;2,94;0;0;0;0;0;;1,51;2;MERCEARIA DOCE;205;BOMBONIERE;4;CHOCOLATES;5;0
19120;CHOCOLATE LACTA LAKA 80G;CX;68;7622210674319;17049010;1700100;LACTA;4;5,07;5,07;6,3;21,25;25,86;12;1,65;7,6;5,28;7,04;7,26;3,01;26;0;43;2;0;0;6,1;2;MERCEARIA DOCE;205;BOMBONIERE;4;CHOCOLATES;4;0,5
4631;CHOCOLATE PO APTI 200G;CX;12;7896327510246;18061000;1700601;APTI;8;5,94;5,94;7,44;21,25;;12;1,65;7,6;7,54;9,29;9,29;0;0;16;7;17;0;1;7,44;2;MERCEARIA DOCE;201;ACHOCOLATADOS;1;CULINÁRIOS;8;0,444416666666667
21312;CHOCOLATE PO APTI 50% CACAU 200G;CX;12;7896327502371;18061000;;APTI;10;8,92;8,92;11,17;21,25;;12;1,65;7,6;9,35;13,9;13,9;0;0;12;21;14;0;1;11,17;2;MERCEARIA DOCE;201;ACHOCOLATADOS;1;CULINÁRIOS;10;0,52225
24285;CHOCOLATE PO CHOCOTRIX 50% CACAU 1KG;CX;12;7896327517054;18061000;1700601;APTI (CHOCOTRIX);28;21,28;21,28;26,65;21,25;;12;1,65;7,6;27,02;31,6;31,6;0;0;1;0;6;0;26;26,65;2;MERCEARIA DOCE;201;ACHOCOLATADOS;1;CULINÁRIOS;28,0833333333333;0,087
24286;CHOCOLATE PO CHOCOTRIX 50% CACAU 200G;CX;12;7896327517030;18061000;1700601;APTI (CHOCOTRIX);10;5,61;5,61;7,03;21,25;;12;1,65;7,6;7,13;8,29;8,29;0;0;10;0;12;0;3;7,03;2;MERCEARIA DOCE;201;ACHOCOLATADOS;1;CULINÁRIOS;10;0,244416666666667
24712;CHOCOTTONE BAUDUCCO GOTAS E PEDACOS 450G;CX;18;7891962081151;19052010;1705200;BAUDUCCO;12;17,03;17,03;21,32;21,25;;12;1,65;7,6;0;29,59;29,59;0;0;0;0;0;;;21,32;9;PADARIA INDUSTRIAL;903;SAZONAIS;6;NATAL;12;
23517;CHOCOTTONE BAUDUCCO MAXI PISTACHE 450G;CX;18;7891962078359;19052010;1705200;BAUDUCCO;8;17,03;17,03;21,32;21,25;;12;1,65;7,6;20,48;29,59;29,59;0;0;7;0;0;0;5;21,32;9;PADARIA INDUSTRIAL;903;SAZONAIS;6;NATAL;8;0,0777777777777778
20720;CHOCOTTONE BAUDUCCO MAXI TRUFA 450G;CX;18;7891962071398;19052010;1705200;BAUDUCCO;30;17,03;17,03;21,32;21,25;;12;1,65;7,6;21,19;29,59;29,59;0;0;0;0;0;0;;21,32;9;PADARIA INDUSTRIAL;903;SAZONAIS;6;NATAL;30;0
24634;CHOCOTTONE BAUDUCCO PAÇOQUITA 450G;CX;18;7891962081106;19052010;1705200;BAUDUCCO;5;17,03;17,03;21,32;21,25;;12;1,65;7,6;0;29,59;29,59;0;0;5;0;0;0;5;21,32;9;PADARIA INDUSTRIAL;903;SAZONAIS;6;NATAL;5;0,0555555555555556
13085;CLORO CLORAL 1L;CX;12;7896013103578;28289011;1100100;CLORAL;253;2,55;2,55;3,2;21,25;38,3;12;1,65;7,6;2,99;3,97;4,15;4,39;58;474;278;476;13;1;3,2;10001;LIMPEZA;10054;CUIDADOS COM A CASA;163;ÁGUA SANITÁRIA E CLORO;253,5;13,6444166666667
15775;CLORO CLORAL 2L;CX;6;7896013103684;28289011;1100100;CLORAL;299;4,65;4,65;5,82;21,25;38,3;12;1,65;7,6;5,56;7,22;7,55;4,39;325;378;350;376;12;4;5,82;10001;LIMPEZA;10054;CUIDADOS COM A CASA;163;ÁGUA SANITÁRIA E CLORO;299,5;12,2666666666667
16079;CLORO CLORAL 5L;CX;2;7896013103691;28289011;1100100;CLORAL;41;10,9;10,91;13,66;21,25;38,3;12;1,65;7,6;12,94;16,78;17,55;4,39;25;43;115;54;2;8;13,66;10001;LIMPEZA;10054;CUIDADOS COM A CASA;163;ÁGUA SANITÁRIA E CLORO;41;2,3555
24621;CLORO GEL VIM FLORAL FR 700ML;CX;12;7891150057548;38089419;;VIM;5;7,62;7,62;9,54;21,25;;12;1,65;7,6;0;11,99;11,99;0;2;11;0;0;0;3;9,54;10008;FORNECEDORES ESPECIAIS;10101;UNILEVER;7;LIMPADORES ESPECÍFICOS (PISO/VIDRO);5;0,12225
24627;CLORO GEL VIM LAVANDA FR 700ML;CX;12;7891150057524;38089419;;VIM;7;7,62;7,62;9,54;21,25;;12;1,65;7,6;0;11,99;11,99;0;2;9;0;0;0;5;9,54;10008;FORNECEDORES ESPECIAIS;10101;UNILEVER;7;LIMPADORES ESPECÍFICOS (PISO/VIDRO);7;0,1
2542;COBERTURA PREDILECTA CARAMELO 200G;CX;12;7896292303621;21069090;1709400;PREDILECTA;50;3,45;3,45;4,32;21,25;;12;1,65;7,6;4,38;5,69;5,69;0;0;12;26;3;0;9;4,32;2;MERCEARIA DOCE;204;DOCES E SOBREMESAS;1;CONFEITARIA;50;0,455583333333333
2543;COBERTURA PREDILECTA CHOCOLATE 200G;CX;12;7896292302082;18069000;1700400;PREDILECTA;159;3,59;3,59;4,46;21,25;28,36;12;1,65;7,6;4,56;5,7;5,89;3,29;10;58;23;47;1;9;4,32;2;MERCEARIA DOCE;204;DOCES E SOBREMESAS;1;CONFEITARIA;159,916666666667;1,42225
2544;COBERTURA PREDILECTA MORANGO 200G;CX;12;7896292302075;21069090;1709400;PREDILECTA;62;3,45;3,45;4,32;21,25;;12;1,65;7,6;3,72;5,89;5,89;0;20;17;27;34;0;5;4,32;2;MERCEARIA DOCE;204;DOCES E SOBREMESAS;1;CONFEITARIA;62;0,866666666666667
23842;COCADA SOCOCO CREMOSA ABACAXI 335G;CX;12;7896004402222;20079990;1709400;SOCOCO;16;3,66;3,66;4,58;21,25;42,83;12;1,65;7,6;4,65;5,8;6,1;4,89;8;9;24;13;0;2;4,58;2;MERCEARIA DOCE;204;DOCES E SOBREMESAS;6;POTE E COMPOTAS;16;0,511083333333333
23841;COCADA SOCOCO CREMOSA ABOBORA 335G;CX;12;7896004402215;20079990;1709400;SOCOCO;26;3,66;3,66;4,58;21,25;42,83;12;1,65;7,6;4,65;5,8;6,1;4,89;10;11;23;14;0;4;4,58;2;MERCEARIA DOCE;204;DOCES E SOBREMESAS;6;POTE E COMPOTAS;26;0,533333333333333
23378;COCADA SOCOCO DOCE DE COCO BRANCO 335G;CX;12;7896004401386;20079990;1709400;SOCOCO;30;3,66;3,66;4,58;21,25;42,83;12;1,65;7,6;4,65;5,8;6,1;4,89;21;22;29;44;1;2;4,58;2;MERCEARIA DOCE;204;DOCES E SOBREMESAS;6;POTE E COMPOTAS;30,0833333333333;1,05558333333333
23379;COCADA SOCOCO DOCE DE COCO QUEIMADO 335G;CX;12;7896004401393;20079990;1709400;SOCOCO;3;3,66;3,66;4,58;21,25;42,83;12;1,65;7,6;4,65;5,8;6,1;4,89;12;34;25;29;0;0;4,58;2;MERCEARIA DOCE;204;DOCES E SOBREMESAS;6;POTE E COMPOTAS;3;0,97775
20437;COCO RALADO COPRA FLOCADO UMID ADOC 50G;CX;48;7898905356857;08011100;;COPRA;2;1,52;1,52;1,73;12;;12;0;0;1,73;2,19;2,19;0;0;40;13;5;0;0;1,73;2;MERCEARIA DOCE;204;DOCES E SOBREMESAS;1;CONFEITARIA;2;0,6444375
923;COCO RALADO MENINA UMIDO ADOC 100G;CX;24;7896028030654;08011100;;MENINA;110;2,08;2,1;2,25;12;;12;0;0;2,54;3,1;3,1;0;31;218;335;26;6;0;2,2;2;MERCEARIA DOCE;204;DOCES E SOBREMESAS;1;CONFEITARIA;110;6,43333333333333
921;COCO RALADO MENINA UMIDO ADOCADO 50G;CX;48;7896028030661;08011100;;MENINA;53;1,07;1,08;1,14;12;;12;0;0;1,18;1,45;1,45;0;37;184;308;192;7;0;1,13;2;MERCEARIA DOCE;204;DOCES E SOBREMESAS;1;CONFEITARIA;53;7,6
14;COCO RALADO SABOR NORDESTE 100G;CX;24;7898370100467;08011100;;NORDESTE;210;2,19;2,19;2,49;12;;12;0;0;2,47;3,1;3,1;0;12;112;64;96;3;2;2,49;2;MERCEARIA DOCE;204;DOCES E SOBREMESAS;1;CONFEITARIA;210;3,02220833333333
5056;COCO RALADO SABOR NORDESTE 1KG;CX;10;7898370105318;08011100;;NORDESTE;1;17,9;18,52;21,04;12;;12;0;0;20,34;26,09;26,09;0;0;10;0;0;0;1;20,34;2;MERCEARIA DOCE;204;DOCES E SOBREMESAS;1;CONFEITARIA;1,6;0,1111
13;COCO RALADO SABOR NORDESTE 50G;CX;48;7898370100412;08011100;;NORDESTE;175;1,02;1,02;1,16;12;;12;0;0;1,16;1,49;1,49;0;34;53;85;81;2;1;1,16;2;MERCEARIA DOCE;204;DOCES E SOBREMESAS;1;CONFEITARIA;175,520833333333;2,43333333333333
5756;COCO RALADO SOCOCO 100G;CX;24;7896004400013;08011100;;SOCOCO;194;4,46;4,27;4,85;12;;12;0;0;5,05;6,19;6,19;0;32;90;113;277;5;1;4,95;2;MERCEARIA DOCE;204;DOCES E SOBREMESAS;1;CONFEITARIA;194,75;5,33333333333333
5757;COCO RALADO SOCOCO 50G;CX;50;7896004400020;08011100;;SOCOCO;156;2,46;2,46;2,79;12;;12;0;0;2,95;3,59;3,59;0;16;53;64;181;3;0;2,79;2;MERCEARIA DOCE;204;DOCES E SOBREMESAS;1;CONFEITARIA;156,44;3,322
5758;COCO RALADO SWEET FLOCO SOCOCO 100G;CX;24;7896004400723;08011100;;SOCOCO;47;4,49;4,49;5,1;12;;12;0;0;5,34;6,49;6,49;0;10;68;131;77;3;0;5,1;2;MERCEARIA DOCE;204;DOCES E SOBREMESAS;1;CONFEITARIA;47,0416666666667;3,07733333333333
17269;COGUMELO TIO PACO FAT ABRE FACIL 100G;CX;24;7898174850636;20031000;;TIO PACO;15;4,62;4,62;5,77;21,25;;12;1,65;7,6;5,86;7,25;7,25;0;0;0;6;5;0;5;5,65;1;MERCEARIA SALGADA;103;CONSERVAS;3;OUTROS VEGETAIS;15;0,122208333333333
23739;COGUMELO TIO PACO FATIADO BALDE 1,05KG;CX;6;7898174851213;20031000;;TIO PACO;18;11,54;11,54;15,53;21,25;;12;1,65;7,6;34,37;38;38;0;0;0;0;1;0;268;30,4;1;MERCEARIA SALGADA;103;CONSERVAS;3;OUTROS VEGETAIS;18;0,0111666666666667
17258;COGUMELO TIO PACO INTEIRO DOYPAC 80G;CX;24;7898174853354;20031000;;TIO PACO;20;2,51;2,49;3,14;21,25;;12;1,65;7,6;3,32;3,99;3,99;0;9;29;37;32;1;0;3,08;1;MERCEARIA SALGADA;103;CONSERVAS;3;OUTROS VEGETAIS;20,3333333333333;1,088875
22735;COLA TEKBOND INSTANT BLISTER 2G;CX;24;7898904869105;35061010;;TEKBOND;42;1,05;1,05;1,2;21,25;;12;1,65;7,6;1,33;1,49;1,49;0;2;13;8;22;0;3;1,2;10007;BAZAR;10087;BAZAR DIVERSOS;35;COLAS E FITAS ADESIVAS;42;0,477791666666667
21309;COMP LACTEO ALL LAC 400G;CX;25;7898966549199;19019090;;ALL LAC;252;3,48;3,48;4,36;21,25;;12;1,65;7,6;4,42;5,3;5,3;0;46;172;174;114;5;1;4,36;10006;ALTO GIRO;10084;LEITE EM PÓ;15;COMPOSTO LACTEO;252,92;5,12176
1215;COMP LACTEO MERILU 400G;CX;25;7898239260745;04049000;1701200;MERILU;76;4,93;4,93;5,6;12;;12;0;0;5,6;6,95;6,95;0;0;90;31;134;2;1;5,6;10006;ALTO GIRO;10084;LEITE EM PÓ;15;COMPOSTO LACTEO;76,32;2,85468
20481;CONC LIQ PALMEIRON CAJU 900ML;CX;12;7898366933161;21069010;;PALMEIRON;394;2,9;2,9;3,63;21,25;;12;1,65;7,6;3,26;4,39;4,39;0;87;343;0;15;3;8;3,63;10005;BEBIDAS;10073;SUCOS;209;CONCENTRADO;394;3,97775
1326;CONC LIQ REF JANDAIA CAJU 500ML;CX;12;7896179500013;21069010;;JANDAIA;192;1,9;1,9;2,3;21,25;;12;1,65;7,6;1,5;2,89;2,89;0;19;211;425;298;10;1;2,3;10005;BEBIDAS;10073;SUCOS;209;CONCENTRADO;192,75;10,3935
14023;CONC LIQ REF JANDAIA MARACUJA 1L;CX;12;7896179502284;21069010;1701000;JANDAIA;12;7,02;7,02;8,5;21,25;;12;1,65;7,6;5,34;10,79;10,79;0;6;42;0;0;0;2;8,5;10005;BEBIDAS;10073;SUCOS;209;CONCENTRADO;12;0,466666666666667
18688;CONC LIQ REF PALMEIRON CAJU PET 500ML;CX;12;7898366932683;21069010;;PALMEIRON;799;1,71;1,71;2,14;21,25;;12;1,65;7,6;1,74;2,65;2,65;0;161;478;1;2;5;12;2,14;10005;BEBIDAS;10073;SUCOS;209;CONCENTRADO;799,25;5,35925
10262;COND SEDA CACHOS DEFINIDOS 325ML;CX;12;7891150037465;33059000;2002100;SEDA;8;7,47;7,52;8,54;12;34,7;12;0;0;9,68;10,84;11,29;4;0;13;13;4;0;2;8,49;4;PERFUMARIA E HIGIENE;403;CUIDADOS COM CABELO;1;CONDICIONADOR/CREME;8;0,333333333333333
7920;COND SEDA CERAMIDAS 325ML;CX;12;7891150037250;33059000;2002100;SEDA;8;7,47;7,47;8,49;12;34,7;12;0;0;9,68;10,84;11,29;4;1;11;10;0;0;2;8,49;4;PERFUMARIA E HIGIENE;403;CUIDADOS COM CABELO;1;CONDICIONADOR/CREME;8;0,233333333333333
24246;COND SEDA GLYCOL+VIT C LUMINOUS 325ML;CX;12;7891150099838;33059000;2002100;SEDA;18;7,47;7,47;8,49;12;34,7;12;0;0;9,02;10,84;11,29;4;1;1;0;0;0;135;8,49;4;PERFUMARIA E HIGIENE;403;CUIDADOS COM CABELO;1;CONDICIONADOR/CREME;18;0,0110833333333333
10289;COND SEDA LISO PERFEITO 325ML;CX;12;7891150037328;33059000;2002100;SEDA;7;7,47;7,47;8,49;12;34,7;12;0;0;9,68;10,84;11,29;4;0;13;12;4;0;1;8,49;4;PERFUMARIA E HIGIENE;403;CUIDADOS COM CABELO;1;CONDICIONADOR/CREME;7;0,32225
10257;COND SEDA PRETOS LUMINOSOS 325ML;CX;12;7891150037342;33059000;2002100;SEDA;15;7,47;7,47;8,49;12;34,7;12;0;0;9,68;10,84;11,29;4;2;2;14;4;0;5;8,49;4;PERFUMARIA E HIGIENE;403;CUIDADOS COM CABELO;1;CONDICIONADOR/CREME;15;0,22225
10846;CONTRA FILE BOV DO CHEF FRIBOI RESF KG;KG;1;10846;02013000;1708400;FRIBOI;10;44,92;44,07;50,47;7;0;7;0;0;21,3;59,9;59,9;0;0;0;0;0;0;;51,45;6;PERECIVEIS;10046;ACOUGUE;2;BOVINOS REFRIGERADOS;10,53;0
21226;CONTRA FILE BOV FRIGOMARCA RESF KG;KG;1;21226;02013000;1708400;FRIGOMARCA;18;36,65;36,65;41,98;7;0;7;0;0;0;;;;0;0;0;0;;;41,98;6;PERECIVEIS;10046;ACOUGUE;2;BOVINOS REFRIGERADOS;18,85;
3179;COSTELA SUINA PERDIGAO KG;KG;1;3179;02032900;1708700;PERDIGAO;109;16,08;16,71;17,42;7;0;7;0;0;18,99;23,99;23,99;0;0;0;134;67;2;48;16,77;6;PERECIVEIS;10046;ACOUGUE;5;SUÍNOS REFRIGERADOS;109,19;2,233
8465;COSTELA SUINA REZENDE ABA BAR CONG KG;CX;18;8465;02032900;1708701;REZENDE;16;13,43;13,76;14,41;7;0;7;0;0;14,17;19,89;19,89;0;0;0;0;0;0;;14;6;PERECIVEIS;10050;CONGELADOS;4;CARNE SUINA CONGELADA;16,7222222222222;0
13751;COSTELA SUINA SEARA INT KG;KG;1;13751;02032900;1708701;SEARA;100;16,76;16,39;17,09;7;0;7;0;0;17,01;21,49;21,49;0;91;0;0;0;0;;17,47;6;PERECIVEIS;10046;ACOUGUE;5;SUÍNOS REFRIGERADOS;100,01;0
23716;COSTELA SUINO SALG GOLDEN PORK EXT KG;CX;10;23716;02101900;1708701;GOLDEN PORKS;3;12,46;12,46;13,39;12;;12;0;0;12,6;17,99;17,99;0;0;0;0;0;;;13,39;6;PERECIVEIS;10061;SALGADOS;2;CORTES SALGADOS;3;
7037;COXA SOB FGO GUIBON C/ DORSO CONG KG;CX;18;7037;02071419;1708700;GUIBON;150;5,28;5,28;5,5;7;0;7;0;0;5,5;7,49;7,49;0;50;100;60;0;1;4;5,5;6;PERECIVEIS;10050;CONGELADOS;1;AVES CONGELADAS;150;1,77777777777778
4408;COXA SOB FGO LAR C/ O CONG ENV KG;KG;1;4408;02071412;1708700;LAR;12;6,09;6,09;6,35;7;0;7;0;0;6,35;7,49;7,49;0;0;0;0;378;4;2;6,35;6;PERECIVEIS;10050;CONGELADOS;1;AVES CONGELADAS;12,487;4,2
7596;COXINHA ASA FGO PERDIGAO CONG KG;CX;15;7596;02071413;1708700;PERDIGAO;5;9,7;9,7;10,11;7;0;7;0;0;10,05;12,39;12,39;0;0;10;0;20;0;1;10,11;6;PERECIVEIS;10050;CONGELADOS;1;AVES CONGELADAS;5;0,333333333333333
6966;CR CEBOLA MAGGI SH 68G;DP;12;7891000538500;21041011;;NESTLE;5;3,97;3,96;4,59;21,25;;12;1,65;7,6;4,47;5,79;5,79;0;0;104;0;87;2;0;4,59;1;MERCEARIA SALGADA;10095;SOPAS E CREMES;1;CREMES;5;2,12225
8675;CR DENTAL COLGATE ADVANCED FRESH 90G;CX;48;7891024135310;33061000;2002300;COLGATE;7;7,86;7,86;8,05;7;;7;0;0;8,05;9,99;9,99;0;0;9;8;0;0;0;8,05;4;PERFUMARIA E HIGIENE;407;HIGIENE BUCAL;2;CREME DENTAL;7;0,188895833333333
2283;CR DENTAL COLGATE MPA 90G;CX;144;7891024134702;33061000;2002300;COLGATE;10;3,7;3,67;3,76;7;;7;0;0;3,31;4,79;4,79;0;1;10;0;14;0;0;4,5;4;PERFUMARIA E HIGIENE;407;HIGIENE BUCAL;2;CREME DENTAL;10,3333333333333;0,266666666666667
20065;CR DENTAL EVEN JUA E HORTELA C/FLUOR 70G;CX;72;7896013106951;33061000;2002300;EVEN;13;1,48;1,48;1,68;7;;7;0;0;1,59;2,05;2,05;0;3;24;26;7;0;0;1,68;4;PERFUMARIA E HIGIENE;407;HIGIENE BUCAL;2;CREME DENTAL;13;0,633333333333333
23354;CR DENTAL SORRISO DENTES BCOS PROMO 90G;CX;144;7509546699981;33061000;2002300;SORRISO;10;2,53;2,53;2,59;7;;7;0;0;2,32;3,19;3,19;0;0;0;10;0;0;0;2,8;4;PERFUMARIA E HIGIENE;407;HIGIENE BUCAL;2;CREME DENTAL;10;0,111111111111111
7597;CR DENTAL SORRISO TRIPLA LIMP COMP 70G;CX;144;7891528029498;33061000;2002300;SORRISO;22;2,12;2,12;2,17;7;;7;0;0;1,48;2,69;2,69;0;3;0;0;0;0;;2,17;4;PERFUMARIA E HIGIENE;407;HIGIENE BUCAL;2;CREME DENTAL;22;0
4540;CR PENT SEDA CERAMIDAS 300ML;CX;12;7891037144705;33059000;2002000;SEDA;7;5,54;5,54;6,29;12;34,7;12;0;0;7,02;8,05;8,39;4;0;23;20;4;0;1;6,29;4;PERFUMARIA E HIGIENE;403;CUIDADOS COM CABELO;1;CONDICIONADOR/CREME;7;0,52225
16520;CR PENT SEDA COLAG VIT 300ML;CX;12;7891150080102;33059000;2002000;SEDA;13;5,54;5,57;6,32;12;34,7;12;0;0;6,58;8,05;8,39;4;0;19;3;3;0;3;6,29;4;PERFUMARIA E HIGIENE;403;CUIDADOS COM CABELO;1;CONDICIONADOR/CREME;13;0,27775
24600;CR PENT SEDA GLYCOL+VIT C 300ML;CX;12;7891150099852;33059000;2002000;SEDA;12;5,54;5,54;6,29;12;34,7;12;0;0;0;8,05;8,39;4;0;15;0;0;0;6;6,29;10008;FORNECEDORES ESPECIAIS;10101;UNILEVER;17;CONDICIONADOR/CREME;12;0,166666666666667
10260;CR PENT SEDA PRETOS LUMINOSOS 300ML;CX;12;7898422745301;33059000;2002000;SEDA;17;5,54;5,64;6,37;12;34,7;12;0;0;7,02;8,05;8,39;4;1;10;16;3;0;4;6,29;4;PERFUMARIA E HIGIENE;403;CUIDADOS COM CABELO;1;CONDICIONADOR/CREME;17;0,32225
20893;CR TRAT SKALA AMIDINHO DE MILHO 1KG;CX;6;7897042017805;33059000;2002100;SKALA;30;6,71;6,71;7,62;12;34,7;12;0;0;7,62;10,26;10,69;4;0;0;0;0;0;;7,62;4;PERFUMARIA E HIGIENE;403;CUIDADOS COM CABELO;1;CONDICIONADOR/CREME;30;0
19382;CR TRAT SKALA BOMBA VITAM 1KG;CX;6;7897042012183;33059000;2002100;SKALA;14;6,71;6,71;7,62;12;34,7;12;0;0;7,62;10,26;10,69;4;1;15;0;0;0;14;7,62;4;PERFUMARIA E HIGIENE;403;CUIDADOS COM CABELO;1;CONDICIONADOR/CREME;14;0,166666666666667
17233;CR TRAT SKALA CERAMIDAS 1KG;CX;6;7897042004904;33059000;2002100;SKALA;18;6,71;6,71;7,62;12;34,7;12;0;0;7,62;10,26;10,69;4;2;20;0;0;0;13;7,62;4;PERFUMARIA E HIGIENE;403;CUIDADOS COM CABELO;1;CONDICIONADOR/CREME;18;0,222166666666667
17406;CR TRAT SKALA DIVINO POTAO 1KG;CX;6;7897042012473;33059000;2002100;SKALA;14;6,71;6,71;7,62;12;34,7;12;0;0;7,62;10,26;10,69;4;1;15;0;0;0;14;7,62;4;PERFUMARIA E HIGIENE;403;CUIDADOS COM CABELO;1;CONDICIONADOR/CREME;14;0,166666666666667
17405;CR TRAT SKALA DIVINO POTINHO KIDS 1KG;CX;6;7897042007226;33059000;2002100;SKALA;14;6,71;6,71;7,62;12;34,7;12;0;0;7,62;10,26;10,69;4;1;15;0;0;0;14;7,62;4;PERFUMARIA E HIGIENE;403;CUIDADOS COM CABELO;1;CONDICIONADOR/CREME;14;0,166666666666667
24696;CR TRAT SKALA FRUTASTICA ACAI 2EM1 1KG;CX;6;7897042020690;33059000;2002100;SKALA;15;6,71;6,71;7,62;12;34,7;12;0;0;7,62;10,26;10,69;4;0;15;0;0;0;15;7,62;4;PERFUMARIA E HIGIENE;403;CUIDADOS COM CABELO;1;CONDICIONADOR/CREME;15;0,166666666666667
24697;CR TRAT SKALA FRUTASTICA CEREJA 2EM1 1KG;CX;6;7897042020683;33059000;2002100;SKALA;15;6,71;6,71;7,62;12;34,7;12;0;0;7,62;10,26;10,69;4;0;15;0;0;0;15;7,62;4;PERFUMARIA E HIGIENE;403;CUIDADOS COM CABELO;1;CONDICIONADOR/CREME;15;0,166666666666667
24698;CR TRAT SKALA GLICOLICO 3EM1 COND 1KG;CX;6;7897042016907;33059000;2002100;SKALA;15;6,71;6,71;7,62;12;34,7;12;0;0;7,62;10,26;10,69;4;0;15;0;0;0;15;7,62;4;PERFUMARIA E HIGIENE;403;CUIDADOS COM CABELO;1;CONDICIONADOR/CREME;15;0,166666666666667
17235;CR TRAT SKALA MAIS CACHOS 1KG;CX;6;7897042012312;33059000;2002100;SKALA;6;6,71;6,71;7,62;12;34,7;12;0;0;7,62;10,26;10,69;4;4;20;0;0;0;4;7,62;4;PERFUMARIA E HIGIENE;403;CUIDADOS COM CABELO;1;CONDICIONADOR/CREME;6;0,222166666666667
22335;CR TRAT SKALA MELANCIA 1KG;CX;6;7897042019304;33059000;2002100;SKALA;18;6,71;6,71;7,62;12;34,7;12;0;0;7,62;10,26;10,69;4;2;20;0;0;0;13;7,62;4;PERFUMARIA E HIGIENE;403;CUIDADOS COM CABELO;1;CONDICIONADOR/CREME;18;0,222166666666667
22573;CR TRAT SKALA MORANGO 1KG;CX;6;7897042019328;33059000;2002100;SKALA;18;6,71;6,71;7,62;12;34,7;12;0;0;7,62;10,26;10,69;4;1;20;0;0;0;13;7,62;4;PERFUMARIA E HIGIENE;403;CUIDADOS COM CABELO;1;CONDICIONADOR/CREME;18;0,222166666666667
17236;CR TRAT SKALA POTAO DESMAIADO 1KG;CX;6;7897042012725;33059000;2002100;SKALA;9;6,71;6,71;7,62;12;34,7;12;0;0;7,62;10,26;10,69;4;1;20;0;0;0;6;7,62;4;PERFUMARIA E HIGIENE;403;CUIDADOS COM CABELO;1;CONDICIONADOR/CREME;9;0,222166666666667
22574;CR TRAT SKALA UVA 1KG;CX;6;7897042019311;33059000;2002100;SKALA;21;6,71;6,73;7,64;12;34,7;12;0;0;7,62;10,26;10,69;4;4;15;0;0;0;21;7,62;4;PERFUMARIA E HIGIENE;403;CUIDADOS COM CABELO;1;CONDICIONADOR/CREME;21;0,166666666666667
23416;CREME AMENDOIM FUGINI AMENDOCREM BC 120G;CX;24;7897517200268;20081100;1709500;FUGINI;21;4,68;4,52;5,66;21,25;36,98;12;1,65;7,6;5,03;6,88;7,19;4,25;2;4;0;5;0;8;5,86;2;MERCEARIA DOCE;203;MATINAIS;3;CREMES;21,375;0,1
23561;CREME DE AVELA DA TERRINHA DAVELA 140G;CX;10;7898693231282;18069000;1700400;DA TERRINHA;12;5,73;5,73;7,12;21,25;28,36;12;1,65;7,6;7,28;8,69;8,99;3,29;5;0;5;5;0;10;6,9;2;MERCEARIA DOCE;203;MATINAIS;3;CREMES;12;0,1111
23562;CREME DE AVELA DA TERRINHA DAVELA 290G;CX;10;7898693231299;18069000;1700400;DA TERRINHA;2;9,89;9,89;12,29;21,25;28,36;12;1,65;7,6;12,56;14,98;15,49;3,29;2;0;3;3;0;2;11,9;2;MERCEARIA DOCE;203;MATINAIS;3;CREMES;2;0,0667
21970;CREME DE CEBOLA TEMPERAPTI SACHE 68G;CX;12;7896327512264;21041011;;APTI;93;2,38;2,38;2,98;21,25;;12;1,65;7,6;3,02;3,59;3,59;0;5;84;88;76;2;2;2,98;1;MERCEARIA SALGADA;10095;SOPAS E CREMES;1;CREMES;93,0833333333333;2,75558333333333
1224;CREME LEITE ITALAC TP 200G;CX;24;7898080640222;04015021;1701902;ITALAC;14;1,68;1,73;2,17;21,25;;12;1,65;7,6;1,66;2,49;2,49;0;323;1522;8763;19545;331;0;2,1;10006;ALTO GIRO;10082;CREME DE LEITE;11;TETRA PAK;14,125;331,461583333333
548;CUSCUZ MILHO SINHA 500G;FD;30;7892300000698;11041900;;SINHA;282;1,58;1,58;1,79;12;;12;0;0;1,87;2,05;2,05;0;131;272;233;304;8;1;1,79;1;MERCEARIA SALGADA;10093;FARINÁCEOS;2;DERIVADOS DE MILHO;282,366666666667;8,9963
1859;DESENTUPIDOR DIABO VERDE 300G;CX;6;7896495000129;34025000;1100700;DIABO VERDE;16;10,21;10,21;12,68;21,25;19,86;12;1,65;7,6;12,96;15,72;16,09;2,33;71;140;144;165;4;0;12,28;10001;LIMPEZA;10054;CUIDADOS COM A CASA;167;LIMPADORES ESPECÍFICOS (PISO/VIDRO);16;4,98883333333333
1369;DESINF BIG SOFT EUCALIPTO 2L;CX;6;7896491800105;38089411;1100200;BIG SOFT;27;3,2;3,22;3,9;21,25;;12;1,65;7,6;3,62;4,69;4,69;0;30;113;123;60;3;1;3,88;10001;LIMPEZA;10054;CUIDADOS COM A CASA;164;DESINFETANTES E MULTIUSOS;27,6666666666667;3,28883333333333
1370;DESINF BIG SOFT FLORAL ROSAS 2L;CX;6;7896491800129;38089411;1100200;BIG SOFT;52;3,25;3,25;3,93;21,25;;12;1,65;7,6;3,62;4,69;4,69;0;64;87;143;54;3;2;3,93;10001;LIMPEZA;10054;CUIDADOS COM A CASA;164;DESINFETANTES E MULTIUSOS;52;3,1555
1372;DESINF BIG SOFT LAVANDA 2L;CX;6;7896491800037;38089411;1100200;BIG SOFT;25;3,25;3,25;3,93;21,25;;12;1,65;7,6;3,62;4,69;4,69;0;89;126;143;82;3;1;3,93;10001;LIMPEZA;10054;CUIDADOS COM A CASA;164;DESINFETANTES E MULTIUSOS;25;3,9
3396;DESINF KALIPTO EUCALIPTO 2L;CX;6;7891022101287;38089419;;KALIPTO;9;6,3;6,15;7,61;21,25;;12;1,65;7,6;7,99;9,19;9,19;0;1;1;2;11;0;9;7,42;10001;LIMPEZA;10054;CUIDADOS COM A CASA;164;DESINFETANTES E MULTIUSOS;9;0,1555
9517;DESINF KALIPTO EUCALIPTO 500ML;CX;12;7891022860184;38089419;1100200;KALIPTO;2;1,89;1,86;2,3;21,25;;12;1,65;7,6;2,22;2,69;2,69;0;0;0;15;1;0;0;2,22;10001;LIMPEZA;10054;CUIDADOS COM A CASA;164;DESINFETANTES E MULTIUSOS;2,08333333333333;0,17775
3397;DESINF KALIPTO LAVANDA 2L;CX;6;7891022848083;38089419;;KALIPTO;8;6,3;6,3;7,79;21,25;;12;1,65;7,6;7,99;9,19;9,19;0;0;3;0;10;0;9;7,42;10001;LIMPEZA;10054;CUIDADOS COM A CASA;164;DESINFETANTES E MULTIUSOS;8;0,1445
2512;DESINF LYSOFORM BRUTO ORIGINAL 1L;CX;12;7897000800548;38089419;1100200;LYSOFORM;3;8,77;8,77;10,29;21,25;;12;1,65;7,6;10,42;12,89;12,89;0;0;45;2;0;0;0;10,29;10001;LIMPEZA;10054;CUIDADOS COM A CASA;164;DESINFETANTES E MULTIUSOS;3;0,52225
3395;DESINF LYSOFORM BRUTO SUAVE ODOR 1L;CX;12;7897000800814;38089419;1100200;LYSOFORM;5;8,77;8,77;10,29;21,25;;12;1,65;7,6;10,42;12,89;12,89;0;2;27;26;0;0;0;10,29;10001;LIMPEZA;10054;CUIDADOS COM A CASA;164;DESINFETANTES E MULTIUSOS;5;0,588916666666667
16398;DESINF LYSOFORM LAVANDA 1L;CX;12;7894650014202;38089419;1100200;LYSOFORM;11;8,77;8,77;10,29;21,25;;12;1,65;7,6;10,42;12,89;12,89;0;3;25;1;0;0;3;10,29;10001;LIMPEZA;10054;CUIDADOS COM A CASA;164;DESINFETANTES E MULTIUSOS;11;0,288916666666667
23185;DESINF MAZOCRESOL TRADICIONAL 1L;CX;12;7896270201253;38089419;1100200;MAZOCRESOL;28;5,58;5,58;6,69;21,25;;12;1,65;7,6;6,28;8,85;8,85;0;33;84;32;105;2;0;6,37;10001;LIMPEZA;10054;CUIDADOS COM A CASA;164;DESINFETANTES E MULTIUSOS;28,5;2,45558333333333
6792;DESINF PINHO BRIL BR MAR L500ML PG450ML;CX;12;7891022854787;38089419;;PINHO BRIL;11;3,71;3,71;4,59;21,25;;12;1,65;7,6;4,71;5,39;5,39;0;0;4;15;24;0;2;4,37;10001;LIMPEZA;10054;CUIDADOS COM A CASA;164;DESINFETANTES E MULTIUSOS;11,9166666666667;0,47775
1506;DESINF PINHO BRIL CAMP LAV L500P450ML;CX;12;7891022854336;38089419;;PINHO BRIL;6;3,34;3,34;4,13;21,25;;12;1,65;7,6;4,03;5,29;5,29;0;0;3;13;24;0;1;3,93;10001;LIMPEZA;10054;CUIDADOS COM A CASA;164;DESINFETANTES E MULTIUSOS;6,08333333333333;0,444416666666667
6793;DESINF PINHO BRIL CAMP LAVANDA M PERF 1L;CX;12;7891022101096;38089419;;PINHO BRIL;23;5,42;5,42;7;21,25;;12;1,65;7,6;8,48;9,6;9,6;0;1;5;9;6;0;8;7,87;10001;LIMPEZA;10054;CUIDADOS COM A CASA;164;DESINFETANTES E MULTIUSOS;23;0,22225
6716;DESINF PINHO BRIL M PERF CAMP LAV 500ML;CX;12;7891022100990;38089419;;PINHO BRIL;13;3,71;3,7;4,58;21,25;;12;1,65;7,6;4,71;5,39;5,39;0;3;2;11;6;0;5;4,37;10001;LIMPEZA;10054;CUIDADOS COM A CASA;164;DESINFETANTES E MULTIUSOS;13;0,211083333333333
8396;DESINF PINHO BRIL SILVESTRE LV500PG450ML;CX;12;7891022854244;38089419;;PINHO BRIL;9;3,34;3,34;4,13;21,25;;12;1,65;7,6;4,03;5,29;5,29;0;3;10;21;8;0;1;3,93;10001;LIMPEZA;10054;CUIDADOS COM A CASA;164;DESINFETANTES E MULTIUSOS;9;0,433333333333333
6391;DESINF PINHO BRIL SILVESTRE PLUS 1L;CX;12;7891022080049;38089419;;PINHO BRIL;26;5,42;5,42;7;21,25;;12;1,65;7,6;8,48;9,6;9,6;0;1;14;8;8;0;6;7,87;10001;LIMPEZA;10054;CUIDADOS COM A CASA;164;DESINFETANTES E MULTIUSOS;26;0,333333333333333
1509;DESINF PINHO BRIL SILVESTRE PLUS 500ML;CX;12;7891022080025;38089419;;PINHO BRIL;18;3,71;3,71;4,59;21,25;;12;1,65;7,6;4,71;5,39;5,39;0;1;2;41;14;0;2;4,37;10001;LIMPEZA;10054;CUIDADOS COM A CASA;164;DESINFETANTES E MULTIUSOS;18,8333333333333;0,633333333333333
6233;DESINF PINHO INVICTO LAVANDA 500ML;CX;12;7898031170686;38089419;1100200;INVICTO;26;1,7;1,7;2,1;21,25;;12;1,65;7,6;1,87;2,59;2,59;0;39;32;83;78;2;1;2;10001;LIMPEZA;10054;CUIDADOS COM A CASA;164;DESINFETANTES E MULTIUSOS;26,1666666666667;2,14441666666667
6236;DESINF PINHO INVICTO TRAD ORIGINAL 500ML;CX;12;7898031170273;38089419;1100200;INVICTO;135;1,7;1,7;2,1;21,25;;12;1,65;7,6;2,15;2,59;2,59;0;48;30;91;92;2;4;2;10001;LIMPEZA;10054;CUIDADOS COM A CASA;164;DESINFETANTES E MULTIUSOS;135;2,36666666666667
6390;DESINF PINHO SOL LAVANDA P450ML L500ML;CX;12;7891024193051;38089419;1100200;PINHO SOL;53;4,83;4,78;5,53;21,25;;12;1,65;7,6;5,63;6,89;6,89;0;2;53;30;114;2;2;6,35;10001;LIMPEZA;10054;CUIDADOS COM A CASA;164;DESINFETANTES E MULTIUSOS;53;2,18891666666667
1879;DESINF PINHO SOL ORIG L500ML P450ML;CX;12;7891024194249;38089419;1100200;PINHO SOL;28;4,83;4,83;5,59;21,25;;12;1,65;7,6;5,63;6,89;6,89;0;25;127;68;172;4;0;6,35;10001;LIMPEZA;10054;CUIDADOS COM A CASA;164;DESINFETANTES E MULTIUSOS;28;4,07775
1493;DESINF YPE BAK EUCALIPTO 2L;CX;6;7896098903674;38089419;1100200;YPE;9;6,8;6,51;7,99;21,25;;12;1,65;7,6;8,22;10,09;10,09;0;0;1;6;3;0;14;8,01;10001;LIMPEZA;10054;CUIDADOS COM A CASA;164;DESINFETANTES E MULTIUSOS;9,83333333333333;0,111166666666667
1490;DESINF YPE BAK EUCALIPTO 500ML;CX;12;7896098903605;38089419;;YPE;11;2,06;2,05;2,54;21,25;;12;1,65;7,6;2,48;3,09;3,09;0;8;54;38;25;1;0;2,42;10001;LIMPEZA;10054;CUIDADOS COM A CASA;164;DESINFETANTES E MULTIUSOS;11;1,3
15023;DESINF YPE BAK FLORAL 1L;CX;12;7896098903544;38089419;1100200;YPE;7;3,74;3,74;4,62;21,25;;12;1,65;7,6;4,52;5,29;5,29;0;0;2;16;0;0;2;4,41;10001;LIMPEZA;10054;CUIDADOS COM A CASA;164;DESINFETANTES E MULTIUSOS;7,08333333333333;0,2
1494;DESINF YPE BAK FLORAL 2L;CX;6;7896098903681;38089419;1100200;YPE;11;6,8;6,53;8,07;21,25;;12;1,65;7,6;8,63;10,09;10,09;0;4;4;6;17;0;6;8,01;10001;LIMPEZA;10054;CUIDADOS COM A CASA;164;DESINFETANTES E MULTIUSOS;11;0,3
1491;DESINF YPE BAK FLORAL 500ML;CX;12;7896098903612;38089419;;YPE;3;2,06;2,06;2,54;21,25;;12;1,65;7,6;2,61;3,09;3,09;0;6;50;47;62;1;0;2,42;10001;LIMPEZA;10054;CUIDADOS COM A CASA;164;DESINFETANTES E MULTIUSOS;3;1,76666666666667
1495;DESINF YPE BAK LAVANDA 2L;CX;6;7896098903698;38089419;1100200;YPE;2;6,8;6,68;8,25;21,25;;12;1,65;7,6;8,63;10,09;10,09;0;1;2;5;5;0;2;8,01;10001;LIMPEZA;10054;CUIDADOS COM A CASA;164;DESINFETANTES E MULTIUSOS;2;0,133333333333333
1492;DESINF YPE BAK LAVANDA 500ML;CX;12;7896098903629;38089419;1100200;YPE;10;2,06;2,06;2,54;21,25;;12;1,65;7,6;2,61;3,09;3,09;0;4;55;69;79;2;0;2,42;10001;LIMPEZA;10054;CUIDADOS COM A CASA;164;DESINFETANTES E MULTIUSOS;10;2,25558333333333
14484;DESINF YPE BAK TURQUESA 500ML;CX;12;7896098903636;38089419;1100200;YPE;4;2,06;2,06;2,54;21,25;;12;1,65;7,6;2,61;3,09;3,09;0;0;42;32;27;1;0;2,42;10001;LIMPEZA;10054;CUIDADOS COM A CASA;164;DESINFETANTES E MULTIUSOS;4,41666666666667;1,12225
16442;DESINF YPE M USO ANTIBAC FR REFIL 500ML;CX;24;7896098906972;38089419;1100200;YPE;5;2,35;2,35;2,84;21,25;;12;1,65;7,6;2,87;3,49;3,49;0;0;0;0;0;0;;2,84;10001;LIMPEZA;10054;CUIDADOS COM A CASA;164;DESINFETANTES E MULTIUSOS;5;0
1488;DESINF YPE PINHO CITRUS 500ML;CX;12;7896098900611;38089419;;YPE;1;2,48;2,48;3,07;21,25;;12;1,65;7,6;3,15;3,69;3,69;0;0;6;8;15;0;0;2,92;10001;LIMPEZA;10054;CUIDADOS COM A CASA;164;DESINFETANTES E MULTIUSOS;1,91666666666667;0,32225
1489;DESINF YPE PINHO LAVANDA 500ML;CX;12;7896098900628;38089419;1100200;YPE;5;2,48;2,47;3,06;21,25;;12;1,65;7,6;3,15;3,69;3,69;0;0;42;61;29;1;0;2,92;10001;LIMPEZA;10054;CUIDADOS COM A CASA;164;DESINFETANTES E MULTIUSOS;5;1,46666666666667
15499;DESINF YPE PINHO LAVANDA FR 1L;CX;12;7896098903315;38089419;1100200;YPE;4;4,46;4,32;5,34;21,25;;12;1,65;7,6;5,67;6,59;6,59;0;0;0;1;0;0;30;5,26;10001;LIMPEZA;10054;CUIDADOS COM A CASA;164;DESINFETANTES E MULTIUSOS;4;0,0110833333333333
1487;DESINF YPE PINHO TRADICAO 500ML;CX;12;7896098900604;38089419;1100200;YPE;8;2,48;2,48;3,06;21,25;;12;1,65;7,6;3,15;3,69;3,69;0;0;73;68;41;2;0;2,92;10001;LIMPEZA;10054;CUIDADOS COM A CASA;164;DESINFETANTES E MULTIUSOS;8;2,02225
10263;DESOD AXE AER BODYSPRAY BLACK 150ML;CX;12;7791293028781;33072010;2002700;AXE;2;5,71;5,71;6,49;12;32,69;12;0;0;5,93;8,27;8,59;3,77;2;79;0;0;0;0;6,49;4;PERFUMARIA E HIGIENE;404;CUIDADOS COM O CORPO;1;DESODORANTE;2;0,87775
16187;DESOD AXE AER MUSK MASC 152ML (90G);CX;12;7891150080973;33072010;2002700;AXE;21;5,71;5,71;6,49;12;32,69;12;0;0;6,49;8,27;8,59;3,77;3;75;0;0;0;2;6,49;4;PERFUMARIA E HIGIENE;404;CUIDADOS COM O CORPO;1;DESODORANTE;21,0833333333333;0,833333333333333
14399;DESOD DOVE AER FEM BEAUTY FINISH 150ML;CX;12;7791293033235;33072010;2002700;DOVE;21;9,5;9,5;10,79;12;32,69;12;0;0;10,79;13,46;13,99;3,77;5;21;20;11;0;3;10,79;4;PERFUMARIA E HIGIENE;404;CUIDADOS COM O CORPO;1;DESODORANTE;21;0,57775
10269;DESOD DOVE AER INVISIBLE DRY 150ML;CX;12;7506306241176;33072010;2002700;DOVE;17;9,5;9,5;10,79;12;32,69;12;0;0;10,79;13,46;13,99;3,77;3;29;1;0;0;4;10,79;4;PERFUMARIA E HIGIENE;404;CUIDADOS COM O CORPO;1;DESODORANTE;17;0,333333333333333
11956;DESOD DOVE AER MEN CARE AP S/PFRUM 150ML;CX;12;7791293014838;33072010;2002700;DOVE;31;9,5;9,5;10,79;12;32,69;12;0;0;10,79;13,46;13,99;3,77;1;18;0;0;0;12;10,79;4;PERFUMARIA E HIGIENE;404;CUIDADOS COM O CORPO;1;DESODORANTE;31;0,2
24248;DESOD DOVE AER MEN CARE ENER BOOST 150ML;CX;12;7506306254459;33072010;2002800;DOVE;65;9,45;9,45;10,74;12;32,69;12;0;0;10,74;13,46;13,99;3,77;0;7;11;1;0;25;10,74;4;PERFUMARIA E HIGIENE;404;CUIDADOS COM O CORPO;1;DESODORANTE;65;0,211083333333333
24249;DESOD DOVE AER MEN CARE EUCA+MENTA 150ML;CX;12;7891150084155;33072010;2002800;DOVE;13;9,45;9,45;10,74;12;32,69;12;0;0;10,74;13,46;13,99;3,77;0;0;11;6;0;5;10,74;4;PERFUMARIA E HIGIENE;404;CUIDADOS COM O CORPO;1;DESODORANTE;13;0,188916666666667
24250;DESOD DOVE AER MEN CARE EX FRESH 150ML;CX;12;7791293012063;33072010;2002800;DOVE;21;9,5;9,49;10,78;12;32,69;12;0;0;10,79;13,46;13,99;3,77;0;11;1;5;0;9;10,79;4;PERFUMARIA E HIGIENE;404;CUIDADOS COM O CORPO;1;DESODORANTE;21;0,188916666666667
10272;DESOD DOVE AER MEN CARE INVI DRY 150ML;CX;12;7791293022819;33072010;2002700;DOVE;20;9,32;9,32;10,59;12;32,69;12;0;0;10,59;13,46;13,99;3,77;0;17;12;10;0;3;10,59;4;PERFUMARIA E HIGIENE;404;CUIDADOS COM O CORPO;1;DESODORANTE;20;0,433333333333333
24247;DESOD DOVE AER MEN CARE INVI FRESH 150ML;CX;12;7891150087347;33072010;2002800;DOVE;5;9,35;9,35;10,63;12;32,69;12;0;0;10,63;13,46;13,99;3,77;0;1;6;1;0;4;10,63;4;PERFUMARIA E HIGIENE;404;CUIDADOS COM O CORPO;1;DESODORANTE;5;0,0889166666666667
7915;DESOD DOVE MEN AER PROT TOTAL 150ML;CX;12;7791293012087;33072010;2002700;DOVE;27;9,45;9,45;10,74;12;32,69;12;0;0;10,74;13,46;13,99;3,77;1;7;28;1;0;5;10,74;4;PERFUMARIA E HIGIENE;404;CUIDADOS COM O CORPO;1;DESODORANTE;27;0,4
8094;DESOD DOVE ROLL ON ORIGINAL 50ML;CX;12;78924468;33072010;2002800;DOVE;2;5,01;5,01;5,69;12;32,69;12;0;0;5,81;7,21;7,49;3,77;0;49;0;2;0;0;5,69;4;PERFUMARIA E HIGIENE;404;CUIDADOS COM O CORPO;1;DESODORANTE;2;0,566666666666667
3591;DESOD LEITE ROSAS 100ML;CX;48;7896806700021;33072010;2002700;LEITE DE ROSAS;10;2,36;2,36;2,68;12;32,69;12;0;0;2,69;3,45;3,59;3,77;10;6;0;10;0;1;2,68;4;PERFUMARIA E HIGIENE;404;CUIDADOS COM O CORPO;1;DESODORANTE;10,5;0,1805625
3592;DESOD LEITE ROSAS 170ML;CX;36;7896806700038;33072010;2002700;LEITE DE ROSAS;23;3,35;3,35;3,8;12;32,69;12;0;0;3,79;4,71;4,89;3,77;7;15;3;9;0;2;3,81;4;PERFUMARIA E HIGIENE;404;CUIDADOS COM O CORPO;1;DESODORANTE;23;0,3
2314;DESOD LEITE ROSAS 310ML;CX;24;7896806700045;33072010;2002800;LEITE DE ROSAS;27;5,32;5,3;6,03;12;32,69;12;0;0;6,02;7,59;7,89;3,77;0;10;0;14;0;4;6,04;4;PERFUMARIA E HIGIENE;404;CUIDADOS COM O CORPO;1;DESODORANTE;27;0,266666666666667
2315;DESOD LEITE ROSAS 60ML;CX;60;7896806700014;33072010;2002700;LEITE DE ROSAS;26;1,65;1,64;1,86;12;32,69;12;0;0;1,87;2,4;2,49;3,77;3;5;2;1;0;4;1,87;4;PERFUMARIA E HIGIENE;404;CUIDADOS COM O CORPO;1;DESODORANTE;26;0,0888833333333333
13477;DESOD NIVEA AER S/PERF SENSITIVE 150ML;CX;12;4005808662388;33072010;2002800;NIVEA;3;6,52;6,52;7,4;12;32,69;12;0;0;7,41;9,19;9,55;3,77;0;0;0;0;0;;7,34;4;PERFUMARIA E HIGIENE;404;CUIDADOS COM O CORPO;1;DESODORANTE;3;0
10338;DESOD REXONA AER AP BAMBOO 150ML;CX;12;7791293032498;33072010;2002800;REXONA;8;8,35;8,48;9,53;12;32,69;12;0;0;9,37;12,02;12,49;3,77;0;34;12;11;0;1;9,49;4;PERFUMARIA E HIGIENE;404;CUIDADOS COM O CORPO;1;DESODORANTE;8;0,633333333333333
11522;DESOD REXONA AER MEN ANTIBAC 150ML;CX;12;7791293025537;33072010;2002800;REXONA;9;8,35;8,28;9,4;12;32,69;12;0;0;8,7;12,02;12,49;3,77;0;35;15;17;0;1;9,49;4;PERFUMARIA E HIGIENE;404;CUIDADOS COM O CORPO;1;DESODORANTE;9;0,744416666666667
11185;DESOD REXONA AER MEN ANTIBAC INVIS 150ML;CX;12;7506306244184;33072010;2002800;REXONA;4;8,22;8,22;9,34;12;32,69;12;0;0;10,1;12,02;12,49;3,77;0;11;26;14;0;0;9,34;4;PERFUMARIA E HIGIENE;404;CUIDADOS COM O CORPO;1;DESODORANTE;4;0,566666666666667
12825;DESOD REXONA AER MEN AP INVISIBLE 150ML;CX;12;7791293022635;33072010;2002800;REXONA;10;8,35;8,35;9,49;12;32,69;12;0;0;8,7;12,02;12,49;3,77;1;44;0;0;0;1;9,49;4;PERFUMARIA E HIGIENE;404;CUIDADOS COM O CORPO;1;DESODORANTE;10;0,488916666666667
11249;DESOD REXONA AER MEN AP XTRACOOL 150ML;CX;12;7791293022581;33072010;2002800;REXONA;8;8,22;8,23;9,35;12;32,69;12;0;0;10,1;12,02;12,49;3,77;0;42;10;7;0;1;9,34;4;PERFUMARIA E HIGIENE;404;CUIDADOS COM O CORPO;1;DESODORANTE;8;0,655583333333333
11187;DESOD REXONA AER MEN S/PERF 150ML;CX;12;7891150055872;33072010;2002800;REXONA;13;8,12;9,01;9,74;12;32,69;12;0;0;10,1;12,02;12,49;3,77;0;25;0;6;0;3;9,23;4;PERFUMARIA E HIGIENE;404;CUIDADOS COM O CORPO;1;DESODORANTE;13;0,344416666666667
11188;DESOD REXONA AER S/PERF WOM AP 150ML;CX;12;7791293032368;33072010;2002800;REXONA;25;8,35;8,37;9,5;12;32,69;12;0;0;10,1;12,02;12,49;3,77;0;23;2;5;0;6;9,49;4;PERFUMARIA E HIGIENE;404;CUIDADOS COM O CORPO;1;DESODORANTE;25;0,333333333333333
11183;DESOD REXONA AER WOM ANTIB INV 150ML;CX;12;7506306244177;33072010;2002800;REXONA;25;8,35;8,58;9,57;12;32,69;12;0;0;10,1;12,02;12,49;3,77;2;14;8;8;0;6;9,49;4;PERFUMARIA E HIGIENE;404;CUIDADOS COM O CORPO;1;DESODORANTE;25;0,333333333333333
16304;DESOD REXONA ROLL ON ANTIB INV 50ML;CX;12;75058852;33072010;2002800;REXONA;5;4,39;4,39;4,99;12;32,69;12;0;0;6,3;6,53;6,79;3,77;0;23;2;0;0;1;4,99;4;PERFUMARIA E HIGIENE;404;CUIDADOS COM O CORPO;1;DESODORANTE;5;0,27775
16307;DESOD REXONA ROLL ON MEN XTRA COOL 50ML;CX;12;78929395;33072010;2002800;REXONA;3;4,39;4,39;4,99;12;32,69;12;0;0;6,3;6,53;6,79;3,77;0;47;1;0;0;0;4,99;4;PERFUMARIA E HIGIENE;404;CUIDADOS COM O CORPO;1;DESODORANTE;3;0,533333333333333
7912;DESOD REXONA ROLL ON POWDER 50ML;CX;12;78924338;33072010;2002800;REXONA;2;4,48;4,48;5,09;12;32,69;12;0;0;5,3;6,53;6,79;3,77;0;48;2;0;0;0;5,09;4;PERFUMARIA E HIGIENE;404;CUIDADOS COM O CORPO;1;DESODORANTE;2;0,555583333333333
16308;DESOD REXONA ROLL ON S/PERFUME 50ML;CX;12;78924383;33072010;2002800;REXONA;58;4,39;4,39;4,99;12;32,69;12;0;0;5,13;6,53;6,79;3,77;0;41;14;21;0;5;4,99;4;PERFUMARIA E HIGIENE;404;CUIDADOS COM O CORPO;1;DESODORANTE;58,1666666666667;0,844416666666667
13619;DET GEL YPE CONC NEUTRO N SENSES FR 406G;CX;12;7896098902028;34025000;1100500;YPE;7;4,32;2,59;3,57;21,25;18,56;12;1,65;7,6;4,86;5,86;5,99;2,18;0;2;1;0;0;19;5,2;10001;LIMPEZA;10054;CUIDADOS COM A CASA;166;LAVA LOUÇAS E DESENGORDURANTES;7,75;0,0333333333333333
67;DET LIQ BARRA LIMAO 500ML;CX;24;7897510301047;34025000;1100500;BARRA;1;1,08;1,08;1,16;21,25;18,56;12;1,65;7,6;0,8;1,44;1,47;2,18;0;0;0;0;0;;1,12;10001;LIMPEZA;10054;CUIDADOS COM A CASA;166;LAVA LOUÇAS E DESENGORDURANTES;1,25;0
66;DET LIQ BARRA MACA 500ML;CX;24;7897510301023;34025000;1100500;BARRA;5;1,08;1,08;1,16;21,25;18,56;12;1,65;7,6;0,8;1,44;1,47;2,18;0;0;0;0;0;;1,12;10001;LIMPEZA;10054;CUIDADOS COM A CASA;166;LAVA LOUÇAS E DESENGORDURANTES;5,5;0
24258;DET LIQ BRILUX CLEAR 500ML;CX;24;7896110103280;34025000;1100400;BRILUX;292;1,15;1,15;1,44;21,25;18,56;12;1,65;7,6;1,46;1,71;1,75;2,18;52;233;124;321;7;1;1,44;10001;LIMPEZA;10054;CUIDADOS COM A CASA;166;LAVA LOUÇAS E DESENGORDURANTES;292,708333333333;7,54258333333333
24256;DET LIQ BRILUX COCO 500ML;CX;24;7896110103099;34025000;1100400;BRILUX;220;1,15;1,15;1,44;21,25;18,56;12;1,65;7,6;1,46;1,71;1,75;2,18;44;286;130;398;9;1;1,44;10001;LIMPEZA;10054;CUIDADOS COM A CASA;166;LAVA LOUÇAS E DESENGORDURANTES;220,166666666667;9,04445833333333
24255;DET LIQ BRILUX LIMAO 500ML;CX;24;7896110103303;34025000;1100400;BRILUX;236;1,15;1,15;1,44;21,25;18,56;12;1,65;7,6;1,32;1,71;1,75;2,18;40;328;172;247;8;1;1,44;10001;LIMPEZA;10054;CUIDADOS COM A CASA;166;LAVA LOUÇAS E DESENGORDURANTES;236;8,3
24259;DET LIQ BRILUX MACA 500ML;CX;24;7896110103297;34025000;1100400;BRILUX;185;1,15;1,15;1,44;21,25;18,56;12;1,65;7,6;1,32;1,71;1,75;2,18;115;370;226;301;9;0;1,44;10001;LIMPEZA;10054;CUIDADOS COM A CASA;166;LAVA LOUÇAS E DESENGORDURANTES;185,125;9,97591666666667
24257;DET LIQ BRILUX NEUTRO 500ML;CX;24;7896110102573;34025000;1100400;BRILUX;301;1,15;1,15;1,44;21,25;18,56;12;1,65;7,6;1,46;1,71;1,75;2,18;216;484;315;465;14;0;1,44;10001;LIMPEZA;10054;CUIDADOS COM A CASA;166;LAVA LOUÇAS E DESENGORDURANTES;301,625;14,048625
4368;DET LIQ LIMPOL NEUTRO 5L;CX;4;7891022242003;34025000;1100500;LIMPOL;14;13,46;13,44;16,7;21,25;18,56;12;1,65;7,6;17,09;21,51;21,99;2,18;0;45;52;0;1;3;16,19;10001;LIMPEZA;10054;CUIDADOS COM A CASA;166;LAVA LOUÇAS E DESENGORDURANTES;14;1,07775
11391;DET LIQ YPE CAPIM LIMAO 500ML;CX;24;7896098902042;34025000;1100500;YPE;177;1,46;1,46;1,85;21,25;18,56;12;1,65;7,6;2,05;2,24;2,29;2,18;85;266;422;792;16;0;1,94;10001;LIMPEZA;10054;CUIDADOS COM A CASA;166;LAVA LOUÇAS E DESENGORDURANTES;177,375;16,4537083333333
1481;DET LIQ YPE CLEAR 500ML;CX;24;7896098900253;34025000;1100500;YPE;1;1,46;1,46;1,85;21,25;18,56;12;1,65;7,6;2,05;2,24;2,29;2,18;4;677;576;1730;33;0;1,94;10001;LIMPEZA;10054;CUIDADOS COM A CASA;166;LAVA LOUÇAS E DESENGORDURANTES;1,04166666666667;33,1481666666667
1479;DET LIQ YPE CLEAR CARE 500ML;CX;24;7896098900277;34025000;1100500;YPE;251;1,46;1,43;1,82;21,25;18,56;12;1,65;7,6;2,05;2,24;2,29;2,18;144;570;863;1182;29;0;1,94;10001;LIMPEZA;10054;CUIDADOS COM A CASA;166;LAVA LOUÇAS E DESENGORDURANTES;251,333333333333;29,0620416666667
1480;DET LIQ YPE COCO 500ML;CX;24;7896098900239;34025000;1100500;YPE;1;1,36;1,36;1,75;21,25;18,56;12;1,65;7,6;1,75;2,24;2,29;2,18;10;1388;670;2072;45;0;1,94;10001;LIMPEZA;10054;CUIDADOS COM A CASA;166;LAVA LOUÇAS E DESENGORDURANTES;1,25;45,888875
1476;DET LIQ YPE LIMAO 500ML;CX;24;7896098900222;34025000;1100500;YPE;2;1,46;1,4;1,79;21,25;18,56;12;1,65;7,6;2,05;2,24;2,29;2,18;128;822;822;1942;39;0;1,94;10001;LIMPEZA;10054;CUIDADOS COM A CASA;166;LAVA LOUÇAS E DESENGORDURANTES;2,33333333333333;39,8518333333333
1477;DET LIQ YPE MACA 500ML;CX;24;7896098900215;34025000;1100500;YPE;4;1,46;1,45;1,84;21,25;18,56;12;1,65;7,6;2,05;2,24;2,29;2,18;184;922;1058;1856;42;0;1,94;10001;LIMPEZA;10054;CUIDADOS COM A CASA;166;LAVA LOUÇAS E DESENGORDURANTES;4;42,6435
1475;DET LIQ YPE NEUTRO 500ML;CX;24;7896098900208;34025000;1100500;YPE;2;1,46;1,41;1,8;21,25;18,56;12;1,65;7,6;2,05;2,24;2,29;2,18;219;1666;1465;3366;72;0;1,94;10001;LIMPEZA;10054;CUIDADOS COM A CASA;166;LAVA LOUÇAS E DESENGORDURANTES;2,95833333333333;72,195375
1483;DET LIQ YPE NEUTRO 5L;CX;4;7896098905203;34025000;1100500;YPE;65;14,76;14,76;18,34;21,25;18,56;12;1,65;7,6;18,74;21,9;22,39;2,18;21;34;121;30;2;7;17,76;10001;LIMPEZA;10054;CUIDADOS COM A CASA;166;LAVA LOUÇAS E DESENGORDURANTES;65;2,0555
23070;DIFU AROMAS COALA BAMBU 100ML;CX;12;7897744504214;33074900;;COALA;4;8,46;8,46;9,39;12;;12;0;0;9,91;11,99;11,99;0;2;15;4;10;0;1;7,42;10001;LIMPEZA;10054;CUIDADOS COM A CASA;168;PURIFICADORES E ODORIZADORES;4,83333333333333;0,32225
22765;DIFU AROMAS COALA CHA BRANCO 100ML;CX;12;7897744504764;33074900;;COALA;2;8,62;8,56;9,5;12;;12;0;0;9,91;11,99;11,99;0;11;32;18;25;0;0;7,58;10001;LIMPEZA;10054;CUIDADOS COM A CASA;168;PURIFICADORES E ODORIZADORES;2;0,833333333333333
23073;DIFU AROMAS COALA FLOR DE CACTO 100ML;CX;12;7897744505617;33074900;;COALA;2;8,46;8,51;9,45;12;;12;0;0;9,91;11,99;11,99;0;4;13;1;15;0;0;7,42;10001;LIMPEZA;10054;CUIDADOS COM A CASA;168;PURIFICADORES E ODORIZADORES;2;0,32225
24060;DIFU AROMAS COALA SOL DO BRASIL 100ML;CX;12;7896017202352;33074900;;COALA;6;7,87;7,03;7,8;12;;12;0;0;5,51;11,99;11,99;0;3;25;2;4;0;1;6,91;10001;LIMPEZA;10054;CUIDADOS COM A CASA;168;PURIFICADORES E ODORIZADORES;6;0,344416666666667
24064;DIFU AROMAS COALA THE QUEEN 100ML;CX;12;7896017202345;33074900;;COALA;13;7,87;7,03;7,8;12;;12;0;0;5,51;11,99;11,99;0;5;31;1;2;0;2;6,91;10001;LIMPEZA;10054;CUIDADOS COM A CASA;168;PURIFICADORES E ODORIZADORES;13;0,37775
14094;DISPLAY BALCAO 6 GANCHOS MOD2;UN;1;14094;94032000;;DISPLAY;92;38,5;38,5;38,5;0;0;-9,25;1,65;7,6;38,5;46,82;46,82;0;0;0;0;0;0;;;10000;SEM DEPARTAMENTO;10077;SEM SECAO;100771;SEM CATEGORIA;92;0
16225;DISPLAY MKT CAIXA PDV;UN;1;7899825509996;48191000;;SEM MARCA;28;10,66;10,66;12,11;21,25;;12;1,65;7,6;13,53;15,97;15,97;0;0;0;0;0;0;;;10000;SEM DEPARTAMENTO;10077;SEM SECAO;100771;SEM CATEGORIA;28;0
23803;DOCE DE LEITE XAMEGO BOM BEIJINHO 400G;CX;12;7896310601098;19019090;;XAMEGO;1;7,17;7,17;8,68;21,25;;12;1,65;7,6;8;10,4;10,4;0;0;13;0;8;0;0;8,68;2;MERCEARIA DOCE;204;DOCES E SOBREMESAS;6;POTE E COMPOTAS;1,91666666666667;0,233333333333333
20911;DOCE LEITE XAMEGO BOM C/CHOCO PASTA 400G;CX;12;7896310601999;19019090;1704600;XAMEGO;3;4,94;4,93;5,97;21,25;;12;1,65;7,6;3,8;7,09;7,09;0;0;14;8;15;0;0;5,98;2;MERCEARIA DOCE;204;DOCES E SOBREMESAS;6;POTE E COMPOTAS;3;0,411083333333333
12143;DOCE LEITE XAMEGO BOM CHOC 9,8KG;UN;1;7896310601883;19019090;1704600;XAMEGO;20;90,09;90,09;109,07;21,25;;12;1,65;7,6;100,55;126,9;126,9;0;0;9;11;10;0;60;109,07;2;MERCEARIA DOCE;204;DOCES E SOBREMESAS;1;CONFEITARIA;20;0,333
516;DOCE LEITE XAMEGO BOM PASTA PT 400G;CX;12;7896310602033;19019090;1704600;XAMEGO;54;4,94;4,94;5,98;21,25;;12;1,65;7,6;5,51;7,09;7,09;0;40;147;179;33;3;1;5,98;2;MERCEARIA DOCE;204;DOCES E SOBREMESAS;6;POTE E COMPOTAS;54,0833333333333;3,98891666666667
23413;DOCE LEITE XAMEGO BOM PASTOSO 1,05KG;CX;6;7896310601470;19019090;1704600;XAMEGO;9;8,76;8,76;10,61;21,25;;12;1,65;7,6;9,78;12,65;12,65;0;0;5;11;11;0;5;10,61;2;MERCEARIA DOCE;204;DOCES E SOBREMESAS;1;CONFEITARIA;9;0,3
12070;DOCE LEITE XAMEGO BOMG PURO 9,8KG;UN;1;7896310601517;19019090;1704600;XAMEGO;176;75,73;75,73;91,68;21,25;;12;1,65;7,6;84,52;109;109;0;11;62;188;83;3;47;91,68;2;MERCEARIA DOCE;204;DOCES E SOBREMESAS;1;CONFEITARIA;176;3,7
15910;DUETO FUGINI CONSERVA SH 170G;CX;36;7897517209643;20059900;1709200;FUGINI;2455;1,95;1,95;2,45;21,25;34,33;12;1,65;7,6;2,48;2,97;3,09;3,96;238;595;489;948;22;3;2,45;1;MERCEARIA SALGADA;103;CONSERVAS;2;MILHO E ERVILHA;2455,22222222222;22,5777777777778
14171;DUETO FUGINI CROCANTE VAPOR LT 170G;CX;30;7897517209414;20059900;1709200;FUGINI;282;2,4;2,42;3,02;21,25;34,33;12;1,65;7,6;3,05;3,64;3,79;3,96;9;17;41;18;0;11;3;1;MERCEARIA SALGADA;103;CONSERVAS;2;MILHO E ERVILHA;282,966666666667;0,844433333333333
15282;DUETO PREDILECTA MILH/ERV LT 170G;CX;24;7896292348073;20059900;1709200;PREDILECTA;690;1,67;1,67;2,09;21,25;34,33;12;1,65;7,6;2,12;2,58;2,69;3,96;199;82;825;269;13;2;2,09;1;MERCEARIA SALGADA;103;CONSERVAS;2;MILHO E ERVILHA;690,791666666667;13,0666666666667
23559;DUETO RAMY CROC AO VAPOR LT 170G;CX;30;7897517208882;20059900;1709200;FUGINI (RAMY!);3;1,58;1,5;1,88;21,25;34,33;12;1,65;7,6;2;2,25;2,34;3,94;15;29;78;44;1;0;2,38;1;MERCEARIA SALGADA;103;CONSERVAS;2;MILHO E ERVILHA;3,3;1,67776666666667
7717;EMBUTIDO DE PERNIL COZ S PERDIGAO KG;CX;6,8;7717;16010000;1707904;PERDIGAO;17;13,53;13,53;16,5;21,25;27,15;12;1,65;7,6;19,76;20,49;21,1;2,88;0;0;0;0;0;;17,07;6;PERECIVEIS;10053;FRIOS E EMBUTIDOS;2;EMBUTIDOS;17,1764705882353;0
23027;ENERG BALY FLORIPA SPRITZ LT 250ML;FD;6;7898080665928;22029900;0301300;BALY;6;2,73;2,73;3,54;10,4;0;-2,6;2,32;10,68;3,05;4,49;4,49;0;0;0;0;0;0;;3,45;10005;BEBIDAS;10066;ENERGÉTICOS E ISOTÔNICOS;1;ENERGÉTICO TRADICIONAL;6;0
6637;ERVILHA E CENOURA OLE VD 170G;CX;12;7891032013457;20059900;1709200;OLE;49;2,47;2,45;3,07;21,25;34,33;12;1,65;7,6;0,17;3,74;3,89;3,96;8;56;60;48;1;2;3,1;1;MERCEARIA SALGADA;103;CONSERVAS;2;MILHO E ERVILHA;49,5;1,82225
15525;ERVILHA E MILHO OLE LT 170G;CX;24;7891032013358;20059900;1709200;OLE;145;1,76;1,76;2,2;21,25;34,33;12;1,65;7,6;2,24;2,58;2,69;3,96;59;163;165;206;5;1;2,21;1;MERCEARIA SALGADA;10094;GRAOS;3;OUTROS GRAOS;145,416666666667;5,93333333333333
7282;ERVILHA E MILHO VERDE OLE VD 170G;CX;12;7891032013402;20059900;1709200;OLE;73;2,39;2,39;2,99;21,25;34,33;12;1,65;7,6;3,03;3,74;3,89;3,96;280;1009;601;957;28;0;2,99;1;MERCEARIA SALGADA;10094;GRAOS;3;OUTROS GRAOS;73,25;28,52225
18101;ERVILHA ETTI GRAOS LT 170G;CX;24;7898930142128;20054000;1709200;ETTI;218;1,56;1,56;1,96;21,25;34,33;12;1,65;7,6;1,99;2,39;2,49;3,96;1;45;15;15;0;10;1,96;1;MERCEARIA SALGADA;10094;GRAOS;3;OUTROS GRAOS;218;0,833333333333333
16495;ERVILHA FUGINI CONSERVA FOOD SH 1,7KG;CX;6;7897517209681;20054000;1709201;FUGINI;34;11,27;10,89;13,63;21,25;;12;1,65;7,6;14,31;15,9;15,9;0;0;5;5;3;0;39;14,11;1;MERCEARIA SALGADA;103;CONSERVAS;2;MILHO E ERVILHA;34;0,1445
14096;ERVILHA FUGINI CROC COZ AO VAPOR LT 170G;CX;30;7897517209407;20054000;1709200;FUGINI;125;2,08;2,06;2,57;21,25;34,33;12;1,65;7,6;2,56;3,26;3,39;3,96;11;77;19;16;1;3;2,61;1;MERCEARIA SALGADA;103;CONSERVAS;2;MILHO E ERVILHA;125,433333333333;1,24443333333333
16068;ERVILHA FUGINI SH 170G;CX;36;7897517209650;20054000;1709200;FUGINI;3693;1,57;1,57;1,96;21,25;34,33;12;1,65;7,6;1,97;2,3;2,39;3,96;161;745;1614;1001;37;2;2,3;1;MERCEARIA SALGADA;103;CONSERVAS;2;MILHO E ERVILHA;3693,41666666667;37,3333333333333
16318;ERVILHA OLE LT 1,7KG;CX;6;7891032011057;20054000;1709201;OLE;110;10,07;10,07;12,61;21,25;;12;1,65;7,6;10,87;14,9;14,9;0;0;38;11;48;1;17;12,61;1;MERCEARIA SALGADA;103;CONSERVAS;2;MILHO E ERVILHA;110;1,07783333333333
14903;ERVILHA OLE LT 170G;CX;24;7891032012207;20054000;1709200;OLE;1289;1,37;1,37;1,72;21,25;34,33;12;1,65;7,6;1,74;2,1;2,19;3,96;273;1027;1146;1208;37;1;1,72;1;MERCEARIA SALGADA;103;CONSERVAS;2;MILHO E ERVILHA;1289,66666666667;37,5666666666667
15521;ERVILHA OLE VD 120G;CX;12;7891032012405;20054000;1709200;OLE;12;1,55;1,54;1,93;21,25;34,33;12;1,65;7,6;1,79;2,3;2,39;3,96;5;30;43;29;1;0;1,94;1;MERCEARIA SALGADA;103;CONSERVAS;2;MILHO E ERVILHA;12,5;1,13333333333333
172;ERVILHA OLE VD 170G;CX;12;7891032012351;20054000;1709200;OLE;6;1,85;1,81;2,27;21,25;34,33;12;1,65;7,6;2,35;2,87;2,99;3,96;353;350;553;367;14;0;2,32;1;MERCEARIA SALGADA;103;CONSERVAS;2;MILHO E ERVILHA;6,91666666666667;14,1110833333333
19501;ERVILHA PARTIDA URBANO 500G;FD;20;7896401183137;07131090;;URBANO;26;4,69;4,6;4,8;12;;12;0;0;5,33;6,35;6,35;0;3;0;17;4;0;5;4,89;1;MERCEARIA SALGADA;103;CONSERVAS;2;MILHO E ERVILHA;26;0,23335
15168;ERVILHA PREDILECTA GRAOS LT 1,7KG;CX;6;7896292324893;20054000;1709201;PREDILECTA;15;13,6;13,06;16,33;21,25;;12;1,65;7,6;11;19,3;19,3;0;4;2;11;1;0;16;16,46;1;MERCEARIA SALGADA;103;CONSERVAS;2;MILHO E ERVILHA;15;0,1555
13902;ERVILHA PREDILECTA GRAOS LT 170G;CX;24;7896292340541;20054000;1709200;PREDILECTA;1994;1,53;1,53;1,92;21,25;34,33;12;1,65;7,6;1,95;2,39;2,49;3,96;305;595;476;863;21;3;1,92;1;MERCEARIA SALGADA;103;CONSERVAS;2;MILHO E ERVILHA;1994,375;21,488875
23560;ERVILHA RAMY CROC AO VAPOR LT 170G;CX;30;7897517208875;20054000;1709200;FUGINI (RAMY!);466;1,32;1,32;1,65;21,25;34,33;12;1,65;7,6;2,01;1,9;1,98;3,96;65;363;262;128;8;1;2,08;1;MERCEARIA SALGADA;103;CONSERVAS;2;MILHO E ERVILHA;466,066666666667;8,36666666666667
1256;ERVILHA SECA GRANFINO 500G;FD;20;7896016500169;07131090;;GRANFINO;4;3,25;3,25;3,61;12;;12;0;0;3,28;4,39;4,39;0;7;53;95;84;2;0;3,61;1;MERCEARIA SALGADA;10094;GRAOS;3;OUTROS GRAOS;4,85;2,5778
21228;ERVILHA SECA YOKI PARTIDA 400G;FD;16;7891095911288;07131090;;YOKI;47;3,43;3,48;3,95;12;;12;0;0;3,89;4,89;4,89;0;59;4;2;114;1;2;3,89;1;MERCEARIA SALGADA;10094;GRAOS;3;OUTROS GRAOS;47,5625;1,3333125
9277;ESPETO CHURR FIAT LUX BAMBU 100UN;CX;50;7896007902194;44219100;;FIAT LUX;11;2,84;2,7;3,1;21,25;;12;1,65;7,6;3,6;4,19;4,19;0;0;7;12;6;0;0;3,26;10007;BAZAR;10088;DESCARTÁVEIS;47;EMBALAGENS COZINHA;11,6;0,27778
4629;ESPETO CHURR FIAT LUX BAMBU 50UND;FD;100;7896007902170;44219100;;FIAT LUX;2;1,72;1,69;1,94;21,25;;12;1,65;7,6;2,03;2,59;2,59;0;0;5;22;10;0;0;1,97;10007;BAZAR;10088;DESCARTÁVEIS;47;EMBALAGENS COZINHA;2,11;0,41111
19878;ESPETO CHURR PARANA BAMBU 25CM 100UN;CX;50;7896080900506;44219100;;PARANA;12;4,63;4,63;5,8;21,25;;12;1,65;7,6;5,88;7,15;7,15;0;0;0;1;7;0;2;5,8;10007;BAZAR;10088;DESCARTÁVEIS;47;EMBALAGENS COZINHA;12;0,08888
12145;ESPETO CHURR PARANA BAMBU 25CM C/50UN;CX;100;7896080900629;44219100;;PARANA;7;2,55;2,55;3,19;21,25;;12;1,65;7,6;3,23;3,95;3,95;0;0;6;2;1;0;0;3,19;10007;BAZAR;10088;DESCARTÁVEIS;47;EMBALAGENS COZINHA;7,86;0,1
20071;ESPONJA ASSOLAN DUPLA FACE UNIT;FD;60;7896090122417;68053090;1100900;ASSOLAN;4;4,9;4,9;5,4;21,25;38,18;12;1,65;7,6;6,22;7,3;7,64;4,38;0;0;0;0;;;5,4;10001;LIMPEZA;10054;CUIDADOS COM A CASA;162;ACESSÓRIOS (VASSOURAS/PANOS/ESPONJAS);4;
14465;ESPONJA YPE MULTIUSO SINT PE 1X60UN;FD;60;7896098904770;68053090;1100900;YPE;1;1,34;1,33;1,67;21,25;38,18;12;1,65;7,6;1,7;2;2,09;4,38;0;14;4;12;0;0;1,67;10001;LIMPEZA;10054;CUIDADOS COM A CASA;162;ACESSÓRIOS (VASSOURAS/PANOS/ESPONJAS);1,95;0,333333333333333
15027;ESPONJA YPE SINT N RISCA PE 1X60UN;FD;60;7896098904800;68053090;1100900;YPE;2;1,5;1,48;1,86;21,25;38,18;12;1,65;7,6;1,9;2,19;2,29;4,38;0;6;1;13;0;0;1,87;10001;LIMPEZA;10054;CUIDADOS COM A CASA;162;ACESSÓRIOS (VASSOURAS/PANOS/ESPONJAS);2;0,222216666666667
20277;ESPUMANTE AURORA BRANCO DEMI-SEC 750ML;CX;6;7891141028854;22041010;0202400;AURORA (VINICOLA);4;13,94;14,41;17,57;36,25;;27;1,65;7,6;21,86;27,7;27,7;0;0;0;1;0;0;59;15,15;10005;BEBIDAS;10070;VINHOS;2;ESPUMANTE;4;0,0111666666666667
16858;ESPUMANTE AURORA MOSCATEL ROSE 750ML;CX;6;7891141024917;22041090;0202400;AURORA (VINICOLA);1;15,71;15,71;19,27;36,25;;27;1,65;7,6;24,65;27,56;27,56;0;0;0;0;0;0;;16,99;10005;BEBIDAS;10070;VINHOS;2;ESPUMANTE;1,16666666666667;0
1957;ESPUMANTE CHUVA DE PRATA BCA 660ML;CX;12;7896072911251;22060090;0299900;CHUVA DE PRATA;3;9,97;9,95;12,18;36,25;;27;1,65;7,6;15,63;14,9;14,9;0;0;0;0;0;0;;11,11;10005;BEBIDAS;10070;VINHOS;2;ESPUMANTE;3;0
22391;ESPUMANTE GALIOTTO MOSCATEL 660ML;CX;12;7897344207577;22041090;0202400;GALIOTTO;11;13,41;13,41;16,54;36,25;;27;1,65;7,6;21,04;20,69;20,69;0;0;3;2;0;0;16;31,06;10005;BEBIDAS;10070;VINHOS;2;ESPUMANTE;11;0,0555833333333333
22392;ESPUMANTE GALIOTTO MOSCATEL ROSE 660ML;CX;12;7897344207584;22041090;0202400;GALIOTTO;29;13,41;13,41;16,54;36,25;;27;1,65;7,6;21,03;20,69;20,69;0;0;0;4;7;0;19;31,06;10005;BEBIDAS;10070;VINHOS;2;ESPUMANTE;29;0,12225
17216;ESPUMANTE RIO BRAVO ROSE 750ML;CX;6;7896589104221;22041010;0202400;RIOBRAVO;4;23,19;23,19;26,82;36,25;;27;1,65;7,6;36,38;37,14;37,14;0;0;0;0;0;0;;23,19;10005;BEBIDAS;10070;VINHOS;2;ESPUMANTE;4;0
20524;ESPUMANTE SAINT GERMAIN BCO BRUT 660ML;CX;6;7891141026638;22041010;0202400;SAINT GERMAIN;8;14,8;11,69;14,14;36,25;;27;1,65;7,6;21,99;19,69;19,69;0;0;0;0;1;0;129;14,8;10005;BEBIDAS;10070;VINHOS;2;ESPUMANTE;8,66666666666667;0,0111666666666667
20523;ESPUMANTE SAINT GERMAIN BCO DEMI 660ML;CX;6;7891141026652;22041010;0202400;SAINT GERMAIN;11;14,99;11,85;14,31;36,25;;27;1,65;7,6;22,26;19,68;19,68;0;0;0;0;1;0;166;14,99;10005;BEBIDAS;10070;VINHOS;2;ESPUMANTE;11,1666666666667;0,0111666666666667
16686;ESPUMANTE SALTON SERIES MOSC ROSE 750ML;CX;6;7896023015731;22041010;0202400;SALTON;3;13,48;13,47;16,59;36,25;;27;1,65;7,6;21,14;19,62;19,62;0;0;0;0;0;0;;14,7;10005;BEBIDAS;10070;VINHOS;2;ESPUMANTE;3;0
23059;ESSENCIA LIMP C COALA CITRON CJ3UN 120ML;AM;1;7897744502241;34029029;1100700;COALA;29;20,44;20,43;25,3;21,25;19,86;12;1,65;7,6;25,95;32,22;32,99;2,33;0;85;76;89;2;10;23,63;10001;LIMPEZA;10054;CUIDADOS COM A CASA;168;PURIFICADORES E ODORIZADORES;29;2,778
23065;ESSENCIA LIMP CONC COALA FLO CJ3UN 120ML;AM;1;7897744505693;34029029;1100700;COALA;139;24,88;24,88;24,88;21,25;19,86;12;1,65;7,6;31,59;32,22;32,99;2,33;37;178;47;39;2;47;199;10001;LIMPEZA;10054;CUIDADOS COM A CASA;168;PURIFICADORES E ODORIZADORES;139;2,933
23398;ESSENCIA LIMP CONC COALA ORQ CJ3UN 120ML;AM;1;7897744504177;34029029;1100700;COALA;79;22,22;21,59;26,57;21,25;19,86;12;1,65;7,6;28,22;32,22;32,99;2,33;50;201;66;70;3;21;23,63;10001;LIMPEZA;10054;CUIDADOS COM A CASA;168;PURIFICADORES E ODORIZADORES;79;3,744
24059;ESSENCIA LIMP CONC COALA SOL CJ3UN 120ML;AM;1;7896017202338;34029029;1100700;COALA;216;20,4;17,74;21,97;21,25;19,86;12;1,65;7,6;25,91;32,22;32,99;2,33;9;182;19;79;3;69;23,59;10001;LIMPEZA;10054;CUIDADOS COM A CASA;168;PURIFICADORES E ODORIZADORES;216;3,111
24063;ESSENCIA LIMP CONC COALA THE CJ3UN 120ML;AM;1;7896017202321;34029029;1100700;COALA;316;20,4;17,49;21,65;21,25;19,86;12;1,65;7,6;25,91;32,22;32,99;2,33;4;170;19;37;2;125;23,59;10001;LIMPEZA;10054;CUIDADOS COM A CASA;168;PURIFICADORES E ODORIZADORES;316;2,511
23083;EVITA MOFO COALA CITRUS 80G;CX;12;7897744501947;28272090;;COALA;5;5,36;5,16;6,46;21,25;;12;1,65;7,6;6,81;7,99;7,99;0;0;5;1;1;0;5;6,63;10001;LIMPEZA;10054;CUIDADOS COM A CASA;165;INSETICIDAS E REPELENTES;5;0,07775
20412;EVITA MOFO COALA LAVANDA 80G;CX;12;7897744501930;28272090;;COALA;8;5,34;5,29;6,61;21,25;;12;1,65;7,6;6,78;7,99;7,99;0;0;6;7;0;0;4;6,63;10001;LIMPEZA;10054;CUIDADOS COM A CASA;168;PURIFICADORES E ODORIZADORES;8;0,144416666666667
22935;EXT TOM ELEFANTE CARNE DE PANELA PP 300G;CX;24;7896036001172;20029000;1704000;ELEFANTE;40;4,18;4,16;5,28;21,25;28,85;12;1,65;7,6;5,1;6,28;6,5;3,35;1;14;38;19;0;2;5,58;10008;FORNECEDORES ESPECIAIS;10097;CARGIL;1;EXTRATO OU POLPA;40,9583333333333;0,788875
23188;EXT TOM ELEFANTE CEBOLA E ALHO PP 300G;CX;24;7896036000632;20029000;1704000;ELEFANTE;41;4,18;4,17;5,3;21,25;28,85;12;1,65;7,6;5,66;6,28;6,5;3,35;3;6;44;13;0;2;5,58;10008;FORNECEDORES ESPECIAIS;10097;CARGIL;1;EXTRATO OU POLPA;41,8333333333333;0,708333333333333
1963;EXT TOM ELEFANTE LT 130G;CX;48;7896036095041;20029000;1704000;ELEFANTE;52;2,15;2,14;2,71;21,25;28,85;12;1,65;7,6;2,68;3,37;3,49;3,35;8;19;46;116;2;0;2,85;10008;FORNECEDORES ESPECIAIS;10097;CARGIL;1;EXTRATO OU POLPA;52,0625;2,0210625
1964;EXT TOM ELEFANTE LT 850G;CX;12;7896036096673;20029000;1704000;ELEFANTE;1987;8,79;8,79;11;21,25;28,85;12;1,65;7,6;11,06;13,04;13,49;3,35;46;204;1449;1300;32;5;11,01;10008;FORNECEDORES ESPECIAIS;10097;CARGIL;1;EXTRATO OU POLPA;1987,25;32,8110833333333
19636;EXT TOM ELEFANTE PP 300G;CX;24;7896036000717;20029000;1704000;ELEFANTE;252;4,06;4;5,11;21,25;28,85;12;1,65;7,6;5,1;6,27;6,49;3,35;52;274;399;1592;25;0;5,58;10008;FORNECEDORES ESPECIAIS;10097;CARGIL;1;EXTRATO OU POLPA;252,25;25,1805416666667
3857;EXT TOM ELEFANTE SH 190G;CX;32;7896036001349;20029000;1704000;ELEFANTE;159;2,54;2,54;3,2;21,25;28,85;12;1,65;7,6;3,03;3,86;3,99;3,35;33;42;189;114;3;1;3,27;10008;FORNECEDORES ESPECIAIS;10097;CARGIL;1;EXTRATO OU POLPA;159;3,83334375
19846;EXT TOM ELEFANTE SO TOMATE PP 300G;CX;24;7896036000724;20029000;1704000;ELEFANTE;269;4,06;3,9;4,97;21,25;28,85;12;1,65;7,6;5,1;6,27;6,49;3,35;13;183;287;660;12;0;5,58;10008;FORNECEDORES ESPECIAIS;10097;CARGIL;1;EXTRATO OU POLPA;269,375;12,5555416666667
23187;EXT TOM ELEFANTE STROGONOFF PP 300G;CX;24;7896036001165;20029000;1704000;ELEFANTE;19;4,06;4,03;5,11;21,25;28,85;12;1,65;7,6;5,66;6,28;6,5;3,35;1;5;29;9;0;1;5,58;10008;FORNECEDORES ESPECIAIS;10097;CARGIL;1;EXTRATO OU POLPA;19,5;0,487958333333333
20035;EXT TOM ELEFANTE TRAD TP 135G;CX;48;7896036000793;20029000;1704000;ELEFANTE;1;1,83;1,81;2,27;21,25;28,85;12;1,65;7,6;2,32;2,88;2,98;3,35;1;0;0;0;0;;2,29;10008;FORNECEDORES ESPECIAIS;10097;CARGIL;1;EXTRATO OU POLPA;1,79166666666667;0
20007;EXT TOM ELEFANTE TRAD TP 535G;CX;12;7896036000823;20029000;1704000;ELEFANTE;117;6,03;6,02;7,54;21,25;28,85;12;1,65;7,6;6,33;9,37;9,69;3,35;10;34;48;12;1;9;7,55;10008;FORNECEDORES ESPECIAIS;10097;CARGIL;1;EXTRATO OU POLPA;117,583333333333;1,05366666666667
4391;EXT TOM FUGINI SH 190G;CX;36;7897517206338;20029000;1704000;FUGINI;206;1,16;1,15;1,45;21,25;28,85;12;1,65;7,6;1,47;1,83;1,89;3,35;60;155;121;138;4;1;1,45;1;MERCEARIA SALGADA;101;ATOMATADOS;1;EXTRATO OU POLPA;206,111111111111;4,6
15929;EXT TOM FUGINI SH 300G;CX;36;7897517206284;20029000;1704000;FUGINI;4056;1,47;1,47;1,84;21,25;28,85;12;1,65;7,6;1,82;2,21;2,29;3,35;296;1339;932;1902;46;2;1,84;1;MERCEARIA SALGADA;101;ATOMATADOS;1;EXTRATO OU POLPA;4056,19444444444;46,3666666666667
22870;EXT TOM OLE ABRE FACIL LT 280G;CX;24;7891032015451;20029000;1704000;OLE;30;1,89;1,89;2,36;21,25;28,85;12;1,65;7,6;2,4;2,88;2,98;3,35;8;60;50;44;1;0;2,36;1;MERCEARIA SALGADA;101;ATOMATADOS;1;EXTRATO OU POLPA;30,9583333333333;1,711125
15625;EXT TOM OLE CP 190G;CX;12;7891032015505;20029000;1704000;OLE;196;1,65;1,68;2,1;21,25;28,85;12;1,65;7,6;2,2;2,6;2,69;3,35;70;162;357;394;10;1;2,06;1;MERCEARIA SALGADA;101;ATOMATADOS;1;EXTRATO OU POLPA;196,666666666667;10,1444166666667
216;EXT TOM OLE CP 260G;CX;12;7891032015604;20029000;1704000;OLE;71;2,06;2,06;2,58;21,25;28,85;12;1,65;7,6;2,75;3,28;3,39;3,35;102;160;224;151;5;1;2,58;1;MERCEARIA SALGADA;101;ATOMATADOS;1;EXTRATO OU POLPA;71,8333333333333;5,95466666666667
214;EXT TOM OLE DECORADO CP 190G;CX;12;7891032015550;20029000;1704000;OLE;34;2,5;2,5;3,13;21,25;28,85;12;1,65;7,6;3,11;3,66;3,79;3,35;35;116;71;100;3;0;3,13;1;MERCEARIA SALGADA;101;ATOMATADOS;1;EXTRATO OU POLPA;34,0833333333333;3,20275
15538;EXT TOM OLE DECORADO CP 260G;CX;12;7891032015659;20029000;1704000;OLE;78;3,13;3,13;3,92;21,25;28,85;12;1,65;7,6;3,89;4,82;4,99;3,35;19;83;53;94;2;2;3,92;1;MERCEARIA SALGADA;101;ATOMATADOS;1;EXTRATO OU POLPA;78,4166666666667;2,56575
12084;EXT TOM OLE SH 140G;CX;48;7891032015765;20029000;1704000;OLE;8;0,83;0,83;1,04;21,25;28,85;12;1,65;7,6;0,97;1,34;1,39;3,35;13;31;17;35;0;0;1,04;1;MERCEARIA SALGADA;101;ATOMATADOS;1;EXTRATO OU POLPA;8,875;0,922229166666667
17721;EXT TOM OLE SH 300G;CX;32;7891032014690;20029000;1704000;OLE;29;1,41;1,4;1,76;21,25;28,85;12;1,65;7,6;1,79;2,29;2,37;3,35;218;382;391;486;14;0;1,76;1;MERCEARIA SALGADA;101;ATOMATADOS;1;EXTRATO OU POLPA;29,6875;14,00278125
23843;EXT TOM POMODORO 300G;CX;24;7896036001431;20029000;1704000;POMODORO (CICA);3;1,11;1,11;1,39;21,25;28,85;12;1,65;7,6;1,41;1,92;1,99;3,35;0;2;0;0;0;5;1,39;10008;FORNECEDORES ESPECIAIS;10097;CARGIL;1;EXTRATO OU POLPA;3;0,0222083333333333
1971;EXT TOM PRAMESA SH 300G;CX;36;7898920223608;20029000;1704000;PRAMESA;506;1;1;1,16;21,25;28,85;12;1,65;7,6;1,19;1,44;1,49;3,35;283;488;0;0;5;2;1,16;1;MERCEARIA SALGADA;101;ATOMATADOS;1;EXTRATO OU POLPA;506;5,42222222222222
21666;EXT TOM PREDILECTA BOWL 300G;CX;24;7896292300484;20029000;1704000;PREDILECTA;132;3,05;3,05;3,83;21,25;28,85;12;1,65;7,6;3,88;4,63;4,79;3,35;4;44;88;36;1;2;3,83;1;MERCEARIA SALGADA;101;ATOMATADOS;1;EXTRATO OU POLPA;132,25;1,86666666666667
21668;EXT TOM PREDILECTA CEBOLA/ALHO BOWL 300G;CX;24;7896292300491;20029000;1704000;PREDILECTA;146;3,27;3,27;4,09;21,25;28,85;12;1,65;7,6;4,15;4,81;4,98;3,35;8;46;18;42;1;5;4,09;1;MERCEARIA SALGADA;101;ATOMATADOS;1;EXTRATO OU POLPA;146,375;1,17779166666667
17109;EXT TOM PREDILECTA ST UP 1,7KG;CX;8;7896292334533;20029000;;PREDILECTA;33;9,37;9,36;11,72;21,25;;12;1,65;7,6;11,79;13,9;13,9;0;1;6;8;10;0;15;11,73;1;MERCEARIA SALGADA;101;ATOMATADOS;1;EXTRATO OU POLPA;33;0,266625
16486;EXT TOM PREDILECTA ST UP 300G;CX;40;7896292333123;20029000;1704000;PREDILECTA;1081;1,28;1,29;1,61;21,25;28,85;12;1,65;7,6;1,55;2,02;2,09;3,35;335;690;1025;812;28;0;1,61;1;MERCEARIA SALGADA;101;ATOMATADOS;1;EXTRATO OU POLPA;1081;28,077775
16830;EXT TOMATE FUGINI FOOD TRAD SH 1,7KG;CX;6;7897517207137;20029000;;FUGINI;25;13,36;13,36;16,73;21,25;;12;1,65;7,6;16,96;19,7;19,7;0;2;11;1;8;0;18;16,73;1;MERCEARIA SALGADA;101;ATOMATADOS;1;EXTRATO OU POLPA;25;0,222166666666667
13388;FACILITA MON BIJOU PASS HARM REFIL 500ML;CX;12;7891022851519;38099190;1100800;MON BIJOU;3;9,28;7,28;9,12;21,25;23,63;12;1,65;7,6;11,78;8,36;8,6;2,76;0;0;0;0;0;;11,62;10001;LIMPEZA;10060;CUIDADOS COM A ROUPA;202;ACESSÓRIOS DE LAVANDERIA;3,5;0
13416;FACILITA MON BIJOU PASS PURE GAT 500ML;CX;12;7891022849585;38099190;1100800;MON BIJOU;2;9,28;8,64;10,82;21,25;23,63;12;1,65;7,6;11,78;12,15;12,49;2,76;0;0;2;0;0;8;11,62;10001;LIMPEZA;10060;CUIDADOS COM A ROUPA;202;ACESSÓRIOS DE LAVANDERIA;2,33333333333333;0,02225
13418;FACILITA MON BIJOU PASS PURE REFIL 500ML;CX;12;7891022849592;38099190;1100800;MON BIJOU;4;6,96;6,01;7,52;21,25;23,63;12;1,65;7,6;8,84;8,85;9,1;2,76;0;0;0;1;0;35;8,72;10001;LIMPEZA;10060;CUIDADOS COM A ROUPA;202;ACESSÓRIOS DE LAVANDERIA;4,66666666666667;0,0110833333333333
15506;FARELO AVEIA QUAKER OAT BRAN 165G;CX;28;7892840815776;11041200;;QUAKER;10;4,16;4,16;5,27;21,25;;12;1,65;7,6;4,76;6,49;6,49;0;0;0;10;9;0;1;5,53;10008;FORNECEDORES ESPECIAIS;10099;PEPSICO;2;AVEIAS E GRÃOS;10;0,211107142857143
24283;FARELO DE AVEIA NATURALE 170G;CX;24;7898055421535;11041200;;NATURALE;55;1,3;1,3;1,65;21,25;;12;1,65;7,6;1,77;2,09;2,09;0;4;48;54;37;1;1;1,75;2;MERCEARIA DOCE;10090;SAUDÁVEIS/DIET/FIT;2;AVEIAS E GRÃOS;55;1,54445833333333
11204;FARINHA AVEIA APTI 150G;CX;12;7896327501862;11029000;;APTI;42;2,01;2,01;2,52;21,25;;12;1,65;7,6;2,55;2,89;2,89;0;5;17;53;26;1;3;2,52;2;MERCEARIA DOCE;10090;SAUDÁVEIS/DIET/FIT;2;AVEIAS E GRÃOS;42;1,06666666666667
19873;FARINHA AVEIA ITALAC 165G;CX;12;7898080642806;11041200;;ITALAC;35;2,1;2,1;2,62;21,25;;12;1,65;7,6;1,9;3,29;3,29;0;3;25;24;16;0;4;2,63;2;MERCEARIA DOCE;10090;SAUDÁVEIS/DIET/FIT;2;AVEIAS E GRÃOS;35;0,72225
6199;FARINHA AVEIA NATURALE 200G;CX;24;7898055420835;11029000;;NATURALE;4;1,36;1,36;1,7;21,25;;12;1,65;7,6;1,46;2,09;2,09;0;0;0;0;0;0;;1,7;2;MERCEARIA DOCE;10090;SAUDÁVEIS/DIET/FIT;2;AVEIAS E GRÃOS;4;0
14172;FARINHA AVEIA QUAKER INTEGRAL 165G;CX;28;7892840815783;11029000;;QUAKER;80;2,63;2,63;3,32;21,25;;12;1,65;7,6;3,5;4,29;4,29;0;95;215;128;176;5;0;3,45;10008;FORNECEDORES ESPECIAIS;10099;PEPSICO;2;AVEIAS E GRÃOS;80,8571428571429;5,76667857142857
24282;FARINHA DE AVEIA NATURALE 170G;CX;24;7898055421542;11029000;;NATURALE;232;1,3;1,3;1,65;21,25;;12;1,65;7,6;1,67;2,05;2,05;0;73;335;143;213;7;1;1,75;2;MERCEARIA DOCE;10090;SAUDÁVEIS/DIET/FIT;2;AVEIAS E GRÃOS;232;7,67779166666667
22018;FARINHA FLOC ROMARIZ PANKO EMPAN 1KG;CX;10;7896228329992;19019090;;ROMARIZ;29;10,82;10,82;13,55;21,25;;12;1,65;7,6;14,02;16,9;16,9;0;1;0;30;12;0;6;13,55;1;MERCEARIA SALGADA;10093;FARINÁCEOS;3;FARINHA DE TRIGO;29;0,4667
22017;FARINHA FLOC ROMARIZ PANKO EMPAN 200G;CX;12;7896228332237;19019090;;ROMARIZ;249;3,17;3,17;3,97;21,25;;12;1,65;7,6;4,03;4,89;4,89;0;36;278;333;283;9;2;3,97;1;MERCEARIA SALGADA;10093;FARINÁCEOS;3;FARINHA DE TRIGO;249;9,93333333333333
19835;FARINHA LACTEA ITALAC 180G;CX;12;7898080642790;19011020;1701300;ITALAC;5;3,18;3,19;3,99;21,25;21,71;12;1,65;7,6;4,14;4,67;4,79;2,54;0;64;29;104;2;0;3,98;2;MERCEARIA DOCE;202;NUTRIÇÃO INFANTIL & SENIOR;2;CEREAIS INFANTIS;5,91666666666667;2,18891666666667
19414;FARINHA LACTEA NESTLE LT 360G;CX;24;7891000358764;19011020;1701300;NESTLE;26;6,48;6,48;8,11;21,25;21,71;12;1,65;7,6;8,69;9,05;9,29;2,54;41;102;56;55;2;0;8,11;10008;FORNECEDORES ESPECIAIS;10098;NESTLÉ;6;CEREAIS INFANTIS;26;2,37591666666667
19124;FARINHA LACTEA NESTLE SH 160G;CX;24;7891000369340;19011020;1701300;NESTLE;272;2,85;2,89;3,59;21,25;21,71;12;1,65;7,6;3,58;4,67;4,79;2,54;114;407;351;373;12;0;3,57;10008;FORNECEDORES ESPECIAIS;10098;NESTLÉ;6;CEREAIS INFANTIS;272,083333333333;12,5666666666667
1539;FARINHA MAND CAMPISTA CRUA T1 1KG;FD;20;7898246560012;11062000;;CAMPISTA;108;3,32;3,26;3,34;7;;7;0;0;3,4;3,85;3,85;0;97;249;340;425;11;0;3,4;1;MERCEARIA SALGADA;10093;FARINÁCEOS;1;DERIVADOS DE MANDIOCA;108,65;11,27665
1272;FARINHA MAND GRANFINO CRUA 1KG;FD;20;7896016500978;11062000;;GRANFINO;69;4,36;4,17;4,27;7;;7;0;0;3,9;5,19;5,19;0;47;72;164;65;3;1;4,47;1;MERCEARIA SALGADA;10093;FARINÁCEOS;1;DERIVADOS DE MANDIOCA;69;3,3528
1277;FARINHA MAND GRANFINO CRUA 500G;FD;20;7896016501036;11062000;;GRANFINO;68;2,36;2,32;2,38;7;;7;0;0;2,14;2,89;2,89;0;38;90;140;238;5;0;2,42;1;MERCEARIA SALGADA;10093;FARINÁCEOS;1;DERIVADOS DE MANDIOCA;68,05;5,20945
1273;FARINHA MAND GRANFINO TORRADA 1KG;FD;20;7896016500985;11062000;;GRANFINO;66;4,54;4,5;4,61;7;;7;0;0;4,66;5,39;5,39;0;55;79;152;158;4;0;4,66;1;MERCEARIA SALGADA;10093;FARINÁCEOS;1;DERIVADOS DE MANDIOCA;66,25;4,3222
1275;FARINHA MAND GRANFINO TORRADA 500G;FD;20;7896016501005;11062000;;GRANFINO;99;2,46;2,43;2,49;7;;7;0;0;2,23;2,99;2,99;0;37;130;136;230;5;0;2,52;1;MERCEARIA SALGADA;10093;FARINÁCEOS;1;DERIVADOS DE MANDIOCA;99,3;5,5111
22476;FARINHA MAND ZILLE CRUA 1KG;FD;20;7898332130112;11062000;;ZILLE;107;3,02;3,01;3,09;7;;7;0;0;3,1;3,55;3,55;0;65;117;142;100;3;1;3,1;1;MERCEARIA SALGADA;10093;FARINÁCEOS;1;DERIVADOS DE MANDIOCA;107,25;3,9972
1268;FARINHA ROSCA GRANFINO 500G;FD;20;7896016500909;19019090;1704615;GRANFINO;40;2,98;2,98;3,61;21,25;;12;1,65;7,6;3,24;4,35;4,35;0;23;84;117;62;2;0;3,61;1;MERCEARIA SALGADA;10093;FARINÁCEOS;2;DERIVADOS DE MILHO;40;2,9222
397;FARINHA TRIGO BOA SORTE C/FERM 1KG;FD;10;7896005213643;11010010;1704418;BOA SORTE;80;4,03;4,03;4,13;7;;7;0;0;4,14;4,85;4,85;0;86;215;149;232;6;1;4,13;1;MERCEARIA SALGADA;10093;FARINÁCEOS;3;FARINHA DE TRIGO;80,2;6,6378
1980;FARINHA TRIGO BOA SORTE S/FERM 1KG;FD;10;7896005213599;11010010;1704414;BOA SORTE;574;3,61;3,51;3,6;7;;7;0;0;3,7;4,15;4,15;0;262;851;565;685;23;2;3,7;1;MERCEARIA SALGADA;10093;FARINÁCEOS;3;FARINHA DE TRIGO;574,3;23,3622
399;FARINHA TRIGO DONA BENTA C/FERM 1KG;FD;10;7896005232705;11010010;1704418;DONA BENTA;300;4,61;4,61;4,73;7;;7;0;0;4,73;5,49;5,49;0;54;336;211;263;9;3;4,73;1;MERCEARIA SALGADA;10093;FARINÁCEOS;3;FARINHA DE TRIGO;300,3;9,01
1393;FARINHA TRIGO DONA BENTA S/FERM 1KG;FD;10;7896005202074;11010010;1704414;DONA BENTA;665;4,18;4,18;4,29;7;;7;0;0;4,29;4,99;4,99;0;258;1086;858;1079;33;1;4,29;1;MERCEARIA SALGADA;10093;FARINÁCEOS;3;FARINHA DE TRIGO;665,2;33,6067
1128;FARINHA TRIGO ROSA BRANCA C/FERM 1KG;FD;10;7892020200231;11010010;1704418;ROSA BRANCA;129;3,68;3,67;3,67;7;;7;0;0;3,87;4,29;4,29;0;7;207;92;200;5;2;3,68;1;MERCEARIA SALGADA;10093;FARINÁCEOS;3;FARINHA DE TRIGO;129,1;5,5533
1126;FARINHA TRIGO ROSA BRANCA S/FERM 1KG;FD;10;7892020200194;11010010;1704400;ROSA BRANCA;502;3,24;3,24;3,24;7;;7;0;0;3,48;3,69;3,69;0;420;1427;1089;1488;44;1;3,24;1;MERCEARIA SALGADA;10093;FARINÁCEOS;3;FARINHA DE TRIGO;502;44,4989
22745;FAROFA BOM GOSTO BACON 300G;CX;18;7898061682593;19019090;1704600;CASEIRA;63;4,67;4,64;5,8;21,25;;12;1,65;7,6;5,32;6,89;6,89;0;1;117;102;39;2;1;5,85;1;MERCEARIA SALGADA;10093;FARINÁCEOS;4;FAROFAS;63,2222222222222;2,86666666666667
16538;FAROFA BOM GOSTO COSTELINHA DEF 300G;CX;18;7898061682401;19019090;1704600;CASEIRA;43;4,67;4,67;5,85;21,25;;12;1,65;7,6;5,32;6,89;6,89;0;18;157;116;184;5;0;5,85;1;MERCEARIA SALGADA;10093;FARINÁCEOS;4;FAROFAS;43;5,07777777777778
17956;FAROFA BOM GOSTO COSTELINHA DEF 900G;FD;6;7898061682449;19019090;;CASEIRA;8;12,1;12,1;15,15;21,25;;12;1,65;7,6;14,91;18,99;18,99;0;1;6;5;0;0;10;15,15;1;MERCEARIA SALGADA;10093;FARINÁCEOS;4;FAROFAS;8;0,122166666666667
16536;FAROFA BOM GOSTO PICANTE 300G;FD;18;7898061680926;19019090;1704600;CASEIRA;4;4,27;4,27;5,35;21,25;;12;1,65;7,6;4,73;6,59;6,59;0;1;25;15;10;0;0;5,35;1;MERCEARIA SALGADA;10093;FARINÁCEOS;4;FAROFAS;4;0,555555555555556
16537;FAROFA BOM GOSTO TRAD 300G;FD;18;7898061680919;19019090;1704600;CASEIRA;92;4,19;4,19;5,25;21,25;;12;1,65;7,6;4,62;6,39;6,39;0;8;253;187;279;7;0;5,25;1;MERCEARIA SALGADA;10093;FARINÁCEOS;4;FAROFAS;92;7,98888888888889
17955;FAROFA BOM GOSTO TRAD 900G;FD;6;7898061682432;19019090;;CASEIRA;4;10,92;10,92;13,68;21,25;;12;1,65;7,6;13,22;17,29;17,29;0;1;1;14;0;0;4;13,68;1;MERCEARIA SALGADA;10093;FARINÁCEOS;4;FAROFAS;4;0,166666666666667
23593;FEIJAO CALDO PREMIUM PRETO 1KG;FD;10;7898642950011;07133319;;CALDO PREMIUM;4;3,78;3,76;4,09;0;;0;0;0;4,31;4,29;4,29;0;286;1533;602;303;27;0;4,9;1;MERCEARIA SALGADA;102;COMMODITIES;2;FEIJAO;4,3;27,0967
5010;FEIJAO CARRETEIRO PRETO T1 1KG;FD;10;7896332007359;07133319;;CARRETEIRO;590;5,61;5,61;5,61;0;;0;0;0;5,44;6,29;6,29;0;41;435;164;355;10;5;5,61;1;MERCEARIA SALGADA;102;COMMODITIES;2;FEIJAO;590,2;10,6067
22164;FEIJAO FUGINI CARIOCA SACHE 250G;CX;32;7897517209223;20055900;1709200;FUGINI;56;2,27;2,25;2,82;21,25;34,33;12;1,65;7,6;2,88;3,54;3,69;3,96;2;34;32;15;0;1;2,84;1;MERCEARIA SALGADA;102;COMMODITIES;2;FEIJAO;56,4375;0,9
8727;FEIJAO FUGINI PRETO SHC 250G;CX;32;7897517209247;20055900;1709200;FUGINI;81;3,02;2,96;3,7;21,25;34,33;12;1,65;7,6;3,83;4,7;4,89;3,96;0;24;19;15;0;3;3,78;1;MERCEARIA SALGADA;102;COMMODITIES;2;FEIJAO;81,78125;0,6444375
1261;FEIJAO GRANFINO BRANCO 500G;FD;20;7896016500183;07133329;;GRANFINO;23;4,94;4,96;4,96;0;;0;0;0;4,94;6,15;6,15;0;15;41;58;38;1;0;4,94;1;MERCEARIA SALGADA;102;COMMODITIES;2;FEIJAO;23;1,5222
1281;FEIJAO GRANFINO FRADINHO 500G;FD;20;7896016501067;07133590;;GRANFINO;19;3,33;3,3;3,31;0;;0;0;0;3,52;3,98;3,98;0;5;27;37;28;1;0;3,52;1;MERCEARIA SALGADA;102;COMMODITIES;2;FEIJAO;19,25;1,0222
1287;FEIJAO GRANFINO MANTEIGA 500G;FD;20;7896016502002;07133399;;GRANFINO;21;5,13;5,09;5,11;0;;0;0;0;5,13;6,29;6,29;0;10;2;22;30;0;1;5,13;1;MERCEARIA SALGADA;102;COMMODITIES;2;FEIJAO;21;0,6
15394;FEIJAO GRANFINO VERMELHO 500G;FD;20;7896016500794;07133399;;GRANFINO;14;4,75;4,81;4,81;0;;0;0;0;4,75;5,99;5,99;0;11;35;32;26;1;0;4,75;1;MERCEARIA SALGADA;102;COMMODITIES;2;FEIJAO;14;1,03335
2012;FEIJAO KICALDO PRETO T1 1KG;FD;10;7896116900647;07133319;;KICALDO;174;5,58;5,58;6;0;;0;0;0;5,28;7,5;7,5;0;109;227;294;0;5;3;6;1;MERCEARIA SALGADA;102;COMMODITIES;2;FEIJAO;174;5,7889
13436;FEIJAO MAXIMO CARIOCA T1 1KG;FD;10;7896401100042;07133399;;MAXIMO;132;5,93;6,37;6,85;0;;0;0;0;5,61;9,8;9,8;0;10;144;114;80;3;3;6,38;1;MERCEARIA SALGADA;102;COMMODITIES;2;FEIJAO;132,9;3,7556
837;FEIJAO MAXIMO PRETO T1 1KG;FD;10;7896401100097;07133319;;MAXIMO;990;6,11;6,11;6,56;0;;0;0;0;5,78;7,75;7,75;0;117;1009;791;1266;34;2;6,57;1;MERCEARIA SALGADA;102;COMMODITIES;2;FEIJAO;990,2;34,0667
19638;FEIJAO URBANO BRANCO TP 1 500G;FD;20;7896401183106;07133329;;URBANO;17;4,23;4,23;4,41;0;;0;0;0;4,23;6,15;6,15;0;0;3;12;33;0;1;4,41;1;MERCEARIA SALGADA;102;COMMODITIES;2;FEIJAO;17;0,53335
406;FERMENTO DONA BENTA PO 100G;CX;36;7896005279489;21023000;;DONA BENTA;194;2,24;2,24;2,81;21,25;;12;1,65;7,6;2,85;3,45;3,45;0;63;213;215;281;7;0;2,81;2;MERCEARIA DOCE;204;DOCES E SOBREMESAS;1;CONFEITARIA;194,694444444444;7,88858333333333
496;FERMENTO EM PO ROYAL 100G;CX;72;7622300119621;21023000;;ROYAL;39;2,43;2,4;3;21,25;;12;1,65;7,6;2,8;3,49;3,49;0;272;724;767;766;25;0;3,04;2;MERCEARIA DOCE;204;DOCES E SOBREMESAS;1;CONFEITARIA;39,1666666666667;25,0777777777778
11659;FGO CARCACA SADIA S/ MIUDOS KG;KG;1;11659;02071220;1708700;PERDIGAO;1737;9,87;9,4;9,81;7;0;7;0;0;10,79;13,17;13,17;0;0;0;0;391;4;399;10,29;6;PERECIVEIS;10046;ACOUGUE;1;AVES REFRIGERADAS;1737;4,344
4821;FIAMBRE ODERICH BOVINO LT 320G;CX;24;7896041104011;16025000;1707906;ODERICH;11;4,55;4,55;5,7;21,25;24,61;12;1,65;7,6;5,78;7,19;7,4;2,87;0;21;2;25;0;0;5,7;1;MERCEARIA SALGADA;103;CONSERVAS;6;PATE;11;0,533333333333333
24713;FIGO CALDA OLE LT 330G;CX;12;7891032016410;20089900;1709500;OLE;25;8,24;8,24;10,32;21,25;32,97;12;1,65;7,6;10,46;13,36;13,89;3,81;0;0;0;0;;;10,32;2;MERCEARIA DOCE;204;DOCES E SOBREMESAS;6;POTE E COMPOTAS;25;
233;FIGO CALDA OLE LT 400G;CX;12;7891032016403;20089900;1709500;OLE;20;8,86;8,87;11,1;21,25;32,97;12;1,65;7,6;0,17;13,84;14,39;3,81;11;61;35;57;1;1;11,1;2;MERCEARIA DOCE;204;DOCES E SOBREMESAS;6;POTE E COMPOTAS;20,8333333333333;1,71016666666667
13681;FIGO ESPECIAL SCHRAMM LT 450G;CX;24;7896536500069;20089900;1709500;SCHRAMM;48;8,48;8,5;10,64;21,25;32,97;12;1,65;7,6;10,77;14,61;15,19;3,81;4;51;35;1;0;2;10,62;2;MERCEARIA DOCE;204;DOCES E SOBREMESAS;6;POTE E COMPOTAS;48,125;0,966666666666667
8597;FILE PEITO FGO SADIA S/OPC CONG BDJ 1KG;CX;12;7893000482401;02071422;1708700;SADIA;15;15,3;15,26;15,91;7;0;7;0;0;16,1;18,89;18,89;0;0;0;0;54;0;2;15,96;6;PERECIVEIS;10050;CONGELADOS;1;AVES CONGELADAS;15,25;0,6
7291;FILE PEITO FGO SEARA BDJ 1KG;CX;12;7894904015108;02071422;1708700;SEARA;2;14,78;14,78;15,41;7;0;7;0;0;15,2;17,49;17,49;0;0;0;0;0;0;;15,41;6;PERECIVEIS;10050;CONGELADOS;1;AVES CONGELADAS;2,5;0
15730;FILME PVC FIAT LUX 28CM X 15M;CX;25;7896007932337;39204390;1000900;FIAT LUX;20;2,34;2,34;2,93;21,25;;12;1,65;7,6;2,97;3,69;3,69;0;3;20;14;8;0;1;2,93;10007;BAZAR;10088;DESCARTÁVEIS;47;EMBALAGENS COZINHA;20;0,46668
15731;FILME PVC FIAT LUX 28CM X 30M;CX;25;7896007932436;39204390;1000900;FIAT LUX;8;3,43;3,32;4,16;21,25;;12;1,65;7,6;3,75;5,59;5,59;0;0;11;14;6;0;0;4,3;10007;BAZAR;10088;DESCARTÁVEIS;47;EMBALAGENS COZINHA;8;0,34444
20852;FILME PVC PARANA 28CMX15M;CX;25;7896080901657;39204390;;PARANA;23;2,36;2,36;2,95;21,25;;12;1,65;7,6;3;3,69;3,69;0;2;14;9;5;0;2;2,95;10007;BAZAR;10088;DESCARTÁVEIS;47;EMBALAGENS COZINHA;23;0,31112
20851;FILME PVC PARANA 28CMX30M;CX;25;7896080901695;39204390;;PARANA;7;3,63;3,63;4,54;21,25;;12;1,65;7,6;4,6;5,68;5,68;0;8;16;11;7;0;0;4,54;10007;BAZAR;10088;DESCARTÁVEIS;47;EMBALAGENS COZINHA;7;0,37776
22758;FITA CREPE 18MMX50M TEKBOND;CX;36;7898472262490;48114110;;TEKBOND;7;2,58;2,58;2,95;21,25;;12;1,65;7,6;3,28;3,59;3,59;0;0;0;0;0;0;;2,86;10007;BAZAR;10087;BAZAR DIVERSOS;35;COLAS E FITAS ADESIVAS;7;0
610;FLOCAO MILHO SINHA 400G;CX;20;7892300000933;11041900;;SINHA;673;1,32;1,32;1,5;12;;12;0;0;1,52;1,79;1,79;0;1430;3299;2888;2849;100;0;1,5;1;MERCEARIA SALGADA;10093;FARINÁCEOS;2;DERIVADOS DE MILHO;673,3;100,4272
15734;FORRA FOGAO FIAT LUX C/12UN;CX;10;7896007942947;76071910;;FIAT LUX;18;5,14;4,85;6,07;21,25;;12;1,65;7,6;6,52;8,09;8,09;0;1;5;4;0;0;18;6,43;10007;BAZAR;10088;DESCARTÁVEIS;47;EMBALAGENS COZINHA;18;0,1
768;FOSFORO ACENDEDOR BASTAO FIAT LUX C/10UN;CX;30;7896007932931;36050000;;FIAT LUX;22;4,79;4,79;5,99;21,25;;12;1,65;7,6;6,08;7,39;7,39;0;2;8;3;0;0;6;6;10007;BAZAR;10086;ACENDEDORES;27;FÓSFOROS;22,2;0,122233333333333
8809;FOSFORO ACENDEDOR FIAT LUX BASTAO C/ 5UN;CX;60;7896007930937;36050000;;FIAT LUX;16;2,42;2,4;2,76;21,25;;12;1,65;7,6;3,07;3,4;3,4;0;1;3;4;2;0;2;2,78;10007;BAZAR;10086;ACENDEDORES;27;FÓSFOROS;16;0,1
6720;FOSFORO ACENDEDOR PARANA BASTAO C/5UN;CX;60;7896080900889;36050000;;PARANA;8;2,3;2,3;2,89;21,25;;12;1,65;7,6;2,93;3,55;3,55;0;3;6;2;1;0;1;2,89;10007;BAZAR;10086;ACENDEDORES;27;FÓSFOROS;8,66666666666667;0,1
760;FOSFORO FIAT LUX CARTAO OLHO C/10UN;AM;20;7896007912278;36050000;;FIAT LUX;47;2,46;2,46;3,07;21,25;;12;1,65;7,6;3,12;3,75;3,75;0;16;210;201;54;5;0;3,07;10007;BAZAR;10086;ACENDEDORES;27;FÓSFOROS;47;5,16665
753;FOSFORO FIAT LUX CASA C/6UN;AM;20;7896007942213;36050000;;FIAT LUX;38;2,44;2,39;2,95;21,25;;12;1,65;7,6;2,72;3,65;3,65;0;0;141;118;62;3;0;2,95;10007;BAZAR;10086;ACENDEDORES;27;FÓSFOROS;38,1;3,57
16507;FOSFORO FIAT LUX COZINHA FORTES 16PCT;AM;16;7896007942534;36050000;;FIAT LUX;217;2,05;1,9;2,38;21,25;;12;1,65;7,6;2,6;2,95;2,95;0;11;52;83;23;1;7;2,56;10007;BAZAR;10086;ACENDEDORES;27;FÓSFOROS;217,5;1,7555625
757;FOSFORO FIAT LUX EXTRA LONGOS C/1UN;AM;24;7896007941254;36050000;;FIAT LUX;51;1,8;1,73;2,17;21,25;;12;1,65;7,6;2,29;2,7;2,7;0;10;48;155;40;2;0;2,26;10007;BAZAR;10086;ACENDEDORES;27;FÓSFOROS;51,9166666666667;2,7
758;FOSFORO FIAT LUX PINHEIRO C/10UN;AM;20;7896007912124;36050000;;FIAT LUX;212;2,46;2,33;2,92;21,25;;12;1,65;7,6;3,12;3,6;3,6;0;0;48;35;9;1;10;3,07;10007;BAZAR;10086;ACENDEDORES;27;FÓSFOROS;212,15;1,0222
20044;FOSFORO GUARANY C/10UN;AM;20;7898905100023;36050000;;GUARANY;18;1,93;1,98;2,6;21,25;;12;1,65;7,6;2,45;3,25;3,25;0;0;93;38;1;1;0;2,6;10007;BAZAR;10086;ACENDEDORES;27;FÓSFOROS;18;1,46665
2522;FOSFORO PARANA CARTOLINA C/10UN;AM;20;7896080900124;36050000;;PARANA;351;2,22;2,23;2,87;21,25;;12;1,65;7,6;3,18;3,5;3,5;0;10;51;250;104;4;3;3,13;10007;BAZAR;10086;ACENDEDORES;27;FÓSFOROS;351;4,5
3411;FOSFORO PARANA FORNO E FOGAO C/1UN;AM;15;7896080920054;36050000;;PARANA;96;2,01;1,98;2,48;21,25;;12;1,65;7,6;2,55;3,1;3,1;0;8;48;60;38;1;3;2,51;10007;BAZAR;10086;ACENDEDORES;27;FÓSFOROS;96,3333333333333;1,6222
20641;FOSFORO PARANA GIGANTE ECO 50UN;CX;150;7896080900285;36050000;;PARANA;7;1,64;1,6;2;21,25;;12;1,65;7,6;2,08;2,48;2,48;0;2;5;9;5;0;0;2,05;10007;BAZAR;10086;ACENDEDORES;27;FÓSFOROS;7,29333333333333;0,211113333333333
355;FOSFORO PARANA LONGO ECO C/3UN;CX;120;7896080900216;36050000;;PARANA;4;2,19;2,08;2,66;21,25;;12;1,65;7,6;3,18;3,3;3,3;0;0;14;3;6;0;0;3,13;10007;BAZAR;10086;ACENDEDORES;27;FÓSFOROS;4,19166666666667;0,255558333333333
9316;FOSFORO PARANA MADEIRA VERMELHO C/10UN;AM;20;7896080900148;36050000;;PARANA;115;2,22;2,33;2,99;21,25;;12;1,65;7,6;3,18;3,68;3,68;0;28;129;156;164;4;1;3,13;10007;BAZAR;10086;ACENDEDORES;27;FÓSFOROS;115,95;4,9889
1247;FUBA GRANFINO MILHO 1KG;FD;20;7896016500022;11022000;;GRANFINO;48;2,5;2,5;2,57;7;;7;0;0;2,63;2,99;2,99;0;63;158;196;278;7;0;2,57;1;MERCEARIA SALGADA;10093;FARINÁCEOS;2;DERIVADOS DE MILHO;48,9;7,03
1246;FUBA GRANFINO MILHO 500G;FD;20;7896016500015;11022000;;GRANFINO;89;1,44;1,43;1,47;7;;7;0;0;1,47;1,75;1,75;0;90;230;245;381;9;0;1,47;1;MERCEARIA SALGADA;10093;FARINÁCEOS;2;DERIVADOS DE MILHO;89,05;9,5322
15735;GEL ACENDEDOR FIAT LUX ALC ETIL 420G;CX;12;7896007939039;36069000;;FIAT LUX;9;5,23;5,23;6,33;21,25;;12;1,65;7,6;5,84;7,8;7,8;0;1;2;8;12;0;3;6,33;10007;BAZAR;10086;ACENDEDORES;27;FÓSFOROS;9;0,244416666666667
18886;GELATINA APTI AMORA 20G;CX;36;7896327516231;21069029;;APTI;4;0,77;0,77;0,96;21,25;;12;1,65;7,6;0,94;1,09;1,09;0;2;17;16;5;0;0;0,96;2;MERCEARIA DOCE;204;DOCES E SOBREMESAS;1;CONFEITARIA;4,38888888888889;0,422222222222222
18881;GELATINA APTI CEREJA 20G;CX;36;7896327516156;21069029;;APTI;8;0,77;0,77;0,96;21,25;;12;1,65;7,6;0,94;1,09;1,09;0;17;4;30;22;0;0;0,96;2;MERCEARIA DOCE;204;DOCES E SOBREMESAS;1;CONFEITARIA;8;0,622222222222222
18880;GELATINA APTI LIMAO 20G;CX;36;7896327516149;21069029;;APTI;1;0,77;0,77;0,96;21,25;;12;1,65;7,6;0,8;1,09;1,09;0;23;19;20;20;0;0;0,96;2;MERCEARIA DOCE;204;DOCES E SOBREMESAS;1;CONFEITARIA;1,44444444444444;0,655555555555556
18876;GELATINA APTI MORANGO 20G;CX;36;7896327516118;21069029;;APTI;3;0,77;0,77;0,96;21,25;;12;1,65;7,6;0,86;1,09;1,09;0;10;66;45;46;1;0;0,96;2;MERCEARIA DOCE;204;DOCES E SOBREMESAS;1;CONFEITARIA;3,5;1,74444444444444
18885;GELATINA APTI PESSEGO 20G;CX;36;7896327516194;21069029;;APTI;16;0,77;0,76;0,95;21,25;;12;1,65;7,6;0,94;1,09;1,09;0;3;8;10;7;0;1;0,96;2;MERCEARIA DOCE;204;DOCES E SOBREMESAS;1;CONFEITARIA;16;0,277777777777778
18878;GELATINA APTI UVA 20G;CX;36;7896327516125;21069029;;APTI;5;0,77;0,77;0,96;21,25;;12;1,65;7,6;0,94;1,09;1,09;0;7;48;55;43;1;0;0,96;2;MERCEARIA DOCE;204;DOCES E SOBREMESAS;1;CONFEITARIA;5,77777777777778;1,63333333333333
4720;GELATINA PO APTI INCOLOR 24G;CX;90;7896327511472;21069029;;APTI;8;3,45;3,45;4,32;21,25;;12;1,65;7,6;4,38;5,09;5,09;0;5;2;17;15;0;0;4,32;2;MERCEARIA DOCE;204;DOCES E SOBREMESAS;1;CONFEITARIA;8,76666666666667;0,377777777777778
23937;GELATINA PO APTIVA ZERO LIMAO 12G;CX;18;7896327513957;21069029;;APTI;9;1,49;1,49;1,86;21,25;;12;1,65;7,6;1,61;2,19;2,19;0;2;5;8;0;0;3;1,86;2;MERCEARIA DOCE;204;DOCES E SOBREMESAS;1;CONFEITARIA;9;0,144444444444444
23938;GELATINA PO APTIVA ZERO TANGERINA 12G;CX;18;7896327513964;21069029;;APTI;14;1,49;1,49;1,86;21,25;;12;1,65;7,6;1,61;2,19;2,19;0;0;1;6;0;0;10;1,86;2;MERCEARIA DOCE;204;DOCES E SOBREMESAS;1;CONFEITARIA;14;0,0777777777777778
23939;GELATINA PO APTIVA ZERO UVA 12G;CX;18;7896327513940;21069029;;APTI;2;1,49;1,49;1,86;21,25;;12;1,65;7,6;1,61;2,19;2,19;0;0;0;13;0;0;0;1,86;2;MERCEARIA DOCE;204;DOCES E SOBREMESAS;1;CONFEITARIA;2;0,144444444444444
2023;GELEIA MOC DUCOPO FRAMBOESA 180G;CX;24;7898394321084;21069090;;DUCOPO;106;3,08;3,08;3,73;21,25;;12;1,65;7,6;3,65;4,39;4,39;0;7;40;38;10;0;4;3,73;2;MERCEARIA DOCE;203;MATINAIS;4;GELEIAS;106;0,977791666666667
8554;GELEIA MOC DUCOPO LIGHT 170G;CX;24;7898394321114;21069090;;DUCOPO;11;3,12;3,12;3,77;21,25;;12;1,65;7,6;3,48;4,39;4,39;0;1;3;5;0;0;5;3,77;2;MERCEARIA DOCE;203;MATINAIS;4;GELEIAS;11;0,088875
2024;GELEIA MOC DUCOPO MORANGO 180G;CX;24;7898394321060;21069090;;DUCOPO;87;3,08;3,08;3,73;21,25;;12;1,65;7,6;3,65;4,39;4,39;0;4;40;57;26;1;2;3,73;2;MERCEARIA DOCE;203;MATINAIS;4;GELEIAS;87;1,36666666666667
2025;GELEIA MOC DUCOPO NATURAL 180G;CX;24;7898394321053;21069090;;DUCOPO;197;3,08;3,08;3,73;21,25;;12;1,65;7,6;3,65;4,39;4,39;0;24;234;125;73;4;1;3,73;2;MERCEARIA DOCE;203;MATINAIS;4;GELEIAS;197;4,8
2026;GELEIA MOC DUCOPO T FRUTTI 180G;CX;24;7898394321077;21069090;;DUCOPO;70;3,08;3,08;3,73;21,25;;12;1,65;7,6;3,65;4,39;4,39;0;5;42;39;19;1;2;3,73;2;MERCEARIA DOCE;203;MATINAIS;4;GELEIAS;70,3333333333333;1,111125
7563;GELEIA MOC DUCOPO ZERO ACUCAR 170G;CX;24;7898394321121;21069090;;DUCOPO;4;3,15;3,15;3,82;21,25;;12;1,65;7,6;3,52;4,39;4,39;0;1;12;8;8;0;0;3,82;2;MERCEARIA DOCE;203;MATINAIS;4;GELEIAS;4;0,311125
16239;GELEIA MOC INDALI MORANGO TP 220G;CX;27;7898394321190;21069090;;INDALI;112;1,69;1,68;2,03;21,25;;12;1,65;7,6;1,89;2,39;2,39;0;30;90;60;185;3;1;2,05;2;MERCEARIA DOCE;203;MATINAIS;4;GELEIAS;112,111111111111;3,73125925925926
16238;GELEIA MOC INDALI NATURAL TP 220G;CX;27;7898394321145;21069090;;INDALI;277;1,69;1,68;2,03;21,25;;12;1,65;7,6;1,89;2,39;2,39;0;117;173;99;399;7;1;2,05;2;MERCEARIA DOCE;203;MATINAIS;4;GELEIAS;277,185185185185;7,45885185185185
16240;GELEIA MOC INDALI TUTTI FRUTT TP 220G;CX;27;7898394321206;21069090;;INDALI;180;1,69;1,69;2,04;21,25;;12;1,65;7,6;1,89;2,39;2,39;0;29;125;56;199;4;1;2,05;2;MERCEARIA DOCE;203;MATINAIS;4;GELEIAS;180;4,22222222222222
16241;GELEIA MOC INDALI ZERO TP 210G;CX;27;7898394321183;21069090;;INDALI;13;1,87;1,87;2,27;21,25;;12;1,65;7,6;2,09;2,69;2,69;0;7;15;15;49;0;0;2,27;2;MERCEARIA DOCE;203;MATINAIS;4;GELEIAS;13;0,877777777777778
23957;GELEIA OLE AMORA PTS 160G;CX;12;7891032019534;20079910;1709400;OLE;1;4,5;4,48;5,61;21,25;42,83;12;1,65;7,6;5,6;7,03;7,39;4,89;8;18;10;26;0;0;5,64;2;MERCEARIA DOCE;203;MATINAIS;4;GELEIAS;1,33333333333333;0,607416666666667
24136;GELEIA OLE FRAMBOESA PTS 160G;CX;12;7891032019435;20079910;1709400;OLE;16;7,45;7,41;9,28;21,25;42,83;12;1,65;7,6;7,88;12,17;12,8;4,89;1;4;3;4;0;10;9,33;2;MERCEARIA DOCE;203;MATINAIS;4;GELEIAS;16,3333333333333;0,129666666666667
23956;GELEIA OLE GOIABA PTS 160G;CX;12;7891032019336;20079910;1709400;OLE;7;3,64;3,64;4,56;21,25;42,83;12;1,65;7,6;4,62;5,79;6,09;4,89;2;13;22;35;0;0;4,56;2;MERCEARIA DOCE;203;MATINAIS;4;GELEIAS;7,83333333333333;0,796333333333333
23954;GELEIA OLE MORANGO PTS 160G;CX;12;7891032019138;20079910;1709400;OLE;8;6,04;5,87;7,35;21,25;42,83;12;1,65;7,6;7,05;9,49;9,98;4,89;7;24;14;29;0;0;7,57;2;MERCEARIA DOCE;203;MATINAIS;4;GELEIAS;8,66666666666667;0,754666666666667
23955;GELEIA OLE PESSEGO PTS 160G;CX;12;7891032019237;20079910;1709400;OLE;1;3,64;3,64;4,56;21,25;42,83;12;1,65;7,6;4,62;5,79;6,09;4,89;0;22;20;15;0;0;4,56;2;MERCEARIA DOCE;203;MATINAIS;4;GELEIAS;1,08333333333333;0,6435
2536;GELEIA PREDILECTA AMORA VD 230G;CX;15;7896292360136;20079910;1709401;PREDILECTA;15;6,31;6,31;7,9;21,25;42,83;12;1,65;7,6;7,18;9,88;10,39;4,89;0;13;4;8;0;3;7,9;2;MERCEARIA DOCE;203;MATINAIS;4;GELEIAS;15;0,2778
2537;GELEIA PREDILECTA FRAMBOESA VD 230G;CX;15;7896292360976;20079910;1709401;PREDILECTA;6;6,64;6,64;8,32;21,25;42,83;12;1,65;7,6;7,18;10,44;10,98;4,89;0;10;4;0;0;2;8,32;2;MERCEARIA DOCE;203;MATINAIS;4;GELEIAS;6;0,155533333333333
2538;GELEIA PREDILECTA GOIABA VD 230G;CX;15;7896292360105;20079910;1709401;PREDILECTA;50;5,43;5,43;6,8;21,25;42,83;12;1,65;7,6;5,74;8,65;9,09;4,89;1;19;12;6;0;8;6,8;2;MERCEARIA DOCE;203;MATINAIS;4;GELEIAS;50;0,411133333333333
4135;GELEIA PREDILECTA MORANGO VD 230G;CX;15;7896292360112;20079910;1709401;PREDILECTA;13;6,55;6,55;8,2;21,25;42,83;12;1,65;7,6;7,46;9,88;10,39;4,89;9;14;33;21;0;1;8,2;2;MERCEARIA DOCE;203;MATINAIS;4;GELEIAS;13;0,755533333333333
2539;GELEIA PREDILECTA PESSEGO VD 230G;CX;15;7896292360709;20079910;1709401;PREDILECTA;8;6,68;6,68;8,36;21,25;42,83;12;1,65;7,6;6,35;9,88;10,39;4,89;0;12;0;0;0;4;8,36;2;MERCEARIA DOCE;203;MATINAIS;4;GELEIAS;8;0,133333333333333
2540;GELEIA PREDILECTA UVA VD 230G;CX;15;7896292360143;20079910;1709401;PREDILECTA;11;6,05;6,05;7,58;21,25;42,83;12;1,65;7,6;6,08;9,88;10,39;4,89;0;8;12;9;0;2;7,58;2;MERCEARIA DOCE;203;MATINAIS;4;GELEIAS;11;0,3222
23496;GELEIA PURIFRUTI T. MONICA AMORA CP 230G;CX;12;7898002470616;20079910;1709400;PURIFRUTI (HOMEMADE);11;4,67;4,67;6,06;21,25;42,83;12;1,65;7,6;7,01;6,99;7,35;4,89;0;2;1;0;0;27;6,92;2;MERCEARIA DOCE;203;MATINAIS;4;GELEIAS;11;0,0333333333333333
23495;GELEIA PURIFRUTI T. MONICA F.VER CP 230G;CX;12;7898002470647;20079910;1709400;PURIFRUTI (HOMEMADE);5;4,67;4,67;6,06;21,25;42,83;12;1,65;7,6;7,01;6,99;7,35;4,89;0;2;0;2;0;9;6,92;2;MERCEARIA DOCE;203;MATINAIS;4;GELEIAS;5;0,0444166666666667
23498;GELEIA PURIFRUTI T. MONICA GOIAB CP 230G;CX;12;7898002470623;20079910;1709400;PURIFRUTI (HOMEMADE);4;4,67;4,67;6,06;21,25;42,83;12;1,65;7,6;7,01;6,99;7,35;4,89;0;1;0;2;0;10;6,92;2;MERCEARIA DOCE;203;MATINAIS;4;GELEIAS;4;0,0333333333333333
23494;GELEIA PURIFRUTI T. MONICA MORAN CP 230G;CX;12;7898002470609;20079910;1709400;PURIFRUTI (HOMEMADE);17;4,67;4,67;6,06;21,25;42,83;12;1,65;7,6;7,01;7,69;8,09;4,89;0;2;1;0;0;42;6,92;2;MERCEARIA DOCE;203;MATINAIS;4;GELEIAS;17,1666666666667;0,0333333333333333
23497;GELEIA PURIFRUTI T. MONICA UVA CP 230G;CX;12;7898002471088;20079910;1709400;PURIFRUTI (HOMEMADE);3;4,67;4,67;6,06;21,25;42,83;12;1,65;7,6;7,01;6,99;7,35;4,89;0;0;0;2;0;11;6,92;2;MERCEARIA DOCE;203;MATINAIS;4;GELEIAS;3;0,02225
23499;GELEIA RECREIO MORANGO CP 230G;CX;12;7898002470715;20079910;1709400;RECREIO (HOMEMADE);4;4,07;4,07;5,31;21,25;42,83;12;1,65;7,6;6,25;6,69;7,03;4,89;0;1;1;0;0;14;6,17;2;MERCEARIA DOCE;203;MATINAIS;4;GELEIAS;4;0,02225
17581;GIN BAM LARIOS ROSE 700ML;CX;6;8411144100402;22089000;0299900;LARIOS;4;50,48;50,48;56,6;36,25;;27;1,65;7,6;79,19;68,37;68,37;0;0;0;0;0;0;;46,21;10005;BEBIDAS;10065;DESTILADOS;4;GIN;4;0
16749;GIN BECOSA 1L;CX;12;7898255980511;22085000;0200800;GIN BECOSA;18;22,17;22,17;26,5;36,25;;27;1,65;7,6;34,77;32,01;32,01;0;0;0;0;0;0;;20,38;10005;BEBIDAS;10065;DESTILADOS;4;GIN;18;0
16689;GIN DRY THEROS 1L;CX;6;7896023016059;22085000;0200800;THEROS;139;16,49;16,51;19,97;36,25;;27;1,65;7,6;27,54;24,11;24,11;0;0;0;0;1;0;2074;16,33;10005;BEBIDAS;10065;DESTILADOS;4;GIN;139;0,0111666666666667
16930;GIN GILBEYS 700ML;CX;12;5010103261609;22085000;0200800;GILBEYS;23;23,86;23,86;27,5;36,25;;27;1,65;7,6;37,42;33,22;33,22;0;0;0;2;0;0;89;27,5;10005;BEBIDAS;10065;DESTILADOS;4;GIN;23,9166666666667;0,02225
17616;GIN ING MARTIN MILLER S 700ML;CX;6;698929000395;22085000;0200800;MARTIN MILLER'S;2;129,21;129,21;145,33;36,25;;27;1,65;7,6;202,69;175,55;175,55;0;0;0;0;0;0;;121,61;10005;BEBIDAS;10065;DESTILADOS;4;GIN;2;0
17579;GIN LARIOS 12 700ML;CX;6;8411144101034;22085000;0200800;LARIOS;69;56,69;53,18;56,65;36,25;;27;1,65;7,6;83,15;68,39;68,39;0;0;0;0;0;0;;56,69;10005;BEBIDAS;10065;DESTILADOS;4;GIN;69;0
17580;GIN LARIOS ORIGINAL LONDON DRY 700ML;CX;6;8411144101010;22085000;0200800;SEM MARCA;10;27,21;27,21;30,51;36,25;;27;1,65;7,6;42,68;36,07;36,07;0;0;0;3;0;0;50;24,91;10005;BEBIDAS;10065;DESTILADOS;4;GIN;10;0,0333333333333333
17601;GIN LARIOS ORIGINAL PE 700ML;CX;6;8411144100068;22085000;0200800;LARIOS;6;30,51;28,22;30,51;36,25;;27;1,65;7,6;47,86;36,86;36,86;0;0;0;5;0;0;18;30,51;10005;BEBIDAS;10065;DESTILADOS;4;GIN;6;0,0555
16899;GIN SEAGERS SILVER 750ML;CX;6;7891121155006;22085000;0200800;SEAGERS;7;35,16;36,24;43,84;36,25;;27;1,65;7,6;55,16;51,64;51,64;0;0;0;0;0;0;;35,79;10005;BEBIDAS;10065;DESTILADOS;4;GIN;7;0
1197;GOIABADA ANHEMBI 7KG;CX;1;7896113200085;20079990;1709401;ANHEMBI;791;44,32;44,32;55,5;21,25;;12;1,65;7,6;56,28;64,9;64,9;0;5;555;638;608;20;39;55,5;2;MERCEARIA DOCE;204;DOCES E SOBREMESAS;3;GOIABADA;791;20,011
18737;GOIABADA ETTI BLOCO 300G;CX;36;7898930142616;20079990;1709400;ETTI;328;2,02;1,93;2,42;21,25;42,83;12;1,65;7,6;2,26;2,94;3,09;4,89;11;64;38;273;4;2;2,53;2;MERCEARIA DOCE;204;DOCES E SOBREMESAS;3;GOIABADA;328,694444444444;4,16666666666667
4394;GOIABADA FUGINI FLOW PACK 300G;CX;24;7897517200015;20079990;1709400;FUGINI;1;3,13;3,09;3,87;21,25;42,83;12;1,65;7,6;3,43;4,64;4,88;4,89;2;7;21;1;0;0;4,96;2;MERCEARIA DOCE;204;DOCES E SOBREMESAS;3;GOIABADA;1,04166666666667;0,322208333333333
15884;GOIABADA OLE CREMOSA VD 400G;CX;12;7891032018056;20079990;1709400;OLE;53;4,42;4,44;5,56;21,25;42,83;12;1,65;7,6;0,17;7,03;7,39;4,89;4;25;26;60;1;3;5,54;2;MERCEARIA DOCE;204;DOCES E SOBREMESAS;3;GOIABADA;53,8333333333333;1,23333333333333
15550;GOIABADA OLE FLOW PACK 250G;CX;24;7891032018216;20079990;1709400;OLE;61;2,32;2,32;2,91;21,25;42,83;12;1,65;7,6;0,08;3,6;3,79;4,89;3;24;43;49;1;1;2,91;2;MERCEARIA DOCE;204;DOCES E SOBREMESAS;3;GOIABADA;61;1,288875
19225;GOIABADA OLE PT 250G;CX;24;7891032018124;20079990;1709400;OLE;9;2,39;2,39;2,99;21,25;42,83;12;1,65;7,6;0,08;3,7;3,89;4,89;2;22;45;30;1;0;2,99;2;MERCEARIA DOCE;204;DOCES E SOBREMESAS;3;GOIABADA;9,29166666666667;1,086125
19416;GOIABADA OLE PT 500G;CX;24;7891032018148;20079990;1709400;OLE;13;4,4;4,38;5,49;21,25;42,83;12;1,65;7,6;5,58;6,84;7,19;4,89;0;6;5;18;0;1;5,5;2;MERCEARIA DOCE;204;DOCES E SOBREMESAS;3;GOIABADA;13,5833333333333;0,331958333333333
6751;GOIABADA PALMEIRON TRAD PT 250G;CX;24;7898366930344;20079990;1709400;PALMEIRON;18;2,26;2,26;2,84;21,25;42,83;12;1,65;7,6;2,59;3,32;3,49;4,89;12;6;0;0;0;11;2,84;2;MERCEARIA DOCE;204;DOCES E SOBREMESAS;3;GOIABADA;18;0,0666666666666667
6768;GOIABADA PALMEIRON TRAD PT 500G;CX;20;7898366930351;20079990;1709401;PALMEIRON;23;4,06;4,06;5,08;21,25;42,83;12;1,65;7,6;4,64;6,17;6,49;4,89;7;6;0;0;0;17;5,08;2;MERCEARIA DOCE;204;DOCES E SOBREMESAS;3;GOIABADA;23;0,06665
2477;GOIABADA PREDILECTA CASCAO PRATICA 350G;CX;24;7896292370050;20079990;1709400;PREDILECTA;88;3,05;3,06;3,83;21,25;42,83;12;1,65;7,6;4,04;5,13;5,39;4,89;4;91;53;67;2;1;3,82;2;MERCEARIA DOCE;204;DOCES E SOBREMESAS;3;GOIABADA;88;2,34445833333333
20624;GOIABADA PREDILECTA FLOW PACK 1,01KG;CX;16;7896292300064;20079990;1709401;PREDILECTA;26;6,84;6,84;8,56;21,25;;12;1,65;7,6;8,68;10,7;10,7;0;5;77;32;40;1;0;8,56;2;MERCEARIA DOCE;204;DOCES E SOBREMESAS;3;GOIABADA;26;1,6555625
2460;GOIABADA PREDILECTA FLOW PACK 300G;CX;36;7896292330061;20079990;1709400;PREDILECTA;428;2,2;2,2;2,76;21,25;42,83;12;1,65;7,6;2,34;3,22;3,39;4,89;137;365;359;817;17;0;2,76;2;MERCEARIA DOCE;204;DOCES E SOBREMESAS;3;GOIABADA;428,083333333333;17,1395
2529;GOIABADA PREDILECTA LISA LT 600G;CX;12;7896292330092;20079990;1709400;PREDILECTA;19;7,72;7,97;9,98;21,25;42,83;12;1,65;7,6;9,8;11,32;11,9;4,89;5;14;11;7;0;4;9,67;2;MERCEARIA DOCE;204;DOCES E SOBREMESAS;3;GOIABADA;19;0,355583333333333
17515;GOIABADA PREDILECTA POLI 250G;CX;24;7896292315969;20079990;1709400;PREDILECTA;110;2,25;2,26;2,83;21,25;42,83;12;1,65;7,6;3,35;3,79;3,98;4,89;11;31;66;55;1;2;2,82;2;MERCEARIA DOCE;204;DOCES E SOBREMESAS;3;GOIABADA;110;1,688875
19784;GOIABADA PREDILECTA POLI FP ZER ACU 300G;CX;12;7896292319004;20079990;1709400;PREDILECTA;2;6,05;6,05;7,58;21,25;42,83;12;1,65;7,6;7,79;10,17;10,69;4,89;36;56;131;161;3;0;7,58;2;MERCEARIA DOCE;204;DOCES E SOBREMESAS;3;GOIABADA;2;3,86666666666667
18444;GOIABADA PREDILECTA POLI PT 500G;CX;24;7896292315952;20079990;1709400;PREDILECTA;23;4,26;4,26;5,34;21,25;42,83;12;1,65;7,6;5,41;6,36;6,69;4,89;1;5;35;19;0;1;5,33;2;MERCEARIA DOCE;204;DOCES E SOBREMESAS;3;GOIABADA;23;0,655541666666667
17761;GOIABADA PREDILECTA PRATICA 300G;CX;36;7896292330054;20079990;1709400;PREDILECTA;63;2,35;2,38;2,98;21,25;42,83;12;1,65;7,6;2,99;3,7;3,89;4,89;17;33;10;22;0;2;2,94;2;MERCEARIA DOCE;204;DOCES E SOBREMESAS;3;GOIABADA;63;0,722222222222222
1005;GOIABADA XAVANTE TB 300G;CX;24;7896235800149;20079924;1709400;XAVANTE;1377;1,53;1,53;1,92;21,25;42,83;12;1,65;7,6;1,83;2,37;2,49;4,89;155;93;257;18;4;14;1,92;2;MERCEARIA DOCE;204;DOCES E SOBREMESAS;3;GOIABADA;1377;4,088875
18941;GRANEL MICRO RICE BOLL CREME - 10 X 500;CX;10;7897393601401;19041000;1703000;ALCA FOODS;20;5,67;5,67;7,1;21,25;31,24;12;1,65;7,6;6,12;7,39;7,66;3,61;0;0;40;0;0;4;7,1;2;MERCEARIA DOCE;204;DOCES E SOBREMESAS;1;CONFEITARIA;20;0,4444
1263;GRAO BICO GRANFINO 500G;FD;20;7896016500237;07132090;;GRANFINO;20;7,69;7,62;8,47;12;;12;0;0;7,61;10,1;10,1;0;14;0;20;5;0;3;8,55;1;MERCEARIA SALGADA;10094;GRAOS;3;OUTROS GRAOS;20;0,2778
16525;GRAO DE BICO FUGINI CONSERVA SH 170G;CX;36;7897517209667;20059900;1709200;FUGINI;131;2,62;2,61;3,27;21,25;34,33;12;1,65;7,6;3,33;4,12;4,29;3,96;18;64;58;35;1;2;3,28;1;MERCEARIA SALGADA;103;CONSERVAS;3;OUTROS VEGETAIS;131,611111111111;1,74444444444444
21100;GRAO DE BICO URBANO TP 1 500G;FD;20;7896401183151;07132090;;URBANO;14;4,33;4,43;4,61;12;;12;0;0;4,93;6,3;6,3;0;11;0;0;5;0;13;4,52;1;MERCEARIA SALGADA;10094;GRAOS;3;OUTROS GRAOS;14,7;0,05555
23161;GUARDANAPO BOB CLASSE 30X30 C/50;CX;36;7896089404074;48183000;2004600;BOB CLASSE;4;1,98;1,98;2,18;21,25;38,5;12;1,65;7,6;2,23;2,99;3,13;4,42;0;13;7;4;0;0;2,18;10007;BAZAR;10088;DESCARTÁVEIS;47;EMBALAGENS COZINHA;4;0,266666666666667
22568;GUARDANAPO BOB CLASSE FD 30X30 C/50;CX;48;7896089409840;48183000;2004600;BOB CLASSE;4;2,94;2,94;3,65;21,25;38,5;12;1,65;7,6;3,73;4,55;4,76;4,42;0;2;0;0;0;3;3,54;10007;BAZAR;10088;DESCARTÁVEIS;47;EMBALAGENS COZINHA;4;0,0222291666666667
20941;GUARDANAPO FD SCOTT GRAND HOTEL G 50F;CX;72;7891172151323;48183000;2004600;SCOTT;324;4,63;4,63;5,75;21,25;38,5;12;1,65;7,6;5,88;7,59;7,94;4,42;1;1;103;151;2;1;5,57;10008;FORNECEDORES ESPECIAIS;10100;SUZANO;2;EMBALAGENS COZINHA;324,986111111111;2,83333333333333
20942;GUARDANAPO FD SCOTT GRAND HOTEL P 50F;CX;81;7891172151125;48183000;2004600;SCOTT;253;2,5;2,5;3,11;21,25;38,5;12;1,65;7,6;3,18;3,93;4,11;4,42;1;113;109;342;6;0;3,01;10008;FORNECEDORES ESPECIAIS;10100;SUZANO;2;EMBALAGENS COZINHA;253,987654320988;6,26666666666667
22109;GUARDANAPO FS SCOTT DIA A DIA G 50F;CX;72;7891172145322;48183000;2004600;SCOTT;82;2,14;2,14;2,66;21,25;38,5;12;1,65;7,6;2,71;3,56;3,72;4,42;1;6;12;4;0;4;2,57;10008;FORNECEDORES ESPECIAIS;10100;SUZANO;2;EMBALAGENS COZINHA;82,0277777777778;0,244444444444444
20940;GUARDANAPO FS SCOTT DIA A DIA P 50F;CX;72;7891172145124;48183000;2004600;SCOTT;2;1,32;1,32;1,64;21,25;38,5;12;1,65;7,6;1,68;1,95;2,04;4,42;0;0;13;15;0;0;1,59;10008;FORNECEDORES ESPECIAIS;10100;SUZANO;2;EMBALAGENS COZINHA;2,98611111111111;0,311111111111111
7704;GUARDANAPO SULLEG FS 31X31 PREMIUM 50FL;CX;48;7898955352137;48183000;2004600;SULLEG;19;1,36;1,35;1,68;21,25;38,5;12;1,65;7,6;1,72;2,19;2,29;4,42;0;13;0;5;0;1;1,63;10007;BAZAR;10088;DESCARTÁVEIS;47;EMBALAGENS COZINHA;19;0,2
7261;GUARDANAPO SULLEG GD 31X31 L100 P90UN;CX;36;7898955352144;48183000;2004600;SULLEG;15;2,71;2,71;3,37;21,25;38,5;12;1,65;7,6;3,39;4,39;4,59;4,42;0;13;7;0;0;1;3,26;10007;BAZAR;10088;DESCARTÁVEIS;47;EMBALAGENS COZINHA;15;0,222222222222222
1670;HAMB AURORA FAROESTE BURG 2,016KG;CX;1;;16024900;1707905;AURORA;7994;24,55;25,11;31,11;21,25;24,61;12;1,65;7,6;33,39;36,49;37,47;2,61;2320;6760;5658;6395;209;38;31,75;6;PERECIVEIS;10050;CONGELADOS;9;HAMBURGUER CONGELADO;7994;209,033
3362;HAMB GRAN FILE BOV FEST 1,5KG;CX;1;7896481952227;16025000;1707906;GRAN FILE;35;28,69;30,24;37,87;21,25;24,61;12;1,65;7,6;36,43;45,9;47,26;2,87;77;190;280;135;6;5;35,93;6;PERECIVEIS;10050;CONGELADOS;9;HAMBURGUER CONGELADO;35;6,722
3361;HAMB GRAN FILE BOV PICANHA 2,160KG;CX;1;7896481901850;16025000;1707906;GRAN FILE;945;31,74;39,16;49,09;21,25;24,61;12;1,65;7,6;58,1;59,9;61,51;2,61;881;3509;3402;4502;126;7;39,74;6;PERECIVEIS;10050;CONGELADOS;9;HAMBURGUER CONGELADO;945;126,811
8371;HAMB SEARA TEXAS BOV 2,016KG;CX;1;17894904500380;16029000;1707902;SEARA;19;24,13;24,14;29,5;21,25;24,61;12;1,65;7,6;34,11;35,99;36,96;2,61;0;1324;901;896;34;0;30,83;6;PERECIVEIS;10050;CONGELADOS;9;HAMBURGUER CONGELADO;19;34,678
2258;HASTE FLEXIVEIS COTONETES JOHNSON 75UN;CX;60;7891010560737;56012190;2005100;JOHNSONS;24;3,61;3,6;4,5;21,25;33,01;12;1,65;7,6;4,53;5,76;5,99;3,81;3;6;20;7;0;1;4,52;4;PERFUMARIA E HIGIENE;401;HIGIENE PESSOAL;1;ALGODÕES E HASTES FLEXÍVEIS;24,4;0,366666666666667
1375;HASTE FLEXIVEIS COTTON PROM (LV75 PG50);CX;60;7898095296063;56012190;2005100;COTTON;11;1,23;1,22;1,53;21,25;33,01;12;1,65;7,6;1,56;1,91;1,99;3,81;6;22;28;29;0;0;1,54;4;PERFUMARIA E HIGIENE;401;HIGIENE PESSOAL;1;ALGODÕES E HASTES FLEXÍVEIS;11;0,877783333333333
11448;HASTE FLEXIVEIS PALINETE YORK ECONO 75UN;CX;60;7896235353171;56012190;2005100;YORK;20;2,32;2,32;2,91;21,25;33,01;12;1,65;7,6;2,94;3,63;3,77;3,81;1;7;16;17;0;0;2,9;4;PERFUMARIA E HIGIENE;401;HIGIENE PESSOAL;1;ALGODÕES E HASTES FLEXÍVEIS;20,8;0,44445
22818;HIDRATANTE FLOR DE YPE AMEIXA FLOR 200ML;CX;12;7896098908228;33072010;2002701;YPE;14;6,66;6,76;7,65;12;32,69;12;0;0;7,57;9,14;9,5;3,77;0;0;5;0;0;20;7,2;4;PERFUMARIA E HIGIENE;404;CUIDADOS COM O CORPO;2;HIDRATANTE;14;0,0555833333333333
22431;HIDRATANTE FLOR DE YPE AMEIXA LOTU 400ML;CX;12;7896098908211;33072010;2002701;YPE;7;10,66;11,05;12,68;12;32,69;12;0;0;13,69;16,16;16,79;3,77;0;0;6;0;0;8;11,51;4;PERFUMARIA E HIGIENE;404;CUIDADOS COM O CORPO;2;HIDRATANTE;7;0,0666666666666667
44;INSET ALERTA ESPIRAL C/10UN;CX;48;7896013100157;38089119;;ALERTA;63;2,78;2,78;3,48;21,25;;12;1,65;7,6;3,56;4,6;4,6;0;50;38;57;10;1;1;3,48;10001;LIMPEZA;10054;CUIDADOS COM A CASA;165;INSETICIDAS E REPELENTES;63,2291666666667;1,16666666666667
15056;INSET ELET SBP 45NOT CH SV AP+REF 32,9ML;CX;1;7891035990984;38089119;;SBP;10;7,66;7,66;8,88;21,25;;12;1,65;7,6;7,89;13,59;13,59;0;0;0;0;0;0;;8,88;10001;LIMPEZA;10054;CUIDADOS COM A CASA;165;INSETICIDAS E REPELENTES;10;0
11238;INSET SBP AERO CORAL EMB ECON 380ML;CX;24;7891035618567;38089119;;SBP;709;8,15;7,97;9,3;21,25;;12;1,65;7,6;9,74;11,49;11,49;0;129;5220;184;49;60;0;9,49;10001;LIMPEZA;10054;CUIDADOS COM A CASA;165;INSETICIDAS E REPELENTES;709,375;60,5925833333333
11993;INSET SBP AERO M INSET CITRONELA 380ML;CX;24;7891035618550;38089119;;SBP;241;8,1;8,1;9,5;21,25;;12;1,65;7,6;9,74;11,49;11,49;0;1645;1092;143;0;13;0;10,2;10001;LIMPEZA;10054;CUIDADOS COM A CASA;165;INSETICIDAS E REPELENTES;241,625;13,7222083333333
11994;INSET SBP AERO M INSET EUCALIPTO 380ML;CX;24;7891035618543;38089119;;SBP;13;8,1;8,1;9,5;21,25;;12;1,65;7,6;9,74;11,49;11,49;0;1651;1054;142;10;13;0;10,2;10001;LIMPEZA;10054;CUIDADOS COM A CASA;165;INSETICIDAS E REPELENTES;13,4583333333333;13,4
17931;IOIO MIX HERSHERS CHOC 41,9G;CX;12;7899970402463;18069000;1700400;HERSHEY;20;2;2;2,48;21,25;28,36;12;1,65;7,6;2,86;3,15;3,25;3;0;49;4;93;1;1;2,4;3;MERCEARIA ESPECIAL;301;BISCOITOS;1;BISCOITOS DOCES;20;1,62225
17930;IOIO MIX HERSHERS DUO 41,9G;CX;12;7899970402456;18069000;1700400;HERSHEY;21;2;2;2,48;21,25;28,36;12;1,65;7,6;2,86;3,15;3,25;3;0;48;4;85;1;1;2,4;3;MERCEARIA ESPECIAL;301;BISCOITOS;1;BISCOITOS DOCES;21;1,52225
23945;IOIO MIX HERSHEYS AV CHOC SB MOR 41,9G;CX;12;7899970404153;18069000;1700400;HERSHEY;20;2;2;2,48;21,25;28,36;12;1,65;7,6;2,86;3,15;3,25;3;0;36;4;40;0;1;2,4;3;MERCEARIA ESPECIAL;301;BISCOITOS;1;BISCOITOS DOCES;20;0,888916666666667
23295;ISOTONICO GATORADE BERRY BLUE PET 500ML;CX;6;7892840822019;22029900;0301500;GATORADE;166;3,19;3,19;3,63;10,4;0;-2,6;2,32;10,68;3,67;4,49;4,49;0;304;682;587;0;14;1;3,63;10005;BEBIDAS;10066;ENERGÉTICOS E ISOTÔNICOS;3;ISOTÔNICOS;166,166666666667;14,1093333333333
4487;ISOTONICO GATORADE MOR/MARACUJ PET 500ML;CX;6;7892840808174;22029900;0301500;GATORADE;124;3,19;3,19;3,63;10,4;0;-2,6;2,32;10,68;3,67;4,49;4,49;0;624;2190;3234;208;62;0;3,63;10005;BEBIDAS;10066;ENERGÉTICOS E ISOTÔNICOS;3;ISOTÔNICOS;124;62,5778333333333
4488;ISOTONICO GATORADE TANGERINA 500ML;CX;6;7892840808044;22029900;0301500;GATORADE;305;3,19;3,19;3,63;10,4;0;-2,6;2,32;10,68;3,97;4,49;4,49;0;331;1334;2421;57;42;1;3,63;10005;BEBIDAS;10066;ENERGÉTICOS E ISOTÔNICOS;3;ISOTÔNICOS;305;42,3555
4489;ISOTONICO GATORADE UVA PET 500ML;CX;6;7892840808051;22029900;0301500;GATORADE;4;3,19;3,19;3,63;10,4;0;-2,6;2,32;10,68;3,97;4,49;4,49;0;0;1299;2114;0;37;0;3,63;10005;BEBIDAS;10066;ENERGÉTICOS E ISOTÔNICOS;3;ISOTÔNICOS;4;37,9278333333333
22211;JERKED BEEF J AMERICA TRASEIRO KG;CX;15;22211;02102000;1708301;J AMERICA;1;27,31;27,31;28;7;;7;0;0;28;;;;0;0;0;0;0;;28;6;PERECIVEIS;10061;SALGADOS;1;CHARQUES;1,66666666666667;0
23970;KALIPTO CONCENTRADO CHA BRANCO 120ML;CX;12;7891022868432;34025000;1100700;KALIPTO;6;6,46;6,36;8;21,25;19,86;12;1,65;7,6;8,73;8,78;8,99;2,33;5;0;7;5;0;3;8,28;10001;LIMPEZA;10054;CUIDADOS COM A CASA;164;DESINFETANTES E MULTIUSOS;6;0,133333333333333
6568;KALIPTO OLEO DE CAPIM LIMAO 120ML;CX;12;7891022855678;34025000;1100700;KALIPTO;17;6,58;6,41;8;21,25;19,86;12;1,65;7,6;8,59;8,78;8,99;2,33;5;0;5;1;0;21;8,14;10001;LIMPEZA;10054;CUIDADOS COM A CASA;164;DESINFETANTES E MULTIUSOS;17,0833333333333;0,0666666666666667
14862;KALIPTO OLEO DE EUCALIPTO 120ML;CX;12;7891022853490;34025000;1100700;KALIPTO;8;6,77;6,59;8,2;21,25;19,86;12;1,65;7,6;8,59;8,78;8,99;2,33;5;0;7;13;0;3;8,14;10001;LIMPEZA;10054;CUIDADOS COM A CASA;164;DESINFETANTES E MULTIUSOS;8,33333333333333;0,22225
14861;KALIPTO OLEO DE PINHO 120ML;CX;12;7891022853483;34025000;1100200;KALIPTO;19;6,77;6,56;8,16;21,25;19,86;12;1,65;7,6;8,77;8,78;8,99;2,33;5;0;2;5;0;20;8,14;10001;LIMPEZA;10054;CUIDADOS COM A CASA;164;DESINFETANTES E MULTIUSOS;19;0,07775
24044;KIT SAL CISNE REF E EXTR GROSSO SACH 2CX;CX;1;;25010020;;CISNE;50;19,21;19,21;20,03;7;0;-2,25;1,65;7,6;18,52;23,99;23,99;0;0;0;0;0;0;;;1;MERCEARIA SALGADA;102;COMMODITIES;3;SAL;50;0
18536;KIT VANISH GEL MULT 1,2L+GEL WHITE 1,2L;CX;3;7891035001147;34025000;1100700;VANISH;6;18,21;18,26;21,1;21,25;19,86;12;1,65;7,6;21,66;25,49;26,1;2,33;0;553;0;0;6;0;21,1;10001;LIMPEZA;10060;CUIDADOS COM A ROUPA;206;TIRA MANCHAS E ALVEJANTES;6,66666666666667;6,14433333333333
18850;LA ACO ASSOLAN OR PCT 45G;FD;200;7896090100101;73231000;1101100;ASSOLAN;114;0,78;0,75;1;21,25;23,28;12;1,65;7,6;1,34;1,64;1,69;2,72;3;82;97;47;2;0;1,27;10001;LIMPEZA;10054;CUIDADOS COM A CASA;162;ACESSÓRIOS (VASSOURAS/PANOS/ESPONJAS);114,8;2,51111
23186;LA ACO BOMBRIL 45G C/6UN ECO;FD;200;7891022868036;73231000;1101100;BOMBRIL;154;1,1;1,12;1,39;21,25;23,28;12;1,65;7,6;1,49;1,74;1,79;2,72;11;128;124;106;3;0;1,38;10001;LIMPEZA;10054;CUIDADOS COM A CASA;162;ACESSÓRIOS (VASSOURAS/PANOS/ESPONJAS);154,775;3,97778
4344;LAMINA WILKINSON SWORD DISP C/20UN;DP;1;7891051015210;82122010;2006400;WILKINSON;46;15,99;15,99;20,02;9,25;;0;1,65;7,6;18,26;25,99;25,99;0;249;267;276;225;8;5;20,02;4;PERFUMARIA E HIGIENE;402;CUIDADOS COM BARBA;2;LÂMINAS E APARELHOS;46;8,533
23370;LAMP AVANT LED BULBO BR BIVOLT MG 40W;CX;20;7899452023421;85395200;0900500;AVANT;105;21,51;21,51;24,92;21,25;42,34;12;1,65;7,6;25,59;27,69;29,1;4,83;0;2;0;0;0;236;498,46;10007;BAZAR;10087;BAZAR DIVERSOS;38;LÂMPADAS E ELÉTRICA;105;0,0222
15867;LAMP AVANT LED BULBO HP 6500K BI E27 20W;CX;50;7899452018472;85395200;0900500;AVANT;1;9,04;9,06;10,48;21,25;42,34;12;1,65;7,6;10,76;13,7;14,4;4,83;0;4;0;0;0;0;10,48;10007;BAZAR;10087;BAZAR DIVERSOS;38;LÂMPADAS E ELÉTRICA;1,2;0,04888
21111;LAMP AVANT LED BULBO HP E27 20W MK1600-G;CX;50;7899452032638;85395200;0900500;AVANT;3;3,65;3,65;4,15;21,25;42,34;12;1,65;7,6;4,64;5,38;5,65;4,83;0;0;0;0;0;;3,9;10007;BAZAR;10087;BAZAR DIVERSOS;38;LÂMPADAS E ELÉTRICA;3,04;0
16395;LAMP AVANT LED BULBO HP IN MK1600-E 20W;CX;50;7899452019776;85395200;0900500;AVANT;1;8,38;8,38;9,71;21,25;42,34;12;1,65;7,6;9,96;12,47;13,1;4,83;0;1;1;2;0;0;9,71;10007;BAZAR;10087;BAZAR DIVERSOS;38;LÂMPADAS E ELÉTRICA;1,2;0,04444
19296;LAMP AVANT LED BULBO HP IN-E27 20W BIV;CX;50;7899452023391;85395200;0900500;AVANT;3;8,85;8,85;10,26;21,25;42,34;12;1,65;7,6;10,53;13,19;13,86;4,83;0;85;5;0;1;0;10,26;10007;BAZAR;10087;BAZAR DIVERSOS;38;LÂMPADAS E ELÉTRICA;3,2;1
16394;LAMP AVANT LED BULBO HP PACK C/3UN 20W;UN;1;7899452020260;85395200;0900500;AVANT;103;7,22;7,55;8,74;21,25;42,34;12;1,65;7,6;8,59;11,25;11,82;4,83;0;0;0;0;0;;8,37;10007;BAZAR;10087;BAZAR DIVERSOS;38;LÂMPADAS E ELÉTRICA;103;0
19499;LAMP AVANT LED BULBO HP-IN-E27 30W MG24;CX;50;7899452023414;85395200;0900500;AVANT;3;12,81;11,34;12,81;21,25;42,34;12;1,65;7,6;16,27;16,54;17,38;4,83;0;0;0;0;0;;12,81;10007;BAZAR;10087;BAZAR DIVERSOS;38;LÂMPADAS E ELÉTRICA;3,4;0
22934;LAMP AVANT LED BULBO IN E27BV BR6500 50W;CX;10;7899452032737;85395200;0900500;AVANT;10;9,32;9,32;10,6;21,25;42,34;12;1,65;7,6;11,83;13,61;14,3;4,83;1;0;0;0;0;;9,95;10007;BAZAR;10087;BAZAR DIVERSOS;38;LÂMPADAS E ELÉTRICA;10;0
16802;LAMP AVANT LED PERA IN BIV PACKC/3UN 7W;CX;20;7899452020239;85395200;0900500;AVANT;8;3,84;3,86;4,4;21,25;42,34;12;1,65;7,6;4,87;5,67;5,96;4,83;0;0;0;0;0;;4,1;10007;BAZAR;10087;BAZAR DIVERSOS;38;LÂMPADAS E ELÉTRICA;8,1;0
15906;LAMP AVANT LEDBULBO HP 6500K BIV E27 75W;UN;1;7898238937938;85395200;0900500;AVANT;120;82,24;82,24;93,5;21,25;42,34;12;1,65;7,6;104,43;120,11;126,21;4,83;0;0;0;0;0;;85;10007;BAZAR;10087;BAZAR DIVERSOS;38;LÂMPADAS E ELÉTRICA;120;0
23371;LAMP FLUOR LUZ DO DIA T-10 20W;CX;25;7898105770446;85395200;0900100;SEM MARCA;9;1,8;1,8;2,08;21,25;42,34;12;1,65;7,6;2,14;2,29;2,41;4,83;0;0;0;0;;;2,08;10007;BAZAR;10087;BAZAR DIVERSOS;38;LÂMPADAS E ELÉTRICA;9;
15253;LAMPADA AVANT BULBO A-55 HALOG -127V 42W;CX;100;7899825509118;85392190;0900100;AVANT;697;0,93;0,84;0,96;21,25;39,92;12;1,65;7,6;1,18;0,79;0,83;4,57;3;2;5;24;0;20;0,93;10007;BAZAR;10087;BAZAR DIVERSOS;38;LÂMPADAS E ELÉTRICA;697,91;0,34444
15254;LAMPADA AVANT BULBO A-55 HALOG -127V 70W;CX;100;7899825509132;85392190;0900100;AVANT;3453;1,07;0,95;1,07;21,25;39,92;12;1,65;7,6;1,35;0,79;0,83;4,57;227;155;208;153;5;6;1,07;10007;BAZAR;10087;BAZAR DIVERSOS;38;LÂMPADAS E ELÉTRICA;3453,03;5,73333
16018;LAMPADA AVANT BULBO A-55 HALOG -220V 42W;CX;100;7899825509125;85392190;0900100;AVANT;5;1,63;1,63;1,84;21,25;39,92;12;1,65;7,6;2,07;2,36;2,47;4,57;0;0;0;0;0;;1,6;10007;BAZAR;10087;BAZAR DIVERSOS;38;LÂMPADAS E ELÉTRICA;5,72;0
16019;LAMPADA AVANT BULBO A-55 HALOG 220V 70W;CX;100;7899825509149;85392190;0900100;AVANT;8;1,85;1,85;2,1;21,25;39,92;12;1,65;7,6;2,35;2,74;2,87;4,57;0;0;0;0;0;;1,89;10007;BAZAR;10087;BAZAR DIVERSOS;38;LÂMPADAS E ELÉTRICA;8;0
15570;LAMPADA AVANT FLUOR COMP 3U 127V 15W;CX;50;7898238930038;85392190;0900100;AVANT;118;5,22;5,22;6,05;21,25;42,34;12;1,65;7,6;6,21;7,84;8,24;4,83;0;0;3;22;0;8;6,05;10007;BAZAR;10087;BAZAR DIVERSOS;38;LÂMPADAS E ELÉTRICA;118,8;0,27778
16812;LAMPADA AVANT LED PE BIVOLT MK1311-E 15W;CX;60;7899452019752;85395200;0900500;AVANT;8;6,51;6,45;7,36;21,25;42,34;12;1,65;7,6;7,74;9,45;9,93;4,83;0;4;4;4;0;1;7,54;10007;BAZAR;10087;BAZAR DIVERSOS;38;LÂMPADAS E ELÉTRICA;8;0,133333333333333
20610;LAMPADA AVANT LED PER NEO AM2700K 10W;UN;1;7899452022332;85395200;0900500;AVANT;39;18,26;18,26;20,77;21,25;42,34;12;1,65;7,6;23,18;26,76;28,12;4,83;0;0;0;0;0;;19,5;10007;BAZAR;10087;BAZAR DIVERSOS;38;LÂMPADAS E ELÉTRICA;39;0
19768;LAMPADA AVANT LED PERA BIV 12W HE1050;CX;60;7899452018656;85395200;0900500;AVANT;6;3,16;3,16;2,3;21,25;42,34;12;1,65;7,6;4,51;3,29;3,46;4,83;0;0;0;0;0;;3,79;10007;BAZAR;10087;BAZAR DIVERSOS;38;LÂMPADAS E ELÉTRICA;6;0
16170;LAMPADA AVANT LED PERA BIV PACKC/3UN 15W;CX;20;7899452020215;85395200;0900500;AVANT;2;7,35;6,74;7,53;21,25;42,34;12;1,65;7,6;6,56;8,22;8,64;4,83;0;0;0;0;0;;8,1;10007;BAZAR;10087;BAZAR DIVERSOS;38;LÂMPADAS E ELÉTRICA;2,25;0
19285;LAMPADA AVANT LED PERA BR6500K 9W HE810;CX;60;7899452018625;85395200;0900500;AVANT;4;2,16;1,91;1,63;21,25;42,34;12;1,65;7,6;2,42;2,33;2,45;4,83;0;0;0;0;0;;2,16;10007;BAZAR;10087;BAZAR DIVERSOS;38;LÂMPADAS E ELÉTRICA;4,71666666666667;0
15247;LAMPADA AVANT LED PERA IN 6500K BIV 12W;CX;60;7899452011268;85395200;0900500;AVANT;2;4,97;4,97;5,76;21,25;42,34;12;1,65;7,6;5,92;7,46;7,84;4,83;0;0;1;0;0;2;5,76;10007;BAZAR;10087;BAZAR DIVERSOS;38;LÂMPADAS E ELÉTRICA;2;0,0111166666666667
15667;LAMPADA AVANT LED PERA IN 6500K BIV 15W;CX;60;7899452011282;85395200;0900500;AVANT;3;5,98;5,98;6,93;21,25;42,34;12;1,65;7,6;7,12;8,97;9,43;4,83;0;0;0;3;0;1;6,93;10007;BAZAR;10087;BAZAR DIVERSOS;38;LÂMPADAS E ELÉTRICA;3;0,0333333333333333
20338;LAMPADA AVANT LED PERA IN BIV HE630 7W;CX;60;7899452018595;85395200;0900500;AVANT;2;1,35;1,35;1,57;21,25;42,34;12;1,65;7,6;1,61;2,07;2,18;4,83;0;0;0;0;0;;1,57;10007;BAZAR;10087;BAZAR DIVERSOS;38;LÂMPADAS E ELÉTRICA;2;0
21625;LAMPADA AVANT LED PERA IN BR6500 15W BIV;CX;60;7899452032133;85395200;0900500;AVANT;2;2,39;2,33;2,7;21,25;42,34;12;1,65;7,6;3,03;3,49;3,67;4,83;0;0;0;1;0;3;2,55;10007;BAZAR;10087;BAZAR DIVERSOS;38;LÂMPADAS E ELÉTRICA;2,03333333333333;0,0111166666666667
16334;LAMPADA AVANT LED RETRO PERA 2200K BI 2W;UN;1;7898238937921;85395200;0900500;AVANT;262;11,39;11,39;13,2;21,25;42,34;12;1,65;7,6;13,55;17,01;17,87;4,83;0;0;0;0;0;;13,2;10007;BAZAR;10087;BAZAR DIVERSOS;38;LÂMPADAS E ELÉTRICA;262;0
16335;LAMPADA AVANT LED RETRO PERA 2200K BI 4W;UN;1;7899825509071;85395200;0900500;AVANT;140;11,39;11,39;13,2;21,25;42,34;12;1,65;7,6;13,55;17,01;17,87;4,83;0;0;0;0;0;;13,2;10007;BAZAR;10087;BAZAR DIVERSOS;38;LÂMPADAS E ELÉTRICA;140;0
17116;LAMPADA AVANT NI PERA ANT INSETO BI 12W;CX;60;7899452022516;85395200;0900500;AVANT;4;11,95;11,95;13,59;21,25;42,34;12;1,65;7,6;15,17;18,72;19,67;4,83;0;0;0;0;0;;12,35;10007;BAZAR;10087;BAZAR DIVERSOS;38;LÂMPADAS E ELÉTRICA;4,83333333333333;0
10337;LASANHA PERDIGAO BOLONHESA 600G;CX;6;7891515496357;19022000;1704800;SADIA;527;7,74;7,84;8,75;12;25,84;12;0;0;9,97;12,15;12,49;2,74;416;832;725;1040;28;3;9,13;6;PERECIVEIS;10050;CONGELADOS;15;REFEIÇÕES CONGELADAS;527;28,8555
24227;LASANHA PERDIGAO MINI BOLONHESA 350G;CX;12;7891515644826;19022000;1704802;PERDIGAO;267;5,03;5,06;5,65;12;25,84;12;0;0;5,65;7,32;7,55;3,01;0;541;0;540;12;1;5,59;6;PERECIVEIS;10050;CONGELADOS;15;REFEIÇÕES CONGELADAS;267;12,0110833333333
8650;LASANHA SADIA BOLONHESA 600G;CX;6;7891515475703;19022000;1704800;SADIA;409;9,08;8,77;9,78;12;25,84;12;0;0;11,47;12,95;13,31;2,74;208;624;416;834;20;3;10,09;6;PERECIVEIS;10050;CONGELADOS;15;REFEIÇÕES CONGELADAS;409;20,8221666666667
8856;LASANHA SADIA CALABRESA 600G;CX;6;7891515476229;19022000;1704800;SADIA;3;9,03;9,03;10,1;12;25,84;12;0;0;11,48;12,95;13,31;2,74;105;2;0;1;0;15;10,66;6;PERECIVEIS;10050;CONGELADOS;15;REFEIÇÕES CONGELADAS;3;0,0333333333333333
3206;LASANHA SADIA MINI 4 QUEIJOS 350G;CX;12;7893000674073;19022000;1704802;SADIA;72;5,03;5,08;5,67;12;25,84;12;0;0;6,45;7,49;7,7;2,74;0;61;180;180;4;1;6,53;6;PERECIVEIS;10050;CONGELADOS;15;REFEIÇÕES CONGELADAS;72;4,67775
23625;LAVA AUTO GRAND PRIX C/ CERA FR 200ML;CX;24;70612001269;34053000;;GRAND PRIX;3;10,12;10,12;12,67;21,25;;12;1,65;7,6;12,85;16,49;16,49;0;0;0;1;0;0;11;12,67;10007;BAZAR;10087;BAZAR DIVERSOS;32;AUTOMOTIVOS;3;0,011125
18121;LAVA LOUCA PO YPE P/ MAQUINA PT 450G;CX;24;7896098902639;34025000;1100400;YPE;2;13,88;13,71;17,04;21,25;13,9;12;1,65;7,6;17,63;20,65;20,99;1,64;0;1;0;0;0;7;16,71;10001;LIMPEZA;10054;CUIDADOS COM A CASA;166;LAVA LOUÇAS E DESENGORDURANTES;2;0,011125
23455;LAVA ROUP LIQ COALA LAUNDRY CHA BCO 3L;CX;4;7897744506003;34025000;1100600;LAUNDRY (COALA);60;16,17;16,19;20,03;21,25;18,8;12;1,65;7,6;21,28;24,44;24,99;2,21;111;31;163;88;3;4;18,75;10001;LIMPEZA;10060;CUIDADOS COM A ROUPA;204;LAVA ROUPAS LÍQUIDO E PÓ;60,5;3,13325
23459;LAVA ROUP LIQ COALA LAUNDRY CHA BCO 5L;CX;3;7897744506010;34025000;1100600;LAUNDRY (COALA);63;22,08;22,08;30;21,25;18,8;12;1,65;7,6;39,26;36,14;36,95;2,21;0;13;0;4;0;111;37,2;10001;LIMPEZA;10060;CUIDADOS COM A ROUPA;204;LAVA ROUPAS LÍQUIDO E PÓ;63;0,189
23456;LAVA ROUP LIQ COALA LAUNDRY ORQ NEGRA 3L;CX;4;7897744506027;34025000;1100600;LAUNDRY (COALA);7;16,17;16,18;20,04;21,25;18,8;12;1,65;7,6;22,32;24,44;24,99;2,21;91;16;120;68;2;0;18,75;10001;LIMPEZA;10060;CUIDADOS COM A ROUPA;204;LAVA ROUPAS LÍQUIDO E PÓ;7,5;2,26675
23460;LAVA ROUP LIQ COALA LAUNDRY ORQ NEGRA 5L;CX;3;7897744506034;34025000;1100600;LAUNDRY (COALA);61;22,08;22,08;30;21,25;18,8;12;1,65;7,6;39,26;36,14;36,95;2,21;0;8;5;5;0;101;37,2;10001;LIMPEZA;10060;CUIDADOS COM A ROUPA;204;LAVA ROUPAS LÍQUIDO E PÓ;61;0,2
24055;LAVA ROUP LIQ COALA LAUNDRY SOL BRASI 3L;CX;4;7896017202437;34025000;1100600;LAUNDRY (COALA);14;17,84;14,24;17,63;21,25;18,8;12;1,65;7,6;22,66;24,44;24,99;2,21;22;141;25;32;2;1;20,63;10001;LIMPEZA;10060;CUIDADOS COM A ROUPA;204;LAVA ROUPAS LÍQUIDO E PÓ;14;2,2
24057;LAVA ROUP LIQ COALA LAUNDRY THE QUEEN 3L;CX;4;7896017202420;34025000;1100600;LAUNDRY (COALA);85;17,84;14,18;17,56;21,25;18,8;12;1,65;7,6;22,66;24,44;24,99;2,21;19;90;33;30;1;12;20,63;10001;LIMPEZA;10060;CUIDADOS COM A ROUPA;204;LAVA ROUPAS LÍQUIDO E PÓ;85;1,7
20843;LAVA ROUP LIQ MON BIJOU MULT GALAO 3L;CX;4;7891022867404;34025000;1100600;MON BIJOU;3;16,95;16,95;21,06;21,25;18,8;12;1,65;7,6;21,52;25,42;25,99;2,21;0;5;32;19;0;1;20,39;10001;LIMPEZA;10060;CUIDADOS COM A ROUPA;204;LAVA ROUPAS LÍQUIDO E PÓ;3,5;0,62225
24066;LAVA ROUP LIQ MON BIJOU MULT LAVANDA 3L;CX;4;7891022867817;34025000;1100600;MON BIJOU;3;16,95;16,95;21,06;21,25;18,8;12;1,65;7,6;21,52;25,42;25,99;2,21;0;5;34;18;0;1;20,39;10001;LIMPEZA;10060;CUIDADOS COM A ROUPA;204;LAVA ROUPAS LÍQUIDO E PÓ;3;0,63325
20842;LAVA ROUP LIQ MON BIJOU MULT SH 900ML;CX;12;7891022867428;34025000;1100600;MON BIJOU;24;5,8;5,8;7,21;21,25;18,8;12;1,65;7,6;7,37;8,6;8,79;2,21;4;58;0;26;0;2;6,98;10001;LIMPEZA;10060;CUIDADOS COM A ROUPA;204;LAVA ROUPAS LÍQUIDO E PÓ;24,75;0,933333333333333
21098;LAVA ROUP LIQ MON BIJOU MULT VERDE 3L;CX;4;7891022867435;34025000;1100600;MON BIJOU;3;16,95;16,95;21,06;21,25;18,8;12;1,65;7,6;22,05;25,42;25,99;2,21;2;5;29;0;0;1;20,39;10001;LIMPEZA;10060;CUIDADOS COM A ROUPA;204;LAVA ROUPAS LÍQUIDO E PÓ;3;0,37775
22999;LAVA ROUP LIQ SEMORIN COCO 500ML;CX;12;7898917072769;34025000;1100600;SEMORIN;9;4,88;4,88;6,07;21,25;18,8;12;1,65;7,6;6,2;7,03;7,19;2,21;0;0;0;0;0;;5,87;10001;LIMPEZA;10060;CUIDADOS COM A ROUPA;204;LAVA ROUPAS LÍQUIDO E PÓ;9;0
22975;LAVA ROUP LIQ SEMORIN MIMO BABY 500ML;CX;12;7898917072783;34025000;1100600;SEMORIN;4;5,35;5,35;6,64;21,25;18,8;12;1,65;7,6;6,79;7,62;7,79;2,21;0;0;0;6;0;5;6,43;10001;LIMPEZA;10060;CUIDADOS COM A ROUPA;204;LAVA ROUPAS LÍQUIDO E PÓ;4;0,0666666666666667
22972;LAVA ROUP LIQ SEMORIN PRETAS E ESC 500ML;CX;12;7898917072752;34025000;1100600;SEMORIN;5;6,57;6,47;8,04;21,25;18,8;12;1,65;7,6;8,35;9,28;9,49;2,21;0;0;8;1;0;4;7,91;10001;LIMPEZA;10060;CUIDADOS COM A ROUPA;204;LAVA ROUPAS LÍQUIDO E PÓ;5;0,1
22406;LAVA ROUPAS LIQ BIG SOFT AZUL 3LT;CX;8;7896491800655;34023100;1100700;BIG SOFT;8;9,47;9,47;10,43;21,25;19,86;12;1,65;7,6;12,76;12,59;12,89;2,33;0;6;13;2;0;4;10,43;10001;LIMPEZA;10060;CUIDADOS COM A ROUPA;204;LAVA ROUPAS LÍQUIDO E PÓ;8,875;0,233375
20443;LEITE COCO COPRA 9% PET 1L;CX;6;7898596082394;20098990;1701000;COPRA;20;5,45;5,45;6,82;21,25;;12;1,65;7,6;6,92;8,49;8,49;0;0;0;0;60;0;5;6,82;2;MERCEARIA DOCE;204;DOCES E SOBREMESAS;1;CONFEITARIA;20;0,666666666666667
20446;LEITE COCO COPRA 9% VD 500ML;FD;12;7898905356154;20098990;;COPRA;20;3,95;3,95;4,95;21,25;;12;1,65;7,6;5,02;5,94;5,94;0;0;0;0;30;0;5;4,95;2;MERCEARIA DOCE;204;DOCES E SOBREMESAS;1;CONFEITARIA;20;0,333333333333333
20448;LEITE COCO COPRA LIGHT VD 500ML;FD;12;7898596081670;20098990;;COPRA;10;3,95;3,95;4,95;21,25;;12;1,65;7,6;5,02;6,19;6,19;0;0;0;0;0;0;;4,95;2;MERCEARIA DOCE;204;DOCES E SOBREMESAS;1;CONFEITARIA;10;0
12996;LEITE COCO MAIS COCO VD 200ML;CX;24;7896004400297;20098990;1701000;MAIS COCO (SOCOCO);214;2,37;2,37;2,97;21,25;;12;1,65;7,6;3,01;3,69;3,69;0;7;6;7;35;0;16;2,97;2;MERCEARIA DOCE;204;DOCES E SOBREMESAS;1;CONFEITARIA;214;0,533333333333333
23376;LEITE COCO MAIS COCO VD 500ML;CX;12;7896004401140;20098990;;MAIS COCO (SOCOCO);31;5,92;5,92;7,41;21,25;;12;1,65;7,6;7,51;9,19;9,19;0;0;3;9;9;0;11;7,41;2;MERCEARIA DOCE;204;DOCES E SOBREMESAS;1;CONFEITARIA;31;0,233333333333333
925;LEITE COCO MENINA VD 200ML;CX;24;7896028014494;20098990;;MENINA;374;1,82;2,04;2,55;21,25;;12;1,65;7,6;2,65;3,2;3,2;0;21;281;352;295;10;1;2,61;2;MERCEARIA DOCE;204;DOCES E SOBREMESAS;1;CONFEITARIA;374,041666666667;10,3208333333333
927;LEITE COCO MENINA VD 500ML;CX;12;7896028014487;20098990;;MENINA;198;5,03;4,92;5,91;21,25;;12;1,65;7,6;6,08;7,39;7,39;0;15;137;316;2;5;3;5,83;2;MERCEARIA DOCE;204;DOCES E SOBREMESAS;1;CONFEITARIA;198,25;5,07316666666667
11;LEITE COCO NORDESTE VD 200ML;CX;24;7898370100320;20098990;;NORDESTE;221;2,11;2,11;2,64;21,25;;12;1,65;7,6;2,68;3,28;3,28;0;9;146;49;176;4;2;2,64;2;MERCEARIA DOCE;204;DOCES E SOBREMESAS;1;CONFEITARIA;221;4,12220833333333
12;LEITE COCO NORDESTE VD 500ML;CX;12;7898370100337;20098990;;NORDESTE;264;5,03;5,03;6,3;21,25;;12;1,65;7,6;6,39;7,8;7,8;0;8;126;8;141;3;7;6,3;2;MERCEARIA DOCE;204;DOCES E SOBREMESAS;1;CONFEITARIA;264;3,06575
5759;LEITE COCO SOCOCO LIGHT VD 200ML;CX;24;7896004400136;20098990;1701000;SOCOCO;4;4,19;4,19;5,25;21,25;;12;1,65;7,6;5,32;6,99;6,99;0;4;33;29;28;1;0;5,25;2;MERCEARIA DOCE;204;DOCES E SOBREMESAS;1;CONFEITARIA;4;1
5761;LEITE COCO SOCOCO RTC VD 200ML;CX;24;7896004400686;20098990;;SOCOCO;223;3,25;3,15;3,94;21,25;;12;1,65;7,6;3,99;5,19;5,19;0;21;83;117;98;3;2;3,94;2;MERCEARIA DOCE;204;DOCES E SOBREMESAS;1;CONFEITARIA;223,791666666667;3,33241666666667
5760;LEITE COCO SOCOCO RTC VD 500ML;CX;12;7896004400693;20098990;;SOCOCO;91;9,14;8,72;10,92;21,25;;12;1,65;7,6;8,58;12,99;12,99;0;0;10;20;24;0;12;11,45;2;MERCEARIA DOCE;204;DOCES E SOBREMESAS;1;CONFEITARIA;91;0,6
5763;LEITE COCO SOCOCO TRAD VD 200ML;CX;24;7896004400075;20098990;;SOCOCO;318;3,75;3,63;4,54;21,25;;12;1,65;7,6;4,76;5,99;5,99;0;46;134;116;283;5;2;4,54;2;MERCEARIA DOCE;204;DOCES E SOBREMESAS;1;CONFEITARIA;318,208333333333;5,93054166666667
5762;LEITE COCO SOCOCO TRAD VD 500ML;CX;12;7896004400082;20098990;;SOCOCO;175;8,74;9,44;11,82;21,25;;12;1,65;7,6;11,1;14,99;14,99;0;7;46;91;111;2;5;10,95;2;MERCEARIA DOCE;204;DOCES E SOBREMESAS;1;CONFEITARIA;175;2,75558333333333
14589;LEITE COCO YUKA PET 200ML;CX;24;7898486680488;20098990;;YUKA;37;1,08;1,08;1,31;21,25;;12;1,65;7,6;1,17;1,75;1,75;0;46;434;451;598;16;0;1,31;2;MERCEARIA DOCE;204;DOCES E SOBREMESAS;1;CONFEITARIA;37;16,4777916666667
14590;LEITE COCO YUKA PET 500ML;CX;12;7898486680495;20098990;;YUKA;362;2,17;2,17;2,63;21,25;;12;1,65;7,6;1,69;3,29;3,29;0;53;348;409;516;14;2;2,63;2;MERCEARIA DOCE;204;DOCES E SOBREMESAS;1;CONFEITARIA;362;14,1444166666667
21229;LEITE COND ITALAC INTEGRAL TP 395G;CX;27;7898080642646;04029900;1702000;ITALAC;483;3,71;3,71;4,65;21,25;;12;1,65;7,6;4,01;5,39;5,39;0;29;422;213;110;8;2;4,65;10006;ALTO GIRO;10083;LEITE CONDENSADO;14;TETRA PAK;483,962962962963;8,28640740740741
1226;LEITE COND ITALAC SEMI TP 395G;CX;27;7898080640413;04029900;1702000;ITALAC;1722;3,47;3,51;4,4;21,25;;12;1,65;7,6;4,58;4,99;4,99;0;655;5837;5757;7032;206;0;4,35;10006;ALTO GIRO;10083;LEITE CONDENSADO;14;TETRA PAK;1722,25925925926;206,974481481481
2054;LEITE COND MOCA LT 395G;CX;48;7891000100103;04029900;1702000;NESTLE;225;4,99;4,99;6,25;21,25;;12;1,65;7,6;6,7;7,19;7,19;0;33;357;0;0;3;1;6,25;10006;ALTO GIRO;10083;LEITE CONDENSADO;12;LATA;225;3,96666666666667
16145;LEITE LV ITALAC EDG INTEGRAL C/TAMP 1L;CX;12;7898080640611;04012010;1701600;ITALAC;111;3,96;3,96;4,5;12;;12;0;0;4,27;5,19;5,19;0;393;2005;936;26;32;0;4,5;10006;ALTO GIRO;703;LEITE UHT;19;INTEGRAL;111,25;32,97225
16252;LEITE LV ITALAC SEMIDESNATADO C/TAMP 1L;CX;12;7898080640628;04012010;1701600;ITALAC;3;3,96;3,95;4,48;12;;12;0;0;4,08;4,99;4,99;0;0;85;0;1;0;0;4,5;10006;ALTO GIRO;703;LEITE UHT;20;MAGRO;3,5;0,955583333333333
2062;LEITE PO MOLICO DESN LT 280G;CX;24;7891000101506;04022120;1701200;MOLICO;3;11,26;11,27;12,8;12;;12;0;0;12,8;14,99;14,99;0;1;220;358;29;6;0;12,8;10006;ALTO GIRO;10084;LEITE EM PÓ;17;MAGRO;3,33333333333333;6,76529166666667
24371;LEITE PO MOLICO DESN PACK PR15%DSC 280G;CX;24;7891000475706;04022120;1701200;MOLICO;151;12,15;12,25;12,96;12;;12;0;0;13,01;14,99;14,99;0;37;98;71;384;6;1;12,85;10006;ALTO GIRO;10084;LEITE EM PÓ;17;MAGRO;151,958333333333;6,15554166666667
22004;LEITE PO NINHO INTEGRAL INST SACH 350G;CX;12;7891000395905;04022110;1701200;NESTLE;1059;11,86;11,86;12,59;12;;12;0;0;13,47;14,99;14,99;0;224;1129;1013;1753;43;2;13,31;10006;ALTO GIRO;10084;LEITE EM PÓ;16;INTEGRAL;1059,25;43,2944166666667
22198;LEITE PO NINHO INTEGRAL SH 350G;CX;12;7891000396599;04022110;1701200;NESTLE;574;11,86;11,86;12,59;12;;12;0;0;11,44;14,99;14,99;0;230;865;776;994;29;1;13,33;10006;ALTO GIRO;10084;LEITE EM PÓ;16;INTEGRAL;574;29,27775
20943;LENCOS DE PAPEL FD KLEENEX LV60 PG50 60F;FD;50;7891172172106;48182000;2004400;KLEENEX;28;2,07;2,07;2,57;21,25;44,73;12;1,65;7,6;2,63;3,23;3,4;5,09;0;144;102;56;3;0;2,49;10008;FORNECEDORES ESPECIAIS;10100;SUZANO;5;LENÇOS DE PAPEL;28,98;3,35556
24226;LENCOS UMED NEVE LV4 PG3 C/48;CX;6;7891172523915;34011190;2003401;NEVE;87;22,14;22,14;25,16;12;36,42;12;0;0;25,16;31,61;32,99;4,19;0;312;3;0;3;4;25,16;10008;FORNECEDORES ESPECIAIS;10100;SUZANO;6;LENCOS UMEDECIDOS;87;3,5
23591;LENCOS UMED NEVE WIPES ON THE GO 16UN;CX;24;7891172523816;34011190;2003401;NEVE;163;3,54;3,5;3,98;12;36,42;12;0;0;3,51;5,47;5,71;4,19;0;0;105;102;2;2;4,02;10008;FORNECEDORES ESPECIAIS;10100;SUZANO;6;LENCOS UMEDECIDOS;163;2,3
17586;LICOR JIM BEAM HONEY 1L;CX;12;80686006077;22087000;0201000;JIM BEAM;34;60,88;60,88;68,26;36,25;;27;1,65;7,6;95,49;82,46;82,46;0;0;0;0;0;0;;55,72;10005;BEBIDAS;10065;DESTILADOS;6;LICOR;34,9166666666667;0
517;LIMP CASA & PERF AGRADABLE 1L;CX;12;7896040703727;34025000;1100700;CASA & PERFUME;119;5,07;5,03;6,35;21,25;19,86;12;1,65;7,6;6,56;7,81;8;2,33;14;42;56;173;3;3;6,59;10001;LIMPEZA;10054;CUIDADOS COM A CASA;167;LIMPADORES ESPECÍFICOS (PISO/VIDRO);119;3,01108333333333
5015;LIMP CASA & PERF AGRADABLE 2L;CX;6;7896040706001;34025000;1100700;CASA & PERFUME;55;8,87;8,82;11,13;21,25;19,86;12;1,65;7,6;11,51;13,66;13,99;2,33;2;5;7;28;0;20;11,56;10001;LIMPEZA;10054;CUIDADOS COM A CASA;167;LIMPADORES ESPECÍFICOS (PISO/VIDRO);55;0,4445
523;LIMP CASA & PERF AGRADABLE 500ML;CX;12;7896040704625;34025000;1100700;CASA & PERFUME;196;2,64;2,64;3,32;21,25;19,86;12;1,65;7,6;3,57;4,19;4,29;2,33;75;142;217;186;6;2;3,38;10001;LIMPEZA;10054;CUIDADOS COM A CASA;167;LIMPADORES ESPECÍFICOS (PISO/VIDRO);196;6,05558333333333
519;LIMP CASA & PERF AMABLE 1L;CX;12;7896040701402;34025000;1100700;CASA & PERFUME;32;5,07;5,07;6,4;21,25;19,86;12;1,65;7,6;6,56;7,81;8;2,33;21;49;44;100;2;1;6,59;10001;LIMPEZA;10054;CUIDADOS COM A CASA;167;LIMPADORES ESPECÍFICOS (PISO/VIDRO);32,25;2,14441666666667
526;LIMP CASA & PERF AMABLE 500ML;CX;12;7896040704656;34025000;1100700;CASA & PERFUME;2;2,76;2,75;3,47;21,25;19,86;12;1,65;7,6;3,57;4,19;4,29;2,33;16;106;101;160;4;0;3,59;10001;LIMPEZA;10054;CUIDADOS COM A CASA;167;LIMPADORES ESPECÍFICOS (PISO/VIDRO);2;4,07775
518;LIMP CASA & PERF BELA FLORE 1L;CX;12;7896040703734;34025000;1100700;CASA & PERFUME;51;5,07;5,02;6,34;21,25;19,86;12;1,65;7,6;6,56;7,81;8;2,33;11;27;31;91;1;2;6,59;10001;LIMPEZA;10054;CUIDADOS COM A CASA;167;LIMPADORES ESPECÍFICOS (PISO/VIDRO);51,9166666666667;1,65558333333333
524;LIMP CASA & PERF BELA FLORE 500ML;CX;12;7896040704632;34025000;1100700;CASA & PERFUME;2;2,76;2,68;3,38;21,25;19,86;12;1,65;7,6;3,57;4,19;4,29;2,33;35;117;124;145;4;0;3,59;10001;LIMPEZA;10054;CUIDADOS COM A CASA;167;LIMPADORES ESPECÍFICOS (PISO/VIDRO);2;4,28891666666667
2355;LIMP CASA & PERF INTUIZONE NEW 1L;CX;12;7896040705967;34025000;1100700;CASA & PERFUME;20;5,07;5,05;6,37;21,25;19,86;12;1,65;7,6;6,56;7,81;8;2,33;17;35;32;40;1;1;6,59;10001;LIMPEZA;10054;CUIDADOS COM A CASA;167;LIMPADORES ESPECÍFICOS (PISO/VIDRO);20,75;1,18891666666667
8263;LIMP CASA & PERF MISTERO DI AMORE 1L;CX;12;7896040706254;34025000;1100700;CASA & PERFUME;27;5,07;5,01;6,32;21,25;19,86;12;1,65;7,6;6,56;7,81;8;2,33;12;37;51;69;1;1;6,59;10001;LIMPEZA;10054;CUIDADOS COM A CASA;167;LIMPADORES ESPECÍFICOS (PISO/VIDRO);27,8333333333333;1,74441666666667
24010;LIMP CASA & PERF MISTERO DO JARDIM 500ML;CX;12;7896040709828;34025000;1100700;CASA & PERFUME;5;1,9;1,9;2,39;21,25;19,86;12;1,65;7,6;2,11;2,92;2,99;2,33;7;18;28;4;0;0;2,48;10001;LIMPEZA;10054;CUIDADOS COM A CASA;167;LIMPADORES ESPECÍFICOS (PISO/VIDRO);5;0,555583333333333
1388;LIMP CASA & PERF PASSIONE 1L;CX;12;7896040706162;34025000;1100700;CASA & PERFUME;2;4,85;4,85;6,1;21,25;19,86;12;1,65;7,6;6,56;7,81;8;2,33;6;16;32;41;0;0;6,22;10001;LIMPEZA;10054;CUIDADOS COM A CASA;167;LIMPADORES ESPECÍFICOS (PISO/VIDRO);2,75;0,988916666666667
1389;LIMP CASA & PERF PASSIONE 500ML;CX;12;7896040706155;34025000;1100700;CASA & PERFUME;25;2,76;2,74;3,46;21,25;19,86;12;1,65;7,6;3,57;4,19;4,29;2,33;1;113;107;93;3;0;3,59;10001;LIMPEZA;10054;CUIDADOS COM A CASA;167;LIMPADORES ESPECÍFICOS (PISO/VIDRO);25,1666666666667;3,47775
521;LIMP CASA & PERF SENSAZIONE 1L;CX;12;7896040705295;34025000;1100700;CASA & PERFUME;27;5,07;4,96;6,25;21,25;19,86;12;1,65;7,6;6,56;7,81;8;2,33;10;27;32;40;1;2;6,59;10001;LIMPEZA;10054;CUIDADOS COM A CASA;167;LIMPADORES ESPECÍFICOS (PISO/VIDRO);27,6666666666667;1,1
515;LIMP CASA & PERF SENSUALIDAD 1L;CX;12;7896040703710;34025000;1100700;CASA & PERFUME;21;5,07;5,07;6,39;21,25;19,86;12;1,65;7,6;6,56;7,81;8;2,33;21;112;45;127;3;0;6,59;10001;LIMPEZA;10054;CUIDADOS COM A CASA;167;LIMPADORES ESPECÍFICOS (PISO/VIDRO);21,6666666666667;3,15558333333333
522;LIMP CASA & PERF SENSUALIDAD 500ML;CX;12;7896040704618;34025000;1100700;CASA & PERFUME;106;2,76;2,69;3,39;21,25;19,86;12;1,65;7,6;3,57;4,19;4,29;2,33;12;179;207;239;6;1;3,59;10001;LIMPEZA;10054;CUIDADOS COM A CASA;167;LIMPADORES ESPECÍFICOS (PISO/VIDRO);106,916666666667;6,94441666666667
24535;LIMP CIF BANHEIRO S/CLORO GAT 500ML;CX;12;7891150038585;34025000;1100700;CIF;6;10,19;10,19;12,76;21,25;19,86;12;1,65;7,6;0;15,62;15,99;2,33;2;4;5;0;0;5;12,76;10008;FORNECEDORES ESPECIAIS;10101;UNILEVER;7;LIMPADORES ESPECÍFICOS (PISO/VIDRO);6;0,1
7633;LIMP CIF CREM LIMP PROF LIMAO 250ML;CX;12;7891150022003;34054000;;CIF;22;5,96;5,96;7,46;21,25;;12;1,65;7,6;0;9,49;9,49;0;18;37;17;0;0;3;7,46;10008;FORNECEDORES ESPECIAIS;10101;UNILEVER;7;LIMPADORES ESPECÍFICOS (PISO/VIDRO);22;0,6
24672;LIMP CIF CREM M USO MI ROSA E JASM 450ML;CX;12;7891150108196;34054000;;CIF;22;8,87;8,87;11,1;21,25;;12;1,65;7,6;0;13,99;13,99;0;0;3;0;0;0;55;11,1;10008;FORNECEDORES ESPECIAIS;10101;UNILEVER;7;LIMPADORES ESPECÍFICOS (PISO/VIDRO);22;0,0333333333333333
24673;LIMP CIF CREM M USO ORIG PROMO 250ML;CX;12;7891150090804;34054000;;CIF;157;4,77;4,77;5,97;21,25;;12;1,65;7,6;0;7,79;7,79;0;24;10;0;0;0;117;5,97;10008;FORNECEDORES ESPECIAIS;10101;UNILEVER;7;LIMPADORES ESPECÍFICOS (PISO/VIDRO);157;0,111083333333333
7632;LIMP CIF CREMOSO LP 500ML LARA SAPONACEO;CX;12;7891150034365;34054000;;CIF;25;8,87;8,87;11,1;21,25;;12;1,65;7,6;0;13,99;13,99;0;0;0;0;0;0;;11,1;10008;FORNECEDORES ESPECIAIS;10101;UNILEVER;7;LIMPADORES ESPECÍFICOS (PISO/VIDRO);25;0
24537;LIMP CIF DESENG DERRETE GORDUR REF 450ML;CX;15;7891150090750;34025000;1100700;CIF;10;5,28;5,28;6,61;21,25;19,86;12;1,65;7,6;0;8,29;8,49;2,33;8;6;6;0;0;5;6,61;10008;FORNECEDORES ESPECIAIS;10101;UNILEVER;7;LIMPADORES ESPECÍFICOS (PISO/VIDRO);10;0,133333333333333
24555;LIMP CIF ESPUMA MIL EXTER LIMO GAT 500ML;CX;12;7891150104129;38089419;;CIF;6;10,29;10,29;12,89;21,25;;12;1,65;7,6;13,07;16,79;16,79;0;0;6;5;0;0;4;12,89;10008;FORNECEDORES ESPECIAIS;10101;UNILEVER;7;LIMPADORES ESPECÍFICOS (PISO/VIDRO);6;0,12225
24554;LIMP CIF ESPUMA MIL EXTER LIMO REF 450ML;CX;15;7891150104167;38089419;;CIF;18;5,42;5,42;6,78;21,25;;12;1,65;7,6;6,88;8,99;8,99;0;2;5;5;0;0;10;6,78;10008;FORNECEDORES ESPECIAIS;10101;UNILEVER;7;LIMPADORES ESPECÍFICOS (PISO/VIDRO);18;0,111133333333333
24539;LIMP CIF VIDROS GAT 500ML;CX;12;7891150025356;34025000;1100700;CIF;15;8,62;8,62;10,79;21,25;19,86;12;1,65;7,6;0;13,18;13,49;2,33;1;9;7;0;0;7;10,79;10008;FORNECEDORES ESPECIAIS;10101;UNILEVER;7;LIMPADORES ESPECÍFICOS (PISO/VIDRO);15;0,17775
7932;LIMP CIF VIDROS ULTRA RAPIDO REF 450ML;CX;15;7891150038547;34025000;1100700;CIF;2;5,2;5,2;6,51;21,25;19,86;12;1,65;7,6;3,54;8,29;8,49;2,33;0;13;0;0;0;0;6,51;10001;LIMPEZA;10054;CUIDADOS COM A CASA;167;LIMPADORES ESPECÍFICOS (PISO/VIDRO);2;0,144466666666667
22445;LIMP COPERALCOOL BACFREE ENERG CAM 500ML;CX;12;7896090707843;34029090;1100700;COPERALCOOL;18;6,75;6,75;8,36;21,25;19,86;12;1,65;7,6;8,57;10,05;10,29;2,33;0;0;2;0;0;67;7,81;10001;LIMPEZA;10054;CUIDADOS COM A CASA;167;LIMPADORES ESPECÍFICOS (PISO/VIDRO);18;0,02225
24343;LIMP COPERALCOOL BACFREE FRESC AGU 500ML;CX;12;7896090707874;34029090;1100700;COPERALCOOL;29;7,09;7,09;8,77;21,25;19,86;12;1,65;7,6;9,01;10,59;10,84;2,33;0;30;1;0;0;7;8,05;10001;LIMPEZA;10054;CUIDADOS COM A CASA;167;LIMPADORES ESPECÍFICOS (PISO/VIDRO);29;0,344416666666667
22444;LIMP COPERALCOOL BACFREE REFUG MEN 500ML;CX;12;7896090707836;34029090;1100700;COPERALCOOL;6;5,33;5,33;6,62;21,25;19,86;12;1,65;7,6;6,51;10,05;10,29;2,33;0;3;0;0;0;15;;10001;LIMPEZA;10054;CUIDADOS COM A CASA;167;LIMPADORES ESPECÍFICOS (PISO/VIDRO);6;0,0333333333333333
6046;LIMP HARPIC SANIT POWER PLUS 500ML;CX;12;7891035128103;34025000;1100700;HARPIC;5;6,82;6,82;7,9;21,25;19,86;12;1,65;7,6;10,61;10,39;10,39;0;0;73;0;0;0;0;7,9;10001;LIMPEZA;10054;CUIDADOS COM A CASA;163;ÁGUA SANITÁRIA E CLORO;5;0,811083333333333
16440;LIMP KOKINOS M USO CAMPESTRE 500ML;CX;24;7898247610129;34023100;1100700;KOKINOS;2;1,36;1,34;1,82;21,25;19,86;12;1,65;7,6;1,73;2,22;2,27;2,33;0;0;0;0;0;;1,88;10001;LIMPEZA;10054;CUIDADOS COM A CASA;167;LIMPADORES ESPECÍFICOS (PISO/VIDRO);2;0
12719;LIMP LIMPOL COZ DESENG GAT 500ML;CX;12;7891022860740;34025000;1100700;LIMPOL;18;8,37;8,36;10,39;21,25;19,86;12;1,65;7,6;10,62;12,21;12,5;2,33;1;1;10;0;0;12;10,07;10001;LIMPEZA;10054;CUIDADOS COM A CASA;167;LIMPADORES ESPECÍFICOS (PISO/VIDRO);18;0,12225
12718;LIMP LIMPOL COZ DESENG SQZ 500ML;CX;12;7891022860733;34025000;1100700;LIMPOL;1;4,18;4,17;5,19;21,25;19,86;12;1,65;7,6;5,31;6,05;6,19;2,33;0;12;10;0;0;0;5,03;10001;LIMPEZA;10054;CUIDADOS COM A CASA;167;LIMPADORES ESPECÍFICOS (PISO/VIDRO);1,66666666666667;0,244416666666667
14534;LIMP LIMPOL M USO C/ALCOOL 500ML;CX;12;7891022860627;34025000;1100700;LIMPOL;2;1,98;1,89;2,5;21,25;19,86;12;1,65;7,6;3,28;2,92;2,99;2,33;0;1;0;0;0;15;3,11;10001;LIMPEZA;10054;CUIDADOS COM A CASA;167;LIMPADORES ESPECÍFICOS (PISO/VIDRO);2;0,0110833333333333
11847;LIMP LIMPOL M USO CLASSICO 500ML;CX;12;7891022860580;34025000;1100700;LIMPOL;18;1,9;1,85;2,5;21,25;19,86;12;1,65;7,6;3,43;2,92;2,99;2,33;3;19;1;3;0;5;3,25;10001;LIMPEZA;10054;CUIDADOS COM A CASA;167;LIMPADORES ESPECÍFICOS (PISO/VIDRO);18,3333333333333;0,255583333333333
11848;LIMP LIMPOL M USO FLORAL 500ML;CX;12;7891022860610;34025000;1100700;LIMPOL;4;1,97;1,87;2,5;21,25;19,86;12;1,65;7,6;3,43;2,92;2,99;2,33;0;21;1;1;0;1;3,25;10001;LIMPEZA;10054;CUIDADOS COM A CASA;167;LIMPADORES ESPECÍFICOS (PISO/VIDRO);4;0,255583333333333
13415;LIMP LIMPOL M USO LAVANDA 500ML;CX;12;7891022860504;34025000;1100700;LIMPOL;17;1,98;1,87;2,5;21,25;19,86;12;1,65;7,6;3,43;2,92;2,99;2,33;4;17;0;1;0;7;3,25;10001;LIMPEZA;10054;CUIDADOS COM A CASA;167;LIMPADORES ESPECÍFICOS (PISO/VIDRO);17;0,2
11849;LIMP LIMPOL M USO LIMAO 500ML;CX;12;7891022860597;34025000;1100700;LIMPOL;16;2,03;1,88;2,5;21,25;19,86;12;1,65;7,6;3,43;2,92;2,99;2,33;4;10;0;0;0;12;3,25;10001;LIMPEZA;10054;CUIDADOS COM A CASA;167;LIMPADORES ESPECÍFICOS (PISO/VIDRO);16,75;0,111083333333333
22620;LIMP LIMPOL PERF VERDE JARDIN 500ML;CX;12;7891022860863;34025000;1100700;LIMPOL;1;2,12;2,12;2,63;21,25;19,86;12;1,65;7,6;2,69;3,12;3,19;2,33;0;0;34;18;0;0;2,55;10001;LIMPEZA;10054;CUIDADOS COM A CASA;167;LIMPADORES ESPECÍFICOS (PISO/VIDRO);1,66666666666667;0,57775
15704;LIMP VEJA BAN BACT S/CL 20% SQZ 500ML;CX;24;7891035000065;34025000;1100700;VEJA;5;8,26;8,26;9;21,25;19,86;12;1,65;7,6;9,24;11,23;11,5;2,33;0;13;0;0;0;1;9;10001;LIMPEZA;10054;CUIDADOS COM A CASA;167;LIMPADORES ESPECÍFICOS (PISO/VIDRO);5;0,144458333333333
13446;LIMP VEJA BAN X14 LIM C/AT 20% SQZ 500ML;CX;24;7891035800238;34025000;1100700;VEJA;14;8,26;8,26;9;21,25;19,86;12;1,65;7,6;9,24;11,22;11,49;2,33;1;33;0;5;0;1;9;10001;LIMPEZA;10054;CUIDADOS COM A CASA;167;LIMPADORES ESPECÍFICOS (PISO/VIDRO);14,0416666666667;0,422208333333333
19320;LIMP VEJA BANH ANTIBAC LAV 20% SQZ 500ML;CX;24;7891035001413;34025000;1100700;VEJA;4;8,26;8,26;9;21,25;19,86;12;1,65;7,6;9,24;11,23;11,5;2,33;0;21;0;0;0;0;9;10001;LIMPEZA;10054;CUIDADOS COM A CASA;167;LIMPADORES ESPECÍFICOS (PISO/VIDRO);4;0,233333333333333
17658;LIMP VEJA COZ DES LAVANDA 20% SQZ 500ML;CX;24;7891035001741;34025000;1100700;VEJA;2;7,8;7,8;8,5;21,25;19,86;12;1,65;7,6;8,73;10,65;10,9;2,33;0;64;0;0;0;0;8,5;10001;LIMPEZA;10054;CUIDADOS COM A CASA;167;LIMPADORES ESPECÍFICOS (PISO/VIDRO);2;0,711125
6510;LIMP VEJA GOLD M USO TRAD PR 10% 500ML;CX;24;7891035800214;34025000;1100700;VEJA;439;2,84;2,71;2,95;21,25;19,86;12;1,65;7,6;3,18;3,7;3,79;2,33;107;1422;541;3040;55;0;3,1;10001;LIMPEZA;10054;CUIDADOS COM A CASA;167;LIMPADORES ESPECÍFICOS (PISO/VIDRO);439,041666666667;55,594
24631;LIMP VEJA LP POWER FUS CLORO EUC 950ML;CX;12;7891035002571;34025000;1100700;VEJA;27;11,74;11,79;13,6;21,25;19,86;12;1,65;7,6;13,96;16,99;17,39;2,33;0;48;0;0;0;4;13,6;10001;LIMPEZA;10054;CUIDADOS COM A CASA;167;LIMPADORES ESPECÍFICOS (PISO/VIDRO);27;0,533333333333333
11525;LIMP VEJA M USO CAMPESTRE 10% 500ML;CX;24;7891035285158;34025000;1100700;VEJA;37;2,83;2,82;3,08;21,25;19,86;12;1,65;7,6;3,16;3,9;3,99;2,33;7;367;154;176;7;0;3,08;10001;LIMPEZA;10054;CUIDADOS COM A CASA;167;LIMPADORES ESPECÍFICOS (PISO/VIDRO);37,0833333333333;7,75508333333333
11573;LIMP VEJA M USO FLORAL 10% 500ML;CX;24;7891035285165;34025000;1100700;VEJA;76;2,83;2,82;3,07;21,25;19,86;12;1,65;7,6;3,16;3,9;3,99;2,33;3;314;74;131;5;0;3,08;10001;LIMPEZA;10054;CUIDADOS COM A CASA;167;LIMPADORES ESPECÍFICOS (PISO/VIDRO);76,125;5,76666666666667
23924;LIMP VEJA M USO GOLD ORIG LV+PG- 750ML;CX;12;7891035216206;34025000;1100700;VEJA;2335;2,76;2,9;3,28;21,25;19,86;12;1,65;7,6;3,29;3,99;4,09;2,33;4037;3236;0;4328;84;2;3,2;10001;LIMPEZA;10054;CUIDADOS COM A CASA;167;LIMPADORES ESPECÍFICOS (PISO/VIDRO);2335,33333333333;84,0481666666667
2086;LIMP VEJA M USO LAV/ALC 500ML;CX;24;7891035210334;34025000;1100700;VEJA;2;3,19;3,19;3,7;21,25;19,86;12;1,65;7,6;3,8;4,48;4,59;2,33;87;1;0;0;0;7;3,7;10001;LIMPEZA;10054;CUIDADOS COM A CASA;167;LIMPADORES ESPECÍFICOS (PISO/VIDRO);2;0,011125
11572;LIMP VEJA M USO LAV/ALCOOL 10% 500ML;CX;24;7891035285172;34025000;1100700;VEJA;44;2,83;2,83;3,08;21,25;19,86;12;1,65;7,6;3,16;3,9;3,99;2,33;4;300;81;66;4;0;3,08;10001;LIMPEZA;10054;CUIDADOS COM A CASA;167;LIMPADORES ESPECÍFICOS (PISO/VIDRO);44,3333333333333;4,96666666666667
23124;LIMP VEJA M USO ORIG GOLD PACK 4UN 500ML;CX;6;7891035000539;34025000;1100700;VEJA;6;10,46;10,26;11,2;21,25;19,86;12;1,65;7,6;14,74;11,79;11,79;0;0;5;0;24;0;3;11,4;10001;LIMPEZA;10054;CUIDADOS COM A CASA;167;LIMPADORES ESPECÍFICOS (PISO/VIDRO);6,66666666666667;0,322166666666667
24664;LIMP VEJA PERF BANHO DE CHEIRO 2L;CX;6;7891035002618;34025000;1100700;VEJA;8;8,24;8,24;8,98;21,25;19,86;12;1,65;7,6;9,22;11,03;11,29;2,33;170;0;0;0;0;;8,98;10001;LIMPEZA;10054;CUIDADOS COM A CASA;167;LIMPADORES ESPECÍFICOS (PISO/VIDRO);8;0
6133;LIMP VEJA PERF FLORES BQ SERR 500ML;CX;24;7891035249228;34025000;1100700;VEJA;46;3,12;3,03;3,32;21,25;19,86;12;1,65;7,6;3,49;4,15;4,25;2,33;0;39;0;2;0;4;3,4;10001;LIMPEZA;10054;CUIDADOS COM A CASA;167;LIMPADORES ESPECÍFICOS (PISO/VIDRO);46,9583333333333;0,455541666666667
19563;LIMP VEJA PERF FLORES BQ SERRA ECON 2L;CX;6;7891035228292;34025000;1100700;VEJA;4;8,26;8,26;9;21,25;19,86;12;1,65;7,6;9,24;11,23;11,5;2,33;0;175;0;0;1;0;9;10001;LIMPEZA;10054;CUIDADOS COM A CASA;167;LIMPADORES ESPECÍFICOS (PISO/VIDRO);4;1,9445
19564;LIMP VEJA PERF SERR BR LAVANDA ECON 2L;CX;6;7891035228285;34025000;1100700;VEJA;2;8,26;8,26;9;21,25;19,86;12;1,65;7,6;9,24;11,23;11,5;2,33;0;262;0;0;2;0;9;10001;LIMPEZA;10054;CUIDADOS COM A CASA;167;LIMPADORES ESPECÍFICOS (PISO/VIDRO);2;2,91116666666667
6136;LIMP VEJA VIDREX TRAD SQZ 500ML;CX;24;7891035228100;34025000;1100700;VEJA;3;7,62;7,62;8,3;21,25;19,86;12;1,65;7,6;8,52;10,15;10,39;2,33;32;3;0;0;0;3;8,3;10001;LIMPEZA;10054;CUIDADOS COM A CASA;167;LIMPADORES ESPECÍFICOS (PISO/VIDRO);3;0,0333333333333333
12673;LIMP YPE LIMP PESAD ORIGINAL FR 500ML;CX;24;7896098902547;34025000;1100700;YPE;11;4,41;4,1;5,1;21,25;19,86;12;1,65;7,6;5,6;6,14;6,29;2,33;0;1;0;2;0;13;5,31;10001;LIMPEZA;10060;CUIDADOS COM A ROUPA;206;TIRA MANCHAS E ALVEJANTES;11,0416666666667;0,0333333333333333
1456;LIMP YPE M USO C/ALCOOL 500ML;CX;12;7896098900178;34025000;1100700;YPE;37;2,37;2,1;2,66;21,25;19,86;12;1,65;7,6;2,62;3,21;3,29;2,33;0;19;14;33;0;4;2,85;10001;LIMPEZA;10054;CUIDADOS COM A CASA;167;LIMPADORES ESPECÍFICOS (PISO/VIDRO);37,5833333333333;0,733333333333333
16789;LIMP YPE M USO CLASSIC DSG GT 50ML 500ML;CX;12;7896098900994;34025000;1100700;YPE;24;2,13;2,13;2,64;21,25;19,86;12;1,65;7,6;2,35;2,9;2,97;2,33;3;25;8;20;0;3;2,57;10001;LIMPEZA;10054;CUIDADOS COM A CASA;167;LIMPADORES ESPECÍFICOS (PISO/VIDRO);24;0,588916666666667
1453;LIMP YPE M USO DESENG CLASSICO 500ML;CX;12;7896098900802;34025000;1100700;YPE;25;2,37;2,35;2,92;21,25;19,86;12;1,65;7,6;3,01;3,21;3,29;2,33;6;14;25;58;1;1;2,85;10001;LIMPEZA;10054;CUIDADOS COM A CASA;167;LIMPADORES ESPECÍFICOS (PISO/VIDRO);25;1,07775
1454;LIMP YPE M USO NATUREZA S/ODOR 500ML;CX;12;7896098900819;34025000;1100700;YPE;12;2,37;2,17;2,74;21,25;19,86;12;1,65;7,6;3,01;3,21;3,29;2,33;2;16;20;41;0;1;2,85;10001;LIMPEZA;10054;CUIDADOS COM A CASA;167;LIMPADORES ESPECÍFICOS (PISO/VIDRO);12,5;0,855583333333333
24610;LIMP YPE M USO PERF ARABE 500ML;CX;12;7896055510440;34025000;1100700;YPE;13;2,25;2,25;2,8;21,25;19,86;12;1,65;7,6;2,86;3,31;3,39;2,33;0;0;0;0;;;2,71;10001;LIMPEZA;10054;CUIDADOS COM A CASA;167;LIMPADORES ESPECÍFICOS (PISO/VIDRO);13;
24612;LIMP YPE M USO PERF CHA BRANC EMB ECO 2L;CX;6;7896055510112;34025000;1100700;YPE;8;7,25;7,25;9;21,25;19,86;12;1,65;7,6;9,2;10,73;10,99;2,33;0;0;0;0;;;8,72;10001;LIMPEZA;10054;CUIDADOS COM A CASA;167;LIMPADORES ESPECÍFICOS (PISO/VIDRO);8;
23011;LIMP YPE M USO PERF FLORAL SENSES 500ML;CX;12;7896098904428;34025000;1100700;YPE;39;2,37;2,15;2,71;21,25;19,86;12;1,65;7,6;3,01;3,31;3,39;2,33;0;12;9;58;0;3;2,85;10001;LIMPEZA;10054;CUIDADOS COM A CASA;167;LIMPADORES ESPECÍFICOS (PISO/VIDRO);39,0833333333333;0,87775
1455;LIMP YPE M USO TIRA MANCHAS 500ML;CX;12;7896098900826;34025000;1100700;YPE;28;2,37;2,3;2,88;21,25;19,86;12;1,65;7,6;3,01;3,21;3,29;2,33;1;21;4;44;0;3;2,85;10001;LIMPEZA;10054;CUIDADOS COM A CASA;167;LIMPADORES ESPECÍFICOS (PISO/VIDRO);28,5;0,766666666666667
13229;LIMP YPE PERF AZ TROPICAL FR 1L;CX;12;7896098904169;34025000;1100700;YPE;4;3,83;3,7;4,62;21,25;19,86;12;1,65;7,6;4,87;5,75;5,89;2,33;0;2;5;3;0;3;4,61;10001;LIMPEZA;10054;CUIDADOS COM A CASA;164;DESINFETANTES E MULTIUSOS;4;0,111083333333333
15640;LIMP YPE PERF AZ TROPICAL FR 2L;CX;6;7896098904299;34025000;1100700;YPE;3;7,25;7,19;8,64;21,25;19,86;12;1,65;7,6;8,76;10,8;11,06;2,33;0;5;0;0;0;9;8,72;10001;LIMPEZA;10054;CUIDADOS COM A CASA;164;DESINFETANTES E MULTIUSOS;3;0,0555
24611;LIMP YPE PERF CHA BRANCO 500ML;CX;24;7896098903186;34025000;1100700;YPE;14;2,52;2,52;3,13;21,25;19,86;12;1,65;7,6;3,2;3,31;3,39;2,33;1;0;0;0;0;;3,03;10001;LIMPEZA;10054;CUIDADOS COM A CASA;167;LIMPADORES ESPECÍFICOS (PISO/VIDRO);14;0
24415;LIMP YPE PERF CHA BRANCO FR 1L;CX;12;7896098903155;34025000;1100700;YPE;11;4,03;4,1;5,09;21,25;19,86;12;1,65;7,6;;;;;0;0;0;0;;;4,84;10001;LIMPEZA;10054;CUIDADOS COM A CASA;164;DESINFETANTES E MULTIUSOS;11;
12738;LIMP YPE PERF DOCE VIDA FR 500ML;CX;24;7896098904107;34025000;1100700;YPE;2;2,52;2,52;3,13;21,25;19,86;12;1,65;7,6;3,2;3,8;3,89;2,33;2;6;5;28;0;0;3,03;10001;LIMPEZA;10054;CUIDADOS COM A CASA;164;DESINFETANTES E MULTIUSOS;2;0,433333333333333
12737;LIMP YPE PERF FR AMOR VERAO 500ML;CX;24;7896098904114;34025000;1100700;YPE;10;2,52;2,52;3,13;21,25;19,86;12;1,65;7,6;3,04;3,51;3,59;2,33;4;9;21;0;0;1;3,03;10001;LIMPEZA;10054;CUIDADOS COM A CASA;164;DESINFETANTES E MULTIUSOS;10;0,333333333333333
12736;LIMP YPE PERF JD SECRETO FR 1L;CX;12;7896098904138;34025000;1100700;YPE;7;4,03;3,75;4,66;21,25;19,86;12;1,65;7,6;5,11;5,75;5,89;2,33;0;7;5;1;0;4;4,84;10001;LIMPEZA;10054;CUIDADOS COM A CASA;164;DESINFETANTES E MULTIUSOS;7;0,144416666666667
2089;LIMP YPE TIRA LIMO CLORO ATIVO GEL 520G;CX;12;7896098909935;34025000;1100700;YPE;23;4,18;4,18;5,48;21,25;19,86;12;1,65;7,6;6,82;8,2;8,4;2,33;0;13;2;23;0;4;6,46;10001;LIMPEZA;10054;CUIDADOS COM A CASA;167;LIMPADORES ESPECÍFICOS (PISO/VIDRO);23;0,42225
24237;LIMP ZULU COALA PERF CHA BRANCO 1L;CX;12;7896090700608;34029090;1100700;ZULU (COALA);35;4,3;4,11;5,06;21,25;19,86;12;1,65;7,6;5,46;6,05;6,19;2,33;1;18;15;11;0;6;4,97;10001;LIMPEZA;10054;CUIDADOS COM A CASA;168;PURIFICADORES E ODORIZADORES;35,9166666666667;0,488916666666667
23463;LIMP ZULU COALA PERF CHA BRANCO 500ML;CX;12;7896090700547;34029090;1100700;ZULU (COALA);2;2,52;2,52;3,12;21,25;19,86;12;1,65;7,6;3,36;3,9;3,99;2,33;4;56;109;125;3;0;2,92;10001;LIMPEZA;10054;CUIDADOS COM A CASA;168;PURIFICADORES E ODORIZADORES;2,08333333333333;3,22225
23461;LIMP ZULU COALA PERF FLOR CACT 500ML;CX;12;7897744505488;34029090;1100700;ZULU (COALA);108;2,65;2,56;3,15;21,25;19,86;12;1,65;7,6;3,36;3,9;3,99;2,33;2;23;31;51;1;7;2,83;10001;LIMPEZA;10054;CUIDADOS COM A CASA;168;PURIFICADORES E ODORIZADORES;108;1,16666666666667
24239;LIMP ZULU COALA PERF FLOR DE CACTO 1L;CX;12;7897744505495;34029090;1100700;ZULU (COALA);66;4,06;4,06;4,99;21,25;19,86;12;1,65;7,6;5,15;6,05;6,19;2,33;1;5;5;4;0;35;4,31;10001;LIMPEZA;10054;CUIDADOS COM A CASA;168;PURIFICADORES E ODORIZADORES;66;0,155583333333333
23464;LIMP ZULU COALA PERF LAVANDA 500ML;CX;12;7896090700493;34029090;1100700;ZULU (COALA);19;2,65;2,6;3,2;21,25;19,86;12;1,65;7,6;3,36;3,9;3,99;2,33;6;18;102;86;2;0;2,83;10001;LIMPEZA;10054;CUIDADOS COM A CASA;168;PURIFICADORES E ODORIZADORES;19;2,28891666666667
24238;LIMP ZULU COALA PERF ORQUIDEA NEGRA 1L;CX;12;7897744505549;34029090;1100700;ZULU (COALA);48;4,06;4,06;4,99;21,25;19,86;12;1,65;7,6;5,15;6,05;6,19;2,33;1;9;6;7;0;16;4,31;10001;LIMPEZA;10054;CUIDADOS COM A CASA;168;PURIFICADORES E ODORIZADORES;48,9166666666667;0,244416666666667
24346;LIMP ZULU PERF CONC CEREJA C/AVEL 120ML;CX;12;7897744503897;34029029;1100700;ZULU;65;6,6;6,6;8,17;21,25;19,86;12;1,65;7,6;8,38;9,76;9,99;2,33;0;3;10;2;0;32;7,63;10001;LIMPEZA;10054;CUIDADOS COM A CASA;168;PURIFICADORES E ODORIZADORES;65;0,166666666666667
24344;LIMP ZULU PERF CONC LAVANDA 120ML;CX;12;7897744503958;34029090;1100700;ZULU;125;6,8;6,8;8,4;21,25;19,86;12;1,65;7,6;8,63;9,76;9,99;2,33;0;3;10;2;0;62;7,71;10001;LIMPEZA;10054;CUIDADOS COM A CASA;168;PURIFICADORES E ODORIZADORES;125;0,166666666666667
8642;LIMPA ALUMINIO DIABO VERDE 500ML;CX;12;7896495000303;34025000;1100700;DIABO VERDE;4;3,83;3,91;4,76;21,25;19,86;12;1,65;7,6;4,87;5,85;5,99;2,33;20;32;42;22;1;0;4,61;10001;LIMPEZA;10054;CUIDADOS COM A CASA;167;LIMPADORES ESPECÍFICOS (PISO/VIDRO);4,66666666666667;1,06666666666667
2073;LIMPA FORNO DIABO VERDE 250G;CX;12;7896495000051;34025000;1100700;DIABO VERDE;22;7,36;7,36;9,15;21,25;19,86;12;1,65;7,6;9,35;11,09;11,35;2,33;81;95;103;109;3;0;8,86;10001;LIMPEZA;10054;CUIDADOS COM A CASA;167;LIMPADORES ESPECÍFICOS (PISO/VIDRO);22,8333333333333;3,41108333333333
22976;LIMPA INOX E ALUMINIO BYTS SEMORIN 500ML;CX;12;7898917072561;34025000;1100500;BYTS (SEMORIN);38;4,92;4,92;6,12;21,25;18,56;12;1,65;7,6;6,25;7,03;7,19;2,18;0;2;1;12;0;19;5,92;10001;LIMPEZA;10054;CUIDADOS COM A CASA;167;LIMPADORES ESPECÍFICOS (PISO/VIDRO);38;0,166666666666667
12058;LIMPOL LIMP PERF ROXO LAVANDER 500ML;CX;12;7891022860870;34025000;1100700;LIMPOL;9;2,12;2,08;2,59;21,25;19,86;12;1,65;7,6;2,69;3,12;3,19;2,33;0;0;24;21;0;1;2,55;10001;LIMPEZA;10054;CUIDADOS COM A CASA;167;LIMPADORES ESPECÍFICOS (PISO/VIDRO);9,66666666666667;0,5
13097;LING PERDIGAO CALABRESA KG;KG;1;13097;16010000;1707700;PERDIGAO;5312;12,33;12,34;13,87;16,25;;7;1,65;7,6;13,97;16,47;16,47;0;18;8676;5000;4214;198;26;13,86;6;PERECIVEIS;10061;SALGADOS;3;LINGUIÇA DEFUMADA;5312,5;198,778
3162;LING PERDIGAO CARNE SUINA CONG KG;CX;20;3162;16010000;1707700;PERDIGAO;1;13,88;13,88;15,6;16,25;;7;1,65;7,6;16,1;18,99;18,99;0;1;0;1;1;0;3;15,6;6;PERECIVEIS;10050;CONGELADOS;11;LINGUICAS CONGELADAS;1,5;0,0222
12816;LING PERDIGAO DEF MISTA FINA KG;CX;15;7891515340278;16010000;1707700;PERDIGAO;105;14,46;14,46;16,26;16,25;;7;1,65;7,6;17,29;19,97;19,97;0;120;179;60;181;4;1;16,26;6;PERECIVEIS;10061;SALGADOS;3;LINGUIÇA DEFUMADA;105,933333333333;4,66666666666667
6203;LING TP CALABRESA SADIA KG;KG;1;7893000444232;16010000;1707700;SADIA;72;13,46;13,37;15,03;16,25;;7;1,65;7,6;16,7;19,99;19,99;0;53;1496;30;2270;42;1;15,14;6;PERECIVEIS;10061;SALGADOS;3;LINGUIÇA DEFUMADA;72,5;42,178
17306;LOMBO PERNIL SUINO GOLDEN PORKS SALG KG;CX;10;17306;02101900;1708701;GOLDEN PORKS;2;13,93;13,93;14,98;12;;12;0;0;12,33;22,49;22,49;0;0;0;0;0;;;14,98;6;PERECIVEIS;10061;SALGADOS;2;CORTES SALGADOS;2;
6834;LUSTRA MOV PEROBA JASMIM 200ML;CX;24;7896050503430;34052000;;PEROBA;4;4,16;4,19;5,25;21,25;;12;1,65;7,6;5,29;6,89;6,89;0;0;0;14;12;0;0;5,21;10001;LIMPEZA;10054;CUIDADOS COM A CASA;167;LIMPADORES ESPECÍFICOS (PISO/VIDRO);4;0,288875
6836;LUSTRA MOV PEROBA LAVANDA 200ML;CX;24;7896050500286;34052000;;PEROBA;4;4,16;4,17;5,22;21,25;;12;1,65;7,6;5,29;6,89;6,89;0;2;1;15;18;0;0;5,21;10001;LIMPEZA;10054;CUIDADOS COM A CASA;167;LIMPADORES ESPECÍFICOS (PISO/VIDRO);4,95833333333333;0,377791666666667
1439;LUSTRA MOV YPE JASMIM 200ML;CX;24;7896098909997;34052000;;YPE;7;4,04;4,04;4,98;21,25;;12;1,65;7,6;5,13;6,29;6,29;0;0;6;30;6;0;0;4,68;10001;LIMPEZA;10054;CUIDADOS COM A CASA;167;LIMPADORES ESPECÍFICOS (PISO/VIDRO);7;0,466666666666667
1438;LUSTRA MOV YPE LAVANDA 200ML;CX;24;7896098909980;34052000;;YPE;9;4,04;4,04;4,98;21,25;;12;1,65;7,6;5,13;6,29;6,29;0;3;20;20;27;0;0;4,68;10001;LIMPEZA;10054;CUIDADOS COM A CASA;167;LIMPADORES ESPECÍFICOS (PISO/VIDRO);9,04166666666667;0,744458333333333
23358;LUZ AVANT LED BOLINHA VERDE BIV 4W;CX;100;7899825501914;85395200;0900500;AVANT;4;5,7;5,7;6,6;21,25;42,34;12;1,65;7,6;6,78;8,49;8,92;4,83;0;0;0;0;0;7;6,6;10007;BAZAR;10087;BAZAR DIVERSOS;38;LÂMPADAS E ELÉTRICA;4;0,00556
23355;LUZ AVANT LED PERA BCA 15W BIV MG;DP;10;7899825505363;85395200;0900500;AVANT;4;6,25;6,25;7,24;21,25;42,34;12;1,65;7,6;7,43;9,35;9,83;4,83;0;0;0;0;;;7,24;10007;BAZAR;10087;BAZAR DIVERSOS;38;LÂMPADAS E ELÉTRICA;4,8;
23365;LUZ AVANT LED PERA BCA BIVOLT MK 12W;DP;10;7899825506063;85395200;0900500;AVANT;9;5,04;5,04;5,85;21,25;42,34;12;1,65;7,6;6;7,55;7,93;4,83;0;0;0;0;;;5,85;10007;BAZAR;10087;BAZAR DIVERSOS;38;LÂMPADAS E ELÉTRICA;9;
23367;LUZ AVANT LED TUBULAR BIVOLT YS 18W;CX;25;7899452011381;85395200;0900500;AVANT;3;7,45;7,45;8,63;21,25;42,34;12;1,65;7,6;8,86;11,15;11,72;4,83;0;0;0;0;;;8,63;10007;BAZAR;10087;BAZAR DIVERSOS;38;LÂMPADAS E ELÉTRICA;3;
23366;LUZ AVANT LED TUBULAR BIVOLT YS 9W;CX;20;7899452011350;85395200;0900500;AVANT;10;7,16;7,16;8,3;21,25;42,34;12;1,65;7,6;8,52;10,68;11,22;4,83;0;0;0;0;;;8,3;10007;BAZAR;10087;BAZAR DIVERSOS;38;LÂMPADAS E ELÉTRICA;10;
18523;LUZ NOTURNA AVANT LED BIV DINO 1W;CX;60;7899452006578;94054200;2112500;AVANT;4;8,44;8,44;9,78;21,25;;12;1,65;7,6;10,04;13,29;13,29;0;1;0;0;1;0;4;9,78;10007;BAZAR;10087;BAZAR DIVERSOS;38;LÂMPADAS E ELÉTRICA;4,16666666666667;0,0166666666666667
18524;LUZ NOTURNA AVANT LED BIV FOGUETE 1W;CX;60;7899452006738;94054200;2112500;AVANT;9;8,44;8,44;9,78;21,25;;12;1,65;7,6;10,04;13,29;13,29;0;1;0;0;1;0;9;9,78;10007;BAZAR;10087;BAZAR DIVERSOS;38;LÂMPADAS E ELÉTRICA;9,38333333333333;0,0166666666666667
23351;LUZ NOTURNA AVANT LED BIV MONSTRO 1W;UN;1;7899452006783;94054200;2112500;AVANT;506;8,44;8,44;9,78;21,25;;12;1,65;7,6;10,04;13,29;13,29;0;71;30;0;80;1;414;9,78;10007;BAZAR;10087;BAZAR DIVERSOS;38;LÂMPADAS E ELÉTRICA;506;1,222
17464;LUZ NOTURNA AVANT LED BIV UNICORNIO 1W;UN;1;7899452006554;94054200;2112500;AVANT;666;8,44;8,49;9,83;21,25;;12;1,65;7,6;10,04;13,29;13,29;0;11;30;0;80;1;545;9,78;10007;BAZAR;10087;BAZAR DIVERSOS;38;LÂMPADAS E ELÉTRICA;666;1,222
954;MAC ADRIA OVOS ESPAGUETE 8 500G;CX;40;7896205788040;19021100;1704906;ADRIA;15;3,38;3,35;3,43;7;;7;0;0;3,08;3,98;3,98;0;3;15;3;30;0;0;3,47;1;MERCEARIA SALGADA;104;MASSAS;1;COM OVOS;15;0,533325
6723;MAC ADRIA OVOS NINHO3 500G;FD;20;7896205788095;19021100;1704900;ADRIA;14;3,89;3,89;3,99;7;;7;0;0;3,8;4,49;4,49;0;15;1;18;23;0;1;3,99;1;MERCEARIA SALGADA;104;MASSAS;1;COM OVOS;14;0,46665
2095;MAC ADRIA OVOS PARAFUSO 500G;FD;20;7896205788156;19021100;1704906;ADRIA;30;3,38;3,38;3,47;7;;7;0;0;3,29;3,98;3,98;0;15;7;22;3;0;4;3,47;1;MERCEARIA SALGADA;104;MASSAS;1;COM OVOS;30,95;0,35555
3473;MAC ADRIA OVOS PENA 500G;FD;20;7896205788217;19021100;1704906;ADRIA;43;3,38;3,33;3,41;7;;7;0;0;3,31;3,98;3,98;0;0;1;1;43;0;4;3,47;1;MERCEARIA SALGADA;104;MASSAS;1;COM OVOS;43,4;0,5
20590;MAC ADRIA SEMOLA ESPAGUETE 8 400G;CX;46;7896205789474;19021900;1704904;ADRIA;80;2,53;2,53;2,59;7;;7;0;0;2,59;2,79;2,79;0;1;2;2;57;0;2;2,59;1;MERCEARIA SALGADA;104;MASSAS;7;SEMOLA;80;0,677782608695652
17755;MAC ADRIA SEMOLA ESPAGUETE 8 750G;FD;16;7896205789290;19021900;1704904;ADRIA;65;3,56;3,56;3,65;7;;7;0;0;3,65;4,09;4,09;0;77;117;69;123;3;1;3,65;1;MERCEARIA SALGADA;104;MASSAS;7;SEMOLA;65,875;3,438875
20588;MAC ADRIA SEMOLA PARAFUSO 400G;CX;24;7896205789481;19021900;1704904;ADRIA;2;2,53;2,53;2,59;7;;7;0;0;2,59;3,09;3,09;0;31;25;10;56;1;0;2,59;1;MERCEARIA SALGADA;104;MASSAS;7;SEMOLA;2,875;1,011125
20589;MAC ADRIA SEMOLA PENNE 400G;FD;24;7896205789498;19021900;1704904;ADRIA;18;2,53;2,53;2,59;7;;7;0;0;2,59;3,09;3,09;0;5;13;7;33;0;1;2,59;1;MERCEARIA SALGADA;104;MASSAS;7;SEMOLA;18,5;0,60325
416;MAC DONA BENTA SEMOLA ESPAGUETE 500G;FD;24;7896005286524;19021900;1704904;DONA BENTA;150;2,6;2,59;2,95;7;;7;0;0;2,79;3,39;3,39;0;5;153;64;94;3;1;2,95;1;MERCEARIA SALGADA;104;MASSAS;7;SEMOLA;150,083333333333;3,45554166666667
417;MAC DONA BENTA SEMOLA PARAFUSO 500G;CX;24;7896005286555;19021900;1704904;DONA BENTA;145;2,6;2,59;2,95;7;;7;0;0;2,79;3,39;3,39;0;45;152;113;158;4;1;2,95;1;MERCEARIA SALGADA;104;MASSAS;7;SEMOLA;145,125;4,7
11970;MAC DONA BENTA SEMOLA PENA 500G;FD;24;7896005281697;19021900;1704904;DONA BENTA;96;2,6;2,59;2,95;7;;7;0;0;2,79;3,39;3,39;0;19;82;41;56;1;2;2,95;1;MERCEARIA SALGADA;104;MASSAS;7;SEMOLA;96,625;1,988875
2096;MAC GALO SEMOLA ESPAGUETE 8 500G;FD;30;7896022200756;19021900;1704904;GALO;29;2,74;2,74;3,11;7;;7;0;0;2,93;3,7;3,7;0;3;70;34;65;1;0;3,13;1;MERCEARIA SALGADA;104;MASSAS;7;SEMOLA;29;1,87776666666667
6649;MAC GALO SEMOLA ESPAGUETE N8 1KG;FD;15;7896022200763;19021900;1704904;GALO;228;3,86;3,86;4,39;7;;7;0;0;4,15;4,99;4,99;0;47;253;173;167;6;2;4,39;1;MERCEARIA SALGADA;104;MASSAS;7;SEMOLA;228,066666666667;6,58886666666667
22091;MAC GALO SEMOLA FIDELINHO 10 500G;FD;30;7896022204082;19021900;1704904;GALO;16;2,75;2,74;3,11;7;;7;0;0;2,93;3,7;3,7;0;0;15;28;0;0;1;3,13;1;MERCEARIA SALGADA;104;MASSAS;7;SEMOLA;16;0,477766666666667
11492;MAC GALO SEMOLA PADRE NOSSO 500G;FD;20;7896022200350;19021900;1704904;GALO;30;2,73;2,73;3,1;7;;7;0;0;2,93;3,7;3,7;0;1;13;15;14;0;3;3,13;1;MERCEARIA SALGADA;104;MASSAS;7;SEMOLA;30;0,46665
14029;MAC GALO SEMOLA PARAFUSO N 2 1KG;FD;12;7896022200541;19021900;1704904;GALO;110;4,22;4,22;4,79;7;;7;0;0;4,53;5,79;5,79;0;76;90;53;0;1;5;4,79;1;MERCEARIA SALGADA;104;MASSAS;7;SEMOLA;110,916666666667;1,58891666666667
8787;MAC GALO SEMOLA PARAFUSO N 2 500G;FD;20;7896022200534;19021900;1704904;GALO;42;2,75;2,73;3,1;7;;7;0;0;2,93;3,7;3,7;0;11;64;41;17;1;1;3,13;1;MERCEARIA SALGADA;104;MASSAS;7;SEMOLA;42,2;1,35555
9516;MAC GALO SEMOLA PENA 500G;FD;20;7896022200572;19021900;1704904;GALO;18;2,73;2,73;3,1;7;;7;0;0;2,93;3,7;3,7;0;10;31;30;13;0;1;3,13;1;MERCEARIA SALGADA;104;MASSAS;7;SEMOLA;18;0,8222
21959;MAC INST ADRIA CARNE NAO FRITO 75G;CX;50;7896085087271;19023000;1704701;ADRIA;81;1,13;1,13;1,19;0;;0;0;0;1,06;1,39;1,39;0;8;145;113;255;5;0;1,19;1;MERCEARIA SALGADA;104;MASSAS;3;INSTANTANEA;81;5,7
21957;MAC INST ADRIA GALINHA CAIP NAO FRIT 75G;CX;50;7896085087295;19023000;1704701;ADRIA;43;1,13;1,13;1,19;0;;0;0;0;1,01;1,29;1,29;0;17;168;118;232;5;0;1,19;1;MERCEARIA SALGADA;104;MASSAS;3;INSTANTANEA;43;5,75556
21955;MAC INST ADRIA GALINHA NAO FRITO 75G;CX;50;7896085087301;19023000;1704701;ADRIA;61;1,13;1,13;1,19;0;;0;0;0;1,06;1,39;1,39;0;12;103;20;158;3;0;1,19;1;MERCEARIA SALGADA;104;MASSAS;3;INSTANTANEA;61;3,12222
1235;MAC INST NISSIN LAMEN CARNE 85G;CX;50;7891079000205;19023000;1704700;NISSIN;408;1,94;1,97;2,08;0;;0;0;0;1,99;2,39;2,39;0;24;445;247;210;10;0;2,15;1;MERCEARIA SALGADA;104;MASSAS;3;INSTANTANEA;408;10,02222
1234;MAC INST NISSIN LAMEN GALINHA CAIP 85G;AM;50;7891079000229;19023000;1704700;NISSIN;270;1,94;1,96;2,08;0;;0;0;0;1,89;2,39;2,39;0;41;647;527;375;17;0;2,15;1;MERCEARIA SALGADA;104;MASSAS;3;INSTANTANEA;270,7;17,21112
1310;MAIONESE ARISCO SH 196G;CX;24;7891700206952;21039011;1703900;ARISCO;782;1,7;1,7;2,19;21,25;19,11;12;1,65;7,6;2,48;2,63;2,69;2,24;113;331;547;0;9;3;2,44;10008;FORNECEDORES ESPECIAIS;10101;UNILEVER;8;MAIONESE;782,541666666667;9,75554166666667
23178;MAIONESE BILLY & JACK BURGUER  355G;CX;12;7898937864528;21039011;1703900;BILLY & JACK (KISABOR);1;3,73;3,69;4,63;21,25;19,11;12;1,65;7,6;4,77;5,07;5,19;2,24;17;10;20;0;0;0;4,67;1;MERCEARIA SALGADA;105;CONDIMENTADOS;2;MAIONESE;1,16666666666667;0,333333333333333
21216;MAIONESE FUGINI SACHET BICO 300G;CX;36;7897517205645;21039011;1703900;FUGINI;55;2,33;2,33;2,92;21,25;19,11;12;1,65;7,6;2,96;3,61;3,69;2,24;5;36;28;66;1;1;2,92;1;MERCEARIA SALGADA;105;CONDIMENTADOS;2;MAIONESE;55,9722222222222;1,44444444444444
20511;MAIONESE FUGINI TRAD SACHE 180G;CX;36;7897517200022;21039011;1703900;FUGINI;682;1,29;1,28;1,6;21,25;19,11;12;1,65;7,6;1,64;1,85;1,89;2,24;97;192;177;253;6;2;1,62;1;MERCEARIA SALGADA;105;CONDIMENTADOS;2;MAIONESE;682,333333333333;6,91111111111111
16494;MAIONESE FUGINI TRAD SH 1,7KG;CX;6;7897517207175;21039019;0000000;FUGINI;23;12,02;10,94;13,7;21,25;;12;1,65;7,6;15,26;14,89;14,89;0;0;17;5;10;0;10;15,05;1;MERCEARIA SALGADA;105;CONDIMENTADOS;2;MAIONESE;23;0,3555
16426;MAIONESE FUGINI TRAD SH BICO 180G;CX;32;7897517205638;21039011;1703900;FUGINI;40;1,59;1,44;1,8;21,25;19,11;12;1,65;7,6;2,02;2,53;2,59;2,24;2;26;11;14;0;2;1,99;1;MERCEARIA SALGADA;105;CONDIMENTADOS;2;MAIONESE;40,53125;0,56665625
22171;MAIONESE FUGINI VERDE SCH BIQUINHO 180GR;CX;32;7897517200084;21039011;1703900;FUGINI;6;1,56;1,93;2,41;21,25;19,11;12;1,65;7,6;2,22;3,12;3,19;2,24;0;7;3;4;0;1;2,69;1;MERCEARIA SALGADA;105;CONDIMENTADOS;2;MAIONESE;6,53125;0,1555625
23192;MAIONESE HELLMANNS ALHO SQUEEZE 335G;CX;24;7891150096462;21039011;1703900;HELLMANNS;73;5,94;5,94;7,91;21,25;19,11;12;1,65;7,6;9,93;9,38;9,59;2,24;2;35;30;15;0;3;9,76;10008;FORNECEDORES ESPECIAIS;10101;UNILEVER;8;MAIONESE;73,6666666666667;0,888875
23320;MAIONESE HELLMANNS BACON ST SQUEEZE 335G;CX;24;7891150099371;21039011;1703900;HELLMANNS;122;5,94;5,94;7,91;21,25;19,11;12;1,65;7,6;7,7;9,38;9,59;2,24;30;0;38;61;1;4;9,76;10008;FORNECEDORES ESPECIAIS;10101;UNILEVER;8;MAIONESE;122;1,1
11549;MAIONESE HELLMANNS BAG 2,8KG;CX;6;7891150055285;21039019;;HELLMANNS;121;25,58;25,59;34;21,25;;12;1,65;7,6;35,86;40,99;40,99;0;107;60;194;66;3;5;41,83;10008;FORNECEDORES ESPECIAIS;10101;UNILEVER;8;MAIONESE;121,833333333333;3,5555
5787;MAIONESE HELLMANNS DOY PACK 1KG;CX;12;7891150029002;21039011;1703900;HELLMANNS;4199;8,64;8,65;11,15;21,25;;12;1,65;7,6;10,96;13,99;13,99;0;658;9114;6929;8164;268;1;12,48;10008;FORNECEDORES ESPECIAIS;10101;UNILEVER;8;MAIONESE;4199,5;268,979666666667
8653;MAIONESE HELLMANNS LIGHT PET 500G;CX;12;7894000050720;21039011;1703900;HELLMANNS;257;5,75;5,75;7,65;21,25;19,11;12;1,65;7,6;9,59;9,28;9,49;2,24;115;584;410;97;12;1;9,45;10008;FORNECEDORES ESPECIAIS;10101;UNILEVER;8;MAIONESE;257;12,12225
22305;MAIONESE HELLMANNS LIGHT SQUEEZE 335G;CX;24;7891150089501;21039011;1703900;HELLMANNS;80;5,94;5,94;7,9;21,25;19,11;12;1,65;7,6;5,65;9,54;9,76;2,24;6;40;43;21;1;2;9,76;10008;FORNECEDORES ESPECIAIS;10101;UNILEVER;8;MAIONESE;80,6666666666667;1,15554166666667
7200;MAIONESE HELLMANNS NBA SQZ 335G;CX;24;7891150027800;21039011;1703900;HELLMANNS;220;5,84;5,84;7,81;21,25;19,11;12;1,65;7,6;7,7;9,38;9,59;2,24;14;83;158;95;3;2;9,76;10008;FORNECEDORES ESPECIAIS;10101;UNILEVER;8;MAIONESE;220,083333333333;3,73333333333333
24418;MAIONESE HELLMANNS QUEIJO NBA 335G;CX;24;7891150104990;21039011;1703900;HELLMANNS;10;6,99;6,99;9,73;21,25;19,11;12;1,65;7,6;0;11,72;11,99;2,24;0;0;7;23;0;1;13,61;10008;FORNECEDORES ESPECIAIS;10101;UNILEVER;8;MAIONESE;10;0,333333333333333
1322;MAIONESE HELLMANNS SH 200G;CX;24;7894000030470;21039011;1703900;HELLMANNS;373;3,69;3,69;4,27;21,25;19,11;12;1,65;7,6;4,64;5,37;5,49;2,24;240;1525;1195;1851;50;0;4,59;10008;FORNECEDORES ESPECIAIS;10101;UNILEVER;8;MAIONESE;373,166666666667;50,788875
14584;MAIONESE HELLMANNS SH C/168UN 7G;CX;1;67891150057588;21039011;;HELLMANNS;58;11,37;11,37;15;21,25;;12;1,65;7,6;18,83;18,99;18,99;0;0;10;0;0;0;522;18,04;10008;FORNECEDORES ESPECIAIS;10101;UNILEVER;8;MAIONESE;58;0,111
1320;MAIONESE HELLMANNS TRAD LV12PG11 500G;CX;12;4001320001032;21039011;1703900;HELLMANNS;113;5,27;5,27;6,98;21,25;19,11;12;1,65;7,6;8,63;8,79;8,99;2,24;61;293;0;0;3;2;8,51;10008;FORNECEDORES ESPECIAIS;10101;UNILEVER;8;MAIONESE;113,416666666667;3,25558333333333
23335;MAIONESE HELLMANNS VERDE NBA SQUEEZ 335G;CX;24;7891150079892;21039011;1703900;HELLMANNS;1;5,94;5,94;7,91;21,25;19,11;12;1,65;7,6;9,9;9,77;9,99;2,24;0;37;43;21;1;0;9,76;10008;FORNECEDORES ESPECIAIS;10101;UNILEVER;8;MAIONESE;1,66666666666667;1,12220833333333
19940;MAIONESE PREDILECTA BISNAGA 660G;CX;12;7896292316867;21039011;;PREDILECTA;31;4,94;4,93;6,17;21,25;;12;1,65;7,6;6,27;7,59;7,59;0;1;7;5;5;0;13;6,19;1;MERCEARIA SALGADA;105;CONDIMENTADOS;2;MAIONESE;31;0,188916666666667
21670;MAIONESE PREDILECTA POTE 500G;CX;12;7896292301290;21039011;1703900;PREDILECTA;124;3,4;3,46;4,33;21,25;19,11;12;1,65;7,6;4,32;4,87;4,98;2,24;7;14;29;25;0;13;4,26;1;MERCEARIA SALGADA;105;CONDIMENTADOS;2;MAIONESE;124;0,755583333333333
10600;MAIONESE PREDILECTA ST UP 200G;CX;24;7896292360433;21039011;1703900;PREDILECTA;421;1,33;1,33;1,67;21,25;19,11;12;1,65;7,6;1,69;2,04;2,09;2,24;56;755;392;753;21;0;1,67;1;MERCEARIA SALGADA;105;CONDIMENTADOS;2;MAIONESE;421,166666666667;21,111125
3423;MAIONESE SOYA TRAD CASEIRA PET 500G;CX;12;7894904271368;21039011;1703900;SOYA;5;2,74;2,81;3,51;21,25;19,11;12;1,65;7,6;3,59;4,19;4,29;2,24;0;2004;2092;4001;89;0;3,9;1;MERCEARIA SALGADA;105;CONDIMENTADOS;2;MAIONESE;5,33333333333333;89,9666666666667
2733;MARG CLAYBOM C/SAL 250G;CX;24;7891515901066;15171000;1702600;CLAYBOM;2;2,2;2,2;2,26;7;;7;0;0;2,35;2,99;2,99;0;0;45;3;1;0;0;2,26;6;PERECIVEIS;602;REFRIGERADOS;2;ESPALHÁVEIS;2;0,544458333333333
2729;MARG CLAYBOM C/SAL 500G;CX;12;7891515901059;15171000;1702600;CLAYBOM;60;4;4;4,1;7;;7;0;0;4,1;4,99;4,99;0;0;90;1;309;4;1;4,1;6;PERECIVEIS;602;REFRIGERADOS;2;ESPALHÁVEIS;60;4,44441666666667
2115;MARG QUALY C/SAL 250G;CX;24;7893000394117;15171000;1702600;QUALY;184;3,89;3,89;3,98;7;;7;0;0;3,57;4,99;4,99;0;283;644;459;789;21;0;3,99;6;PERECIVEIS;602;REFRIGERADOS;2;ESPALHÁVEIS;184,625;21,026375
2114;MARG QUALY C/SAL 500G;CX;12;7893000394209;15171000;1702600;QUALY;592;7,08;6,76;6,94;7;;7;0;0;6,99;8,29;8,29;0;4;1264;1432;1157;42;1;7,26;6;PERECIVEIS;602;REFRIGERADOS;2;ESPALHÁVEIS;592;42,8110833333333
15552;MARMELADA OLE LT 600G;CX;12;7891032018353;20079910;1709400;OLE;4;6,87;6,87;8,61;21,25;42,83;12;1,65;7,6;0,17;10,74;11,29;4,89;3;11;12;10;0;1;8,61;2;MERCEARIA DOCE;204;DOCES E SOBREMESAS;6;POTE E COMPOTAS;4,58333333333333;0,376833333333333
2533;MARMELADA PREDILECTA 350G;CX;24;7896292302921;20079990;1709400;PREDILECTA;2;4,97;5,15;6,44;21,25;42,83;12;1,65;7,6;6,31;7,79;8,19;4,89;0;20;4;9;0;0;6,22;2;MERCEARIA DOCE;204;DOCES E SOBREMESAS;6;POTE E COMPOTAS;2,08333333333333;0,377333333333333
15553;MARROM GLACE OLE FLOW PACK 250G;CX;24;7891032018414;20079990;1709400;OLE;68;3,52;3,52;4,41;21,25;42,83;12;1,65;7,6;4,27;5,51;5,79;4,89;4;18;9;48;0;3;4,41;2;MERCEARIA DOCE;204;DOCES E SOBREMESAS;6;POTE E COMPOTAS;68,5416666666667;0,833333333333333
15554;MARROM GLACE OLE LT 600G;CX;12;7891032018452;20079990;1709400;OLE;23;7,59;7,57;9,48;21,25;42,83;12;1,65;7,6;0,17;11,86;12,47;4,89;4;14;18;26;0;3;9,51;2;MERCEARIA DOCE;204;DOCES E SOBREMESAS;6;POTE E COMPOTAS;23,5833333333333;0,654666666666667
2532;MARROM GLACE PREDILECTA BLOCO 350G;CX;24;7896292302884;20079990;1709400;PREDILECTA;120;3,47;3,5;4,38;21,25;42,83;12;1,65;7,6;4,41;5,51;5,79;4,89;42;165;75;64;3;1;4,35;2;MERCEARIA DOCE;204;DOCES E SOBREMESAS;6;POTE E COMPOTAS;120;3,37779166666667
24703;MARROM GLACE PREDILECTA ZERO BLOCO 300G;CX;12;7896292302594;20079990;1709400;PREDILECTA;40;8,91;8,91;11,16;21,25;42,83;12;1,65;7,6;0;14,07;14,79;4,89;5;0;0;0;0;;11,16;2;MERCEARIA DOCE;204;DOCES E SOBREMESAS;6;POTE E COMPOTAS;40;0
6929;MASSA TAPIOCA AMAFIL 500G;FD;21;7896035990088;11081400;0000000;AMAFIL;81;2,54;2,54;3,18;21,25;;12;1,65;7,6;3,23;3,75;3,75;0;101;279;176;411;9;0;3,18;1;MERCEARIA SALGADA;10093;FARINÁCEOS;1;DERIVADOS DE MANDIOCA;81,2857142857143;9,6222380952381
24340;MASSA TAPIOCA MISTURA NORDESTINA 1KG;CX;10;7898994335726;19030000;;MISTURA NORDESTINA;349;4,47;4,47;5,6;21,25;;12;1,65;7,6;0;6,6;6,6;0;1;60;53;66;1;17;5,6;1;MERCEARIA SALGADA;10093;FARINÁCEOS;1;DERIVADOS DE MANDIOCA;349,5;1,9889
24339;MASSA TAPIOCA MISTURA NORDESTINA 500G;CX;20;7898994335719;19030000;;MISTURA NORDESTINA;573;2,28;2,28;2,85;21,25;;12;1,65;7,6;0;3,39;3,39;0;2;118;177;75;4;6;2,85;1;MERCEARIA SALGADA;10093;FARINÁCEOS;1;DERIVADOS DE MANDIOCA;573;4,1111
24338;MASSA TAPIOCA SENTIDO VERDE 1KG;CX;10;7898746570139;19030000;;SENTIDO VERDE;114;4,71;4,71;5,9;21,25;;12;1,65;7,6;0;6,9;6,9;0;1;1;0;20;0;48;5,9;1;MERCEARIA SALGADA;10093;FARINÁCEOS;1;DERIVADOS DE MANDIOCA;114;0,2333
24337;MASSA TAPIOCA SENTIDO VERDE 500G;CX;20;7898746570122;19030000;;SENTIDO VERDE;119;2,4;2,4;3;21,25;;12;1,65;7,6;0;3,59;3,59;0;1;11;10;28;0;10;3;1;MERCEARIA SALGADA;10093;FARINÁCEOS;1;DERIVADOS DE MANDIOCA;119,35;0,54445
6697;MEL CASTELINHO 280G;CX;6;7896649800162;04090000;;CASTELINHO;7;4,13;4,13;5;21,25;;12;1,65;7,6;4,61;6,15;6,15;0;7;74;38;51;1;0;5;2;MERCEARIA DOCE;203;MATINAIS;5;MEL;7;1,81116666666667
1399;MILHARINA QUAKER 500G;FD;30;7894321632032;11041900;;QUAKER;389;3,33;3,33;3,8;12;;12;0;0;3,93;4,69;4,69;0;68;297;250;427;10;1;3,93;10008;FORNECEDORES ESPECIAIS;10099;PEPSICO;2;AVEIAS E GRÃOS;389,466666666667;10,8507333333333
1284;MILHO PIPOCA GRANFINO PREMIUM ESP 500G;FD;20;7896016501739;10059010;;GRANFINO;118;2,35;2,35;2,85;21,25;;12;1,65;7,6;2,54;3,39;3,39;0;9;442;334;298;11;0;2,85;1;MERCEARIA SALGADA;10094;GRAOS;2;MILHO PIPOCA;118,9;11,94165
19152;MILHO PIPOCA URBANO 500G;CX;20;7896401183175;10059010;;URBANO;3;2,64;2,58;3,23;21,25;;12;1,65;7,6;3,35;3,85;3,85;0;0;45;16;12;0;0;3,31;1;MERCEARIA SALGADA;10094;GRAOS;2;MILHO PIPOCA;3,55;0,8111
18367;MILHO VERDE ETTI LT 170G;CX;24;7898930142111;20058000;1709200;ETTI;5;1,58;1,58;1,98;21,25;34,33;12;1,65;7,6;2,01;2,39;2,49;3,96;0;644;2856;4;38;0;1,98;1;MERCEARIA SALGADA;103;CONSERVAS;2;MILHO E ERVILHA;5,79166666666667;38,9435
16496;MILHO VERDE FUGINI CONSERV FOOD SH 1,7KG;CX;6;7897517209698;20058000;1709201;FUGINI;254;14,37;14,37;17,99;21,25;;12;1,65;7,6;14,05;20,9;20,9;0;22;138;97;109;3;11;20,65;1;MERCEARIA SALGADA;103;CONSERVAS;2;MILHO E ERVILHA;254,333333333333;3,82216666666667
15912;MILHO VERDE FUGINI CONSERVA SH 170G;CX;36;7897517209544;20058000;1709200;FUGINI;2041;1,57;1,57;1,96;21,25;34,33;12;1,65;7,6;1,89;2,3;2,39;3,96;2275;7703;8173;8751;273;0;2,27;1;MERCEARIA SALGADA;103;CONSERVAS;2;MILHO E ERVILHA;2041,58333333333;273,633333333333
14130;MILHO VERDE FUGINI CROC AO VAPOR LT 170G;CX;30;7897517209391;20058000;1709200;FUGINI;2030;1,71;1,71;2,14;21,25;34,33;12;1,65;7,6;2,46;2,58;2,69;3,96;615;328;511;0;9;7;2,43;1;MERCEARIA SALGADA;103;CONSERVAS;2;MILHO E ERVILHA;2030,43333333333;9,32223333333333
16319;MILHO VERDE OLE LT 1,7KG;CX;6;7891032011156;20058000;1709201;OLE;255;14,65;14,65;18,35;21,25;;12;1,65;7,6;0,34;21,9;21,9;0;0;77;88;82;2;15;18,35;1;MERCEARIA SALGADA;103;CONSERVAS;2;MILHO E ERVILHA;255,5;2,7445
13775;MILHO VERDE OLE LT 170G;CX;24;7891032013105;20058000;1709200;OLE;605;1,77;1,77;2,22;21,25;34,33;12;1,65;7,6;2,25;2,68;2,79;3,96;405;1559;1437;2659;62;0;2,22;1;MERCEARIA SALGADA;103;CONSERVAS;2;MILHO E ERVILHA;605,166666666667;62,8333333333333
15524;MILHO VERDE OLE VD 120G;CX;12;7891032013303;20058000;1709200;OLE;57;1,87;1,87;2,35;21,25;34,33;12;1,65;7,6;2,33;2,97;3,09;3,96;22;112;236;222;6;0;2,35;1;MERCEARIA SALGADA;103;CONSERVAS;2;MILHO E ERVILHA;57,8333333333333;6,33333333333333
15617;MILHO VERDE OLE VD 170G;CX;12;7891032013259;20058000;1709200;OLE;351;2,17;2,19;2,74;21,25;34,33;12;1,65;7,6;2,85;3,45;3,59;3,96;1386;3043;4561;5039;140;0;2,72;1;MERCEARIA SALGADA;103;CONSERVAS;2;MILHO E ERVILHA;351,833333333333;140,47775
24365;MILHO VERDE PREDILECTA LT 1,5KG;CX;6;7896292301870;20058000;1709201;PREDILECTA;589;12,55;12,55;15,71;21,25;;12;1,65;7,6;0;19,8;19,8;0;0;113;100;17;2;38;15,71;1;MERCEARIA SALGADA;103;CONSERVAS;2;MILHO E ERVILHA;589;2,5555
13849;MILHO VERDE PREDILECTA LT 170G;CX;24;7896292340503;20058000;1709200;PREDILECTA;4572;1,66;1,66;2,08;21,25;34,33;12;1,65;7,6;2,07;2,49;2,59;3,96;771;5348;4492;6211;178;1;2,08;1;MERCEARIA SALGADA;103;CONSERVAS;2;MILHO E ERVILHA;4572,54166666667;178,358333333333
20469;MINGAU MUCILON ARROZ AVEIA SH 180G;CX;12;7891000319543;19011030;1701500;NESTLE;69;3,42;3,42;3,99;21,25;24,7;12;1,65;7,6;4,11;4,85;4,99;2,88;92;218;0;36;2;2;4,18;10008;FORNECEDORES ESPECIAIS;10098;NESTLÉ;6;CEREAIS INFANTIS;69,75;2,82225
18385;MINGAU MUCILON ARROZ E AVEIA SH 360G;CX;9;7891000357019;19011030;1701500;NESTLE;98;5,54;5,84;7,14;21,25;24,7;12;1,65;7,6;7,03;8,74;9;2,88;5;115;13;88;2;4;6,93;10008;FORNECEDORES ESPECIAIS;10098;NESTLÉ;6;CEREAIS INFANTIS;98;2,4
20470;MINGAU MUCILON ARROZ SH 180G;CX;12;7891000319628;19011030;1701500;NESTLE;45;3,42;3,42;3,99;21,25;24,7;12;1,65;7,6;3,56;4,83;4,97;2,88;57;137;185;192;5;0;4,18;10008;FORNECEDORES ESPECIAIS;10098;NESTLÉ;6;CEREAIS INFANTIS;45;5,71108333333333
17970;MINGAU MUCILON ARROZ SH 360G;CX;9;7891000357170;19011030;1701500;NESTLE;63;5,54;5,78;7,1;21,25;24,7;12;1,65;7,6;7,03;8,74;9;2,88;3;82;27;54;1;3;6,93;10008;FORNECEDORES ESPECIAIS;10098;NESTLÉ;6;CEREAIS INFANTIS;63;1,81111111111111
20460;MINGAU MUCILON MILHO SH 180G;CX;12;7891000319581;19011030;1701500;NESTLE;79;3,42;3,42;3,99;21,25;24,7;12;1,65;7,6;3,56;4,83;4,97;2,88;46;108;124;181;4;1;4,18;10008;FORNECEDORES ESPECIAIS;10098;NESTLÉ;6;CEREAIS INFANTIS;79;4,58891666666667
18384;MINGAU MUCILON MILHO SH 360G;CX;9;7891000356975;19011030;1701500;NESTLE;42;6,64;6,52;7,64;21,25;24,7;12;1,65;7,6;7,9;8,74;9;2,88;16;24;18;49;1;4;7,69;10008;FORNECEDORES ESPECIAIS;10098;NESTLÉ;6;CEREAIS INFANTIS;42;1,01111111111111
17757;MINGAU MUCILON MULTICEREAIS SH 180G;CX;12;7891000319505;19011030;1701500;NESTLE;222;3,42;3,42;3,99;21,25;24,7;12;1,65;7,6;4,11;4,85;4,99;2,88;180;505;354;519;15;1;4,18;10008;FORNECEDORES ESPECIAIS;10098;NESTLÉ;6;CEREAIS INFANTIS;222;15,3110833333333
17969;MINGAU MUCILON MULTICEREAIS SH 360G;CX;9;7891000356890;19011030;1701500;NESTLE;291;5,54;5,75;7,08;21,25;24,7;12;1,65;7,6;7,03;8,74;9;2,88;16;227;126;270;6;4;6,93;10008;FORNECEDORES ESPECIAIS;10098;NESTLÉ;6;CEREAIS INFANTIS;291,333333333333;6,92222222222222
15503;MINI CHICKEN PERDIGAO TRAD 275G;CX;15;7891515485528;16023230;1707900;PERDIGAO;120;4,42;4,42;5,35;21,25;24,61;12;1,65;7,6;6,08;6,59;6,77;2,61;0;120;0;121;2;2;5,35;6;PERECIVEIS;10050;CONGELADOS;6;EMPANADOS CONGELADOS;120;2,6778
23764;MINI MILHO TIO PACO 200G;CX;12;7898174850513;20059900;1709200;TIO PACO;23;7,93;7,93;9,87;21,25;34,33;12;1,65;7,6;10,07;11,96;12,45;3,96;1;4;1;0;0;34;9,34;1;MERCEARIA SALGADA;103;CONSERVAS;3;OUTROS VEGETAIS;23;0,0555833333333333
18355;MIST BOLO APTI BAUNILHA 400G;CX;12;7896327511335;19012090;1704600;APTI;8;2,57;2,57;3,22;21,25;;12;1,65;7,6;3,08;3,79;3,79;0;1;13;5;20;0;1;3,22;2;MERCEARIA DOCE;204;DOCES E SOBREMESAS;1;CONFEITARIA;8;0,42225
18357;MIST BOLO APTI CHOCOLATE 400G;CX;12;7896327511984;19012090;1704600;APTI;89;2,65;2,65;3,31;21,25;;12;1,65;7,6;3,26;3,89;3,89;0;8;138;117;86;3;1;3,31;2;MERCEARIA DOCE;204;DOCES E SOBREMESAS;1;CONFEITARIA;89,9166666666667;3,78891666666667
18358;MIST BOLO APTI COCO 400G;CX;12;7896327511328;19012090;1704600;APTI;14;2,57;2,57;3,22;21,25;;12;1,65;7,6;3,08;3,79;3,79;0;1;14;21;7;0;2;3,22;2;MERCEARIA DOCE;204;DOCES E SOBREMESAS;1;CONFEITARIA;14,1666666666667;0,466666666666667
18360;MIST BOLO APTI FESTA 400G;CX;12;7896327501398;19012090;1704600;APTI;32;2,57;2,57;3,22;21,25;;12;1,65;7,6;3,08;3,79;3,79;0;1;21;15;14;0;4;3,22;2;MERCEARIA DOCE;204;DOCES E SOBREMESAS;1;CONFEITARIA;32;0,555583333333333
18356;MIST BOLO APTI LARANJA 400G;CX;12;7896327511342;19012090;1704600;APTI;36;2,57;2,57;3,22;21,25;;12;1,65;7,6;3,08;3,79;3,79;0;3;33;27;25;0;3;3,22;2;MERCEARIA DOCE;204;DOCES E SOBREMESAS;1;CONFEITARIA;36;0,944416666666667
400;MIST BOLO BOA SORTE BAUNILHA 400G;CX;12;7896005271582;19012090;1704600;BOA SORTE;16;3,08;3,06;3,84;21,25;;12;1,65;7,6;3,81;4,79;4,79;0;10;57;17;47;1;0;3,86;2;MERCEARIA DOCE;204;DOCES E SOBREMESAS;1;CONFEITARIA;16,1666666666667;1,35366666666667
401;MIST BOLO BOA SORTE CHOCOLATE 400G;CX;12;7896005271599;19012090;1704600;BOA SORTE;426;3,42;3,42;4,28;21,25;;12;1,65;7,6;4,24;5,45;5,45;0;44;315;319;309;10;3;4,28;2;MERCEARIA DOCE;204;DOCES E SOBREMESAS;1;CONFEITARIA;426;10,49075
402;MIST BOLO BOA SORTE COCO 400G;CX;12;7896005271605;19012090;1704600;BOA SORTE;18;3;3;3,76;21,25;;12;1,65;7,6;3,81;4,79;4,79;0;10;43;43;40;1;1;3,76;2;MERCEARIA DOCE;204;DOCES E SOBREMESAS;1;CONFEITARIA;18;1,4
403;MIST BOLO BOA SORTE FESTA 400G;CX;12;7896005271612;19012090;1704600;BOA SORTE;52;3,08;3,07;3,85;21,25;;12;1,65;7,6;3,72;4,79;4,79;0;6;41;38;0;0;4;3,86;2;MERCEARIA DOCE;204;DOCES E SOBREMESAS;1;CONFEITARIA;52,0833333333333;0,87775
405;MIST BOLO BOA SORTE LARANJA 400G;CX;12;7896005271636;19012090;1704600;BOA SORTE;151;3,08;3,08;3,86;21,25;;12;1,65;7,6;3,81;4,79;4,79;0;3;119;60;81;2;4;3,86;2;MERCEARIA DOCE;204;DOCES E SOBREMESAS;1;CONFEITARIA;151;2,88891666666667
12613;MIST BOLO REGINA CHOCOLATE 400G;CX;12;7896093300348;19012090;1704600;REGINA;207;2,31;2,31;2,89;21,25;;12;1,65;7,6;2,93;3,49;3,49;0;98;213;555;839;17;0;2,89;2;MERCEARIA DOCE;204;DOCES E SOBREMESAS;1;CONFEITARIA;207;17,85925
12610;MIST BOLO REGINA COCO 400G;CX;12;7896093300331;19012090;1704600;REGINA;1;2,1;2,1;2,62;21,25;;12;1,65;7,6;2,66;3,29;3,29;0;136;136;102;187;4;0;2,63;2;MERCEARIA DOCE;204;DOCES E SOBREMESAS;1;CONFEITARIA;1,75;4,72225
12612;MIST BOLO REGINA FESTA 400G;CX;12;7896093300317;19012090;1704600;REGINA;69;2,1;2,1;2,62;21,25;;12;1,65;7,6;2,66;3,29;3,29;0;24;120;219;274;6;0;2,63;2;MERCEARIA DOCE;204;DOCES E SOBREMESAS;1;CONFEITARIA;69,3333333333333;6,81941666666667
20563;MOLDADO GRAN FILE AVE/BOV 2,688KG;CX;1;7896481920134;16023230;1707900;GRAN FILE;1206;26,3;26,37;33,29;21,25;24,61;12;1,65;7,6;36,91;39,89;40,96;2,61;5415;23475;25266;25308;822;1;32,93;6;PERECIVEIS;10050;CONGELADOS;3;CARNE BOVINA CONGELADA;1206;822,767
24335;MOLHO ALHO KNORR PET 150ML;CX;24;7891150089426;21039091;1703500;KNORR;9;4,07;4,07;5,09;21,25;40,31;12;1,65;7,6;5,17;6,19;6,49;4,61;0;0;1;0;0;33;5,09;10008;FORNECEDORES ESPECIAIS;10101;UNILEVER;11;MOLHOS;9;0,011125
23182;MOLHO BARBECUE BILLY & JACK 210G;CX;12;7898937864757;21039091;1703500;BILLY & JACK (KISABOR);7;3,86;3,85;4,88;21,25;40,31;12;1,65;7,6;5,19;6,09;6,38;4,61;9;96;60;26;2;0;5,12;1;MERCEARIA SALGADA;105;CONDIMENTADOS;3;MOLHOS;7;2,02225
20501;MOLHO BARBECUE FUGINI C/144UN SH 7G;CX;1;7897517200121;21039091;1703500;FUGINI;30;5,31;7,29;9,07;21,25;40,31;12;1,65;7,6;10,07;10,9;11,43;4,61;0;0;0;5;0;535;5,85;1;MERCEARIA SALGADA;105;CONDIMENTADOS;3;MOLHOS;30;0,056
16038;MOLHO BARBECUE FUGINI SH BICO 180G;CX;32;7897517207571;21039091;1703500;FUGINI;75;1,65;1,65;2,06;21,25;40,31;12;1,65;7,6;2,1;2,57;2,69;4,61;8;22;30;61;1;1;2,07;1;MERCEARIA SALGADA;105;CONDIMENTADOS;3;MOLHOS;75,65625;1,2555625
21933;MOLHO BARBECUE FUGINI WHISKY SH BIC 180G;CX;32;7897517200091;21039091;1703500;FUGINI;3;4,2;3,75;4,62;21,25;40,31;12;1,65;7,6;5,33;5,78;6,06;4,61;0;0;0;0;0;;4,62;1;MERCEARIA SALGADA;105;CONDIMENTADOS;3;MOLHOS;3;0
2557;MOLHO BARBECUE PREDILECTA BSNG 400G;CX;24;7896292310599;21039091;1703500;PREDILECTA;2;4,19;4,18;5,24;21,25;40,31;12;1,65;7,6;4,8;6,57;6,89;4,61;13;35;18;43;1;0;5,24;1;MERCEARIA SALGADA;105;CONDIMENTADOS;3;MOLHOS;2;1,06666666666667
14233;MOLHO BARBECUE PREDILECTA ST UP 240G;CX;24;7896292309494;21039091;1703500;PREDILECTA;15;2,3;2,3;2,88;21,25;40,31;12;1,65;7,6;2,75;3,52;3,69;4,61;16;26;33;38;1;0;2,88;1;MERCEARIA SALGADA;105;CONDIMENTADOS;3;MOLHOS;15,75;1,07779166666667
2502;MOLHO BRANCO PREDILECTA SH 240G;CX;24;7896292309517;21039091;1703500;PREDILECTA;9;2,54;2,54;3,18;21,25;40,31;12;1,65;7,6;3,22;4,47;4,69;4,61;12;11;19;31;0;0;3,18;1;MERCEARIA SALGADA;105;CONDIMENTADOS;3;MOLHOS;9,5;0,677791666666667
24608;MOLHO BURGER HELLMANNS PROFISSIONA 1,6KG;CX;6;7891150198920;21039099;;HELLMANNS;5;20,08;20,08;25,15;21,25;;12;1,65;7,6;25,5;31,99;31,99;0;0;2;0;0;0;37;25,15;10008;FORNECEDORES ESPECIAIS;10101;UNILEVER;11;MOLHOS;5;0,0221666666666667
6905;MOLHO FUGINI 4 QUEIJO SH 290G;CX;32;7897517206772;21039091;1703500;FUGINI;13;6,6;6,49;8,13;21,25;40,31;12;1,65;7,6;8,38;10,3;10,8;4,61;0;17;3;12;0;1;8,26;1;MERCEARIA SALGADA;105;CONDIMENTADOS;3;MOLHOS;13,53125;0,3555625
5885;MOLHO INGLES PALMEIRON 150ML;CX;24;7898366930306;21039091;1703500;PALMEIRON;3;1,49;1,49;1,87;21,25;40,31;12;1,65;7,6;1,89;2,45;2,56;4,61;0;0;0;0;0;;1,86;1;MERCEARIA SALGADA;105;CONDIMENTADOS;3;MOLHOS;3,20833333333333;0
24118;MOLHO JALAPENO BILLY & JACK 200G;CX;12;7898416520488;21039091;1703500;BILLY & JACK (KISABOR);56;3,48;3,48;4,42;21,25;40,31;12;1,65;7,6;4,72;5,43;5,69;4,61;8;37;36;34;1;3;4,66;1;MERCEARIA SALGADA;105;CONDIMENTADOS;3;MOLHOS;56,9166666666667;1,18891666666667
24420;MOLHO LOUISIANA BILLY & JACK 200G;CX;12;7898416527319;21039091;1703500;BILLY & JACK (KISABOR);113;3,72;3,68;4,62;21,25;40,31;12;1,65;7,6;4,72;5,43;5,69;4,61;6;58;23;0;0;10;4,66;1;MERCEARIA SALGADA;105;CONDIMENTADOS;3;MOLHOS;113;0,9
6109;MOLHO MADEIRA FUGINI SH 290G;CX;36;7897517206765;21039091;1703500;FUGINI;45;4,72;4,71;5,9;21,25;40,31;12;1,65;7,6;6;7,43;7,79;4,61;1;29;11;45;0;1;5,91;1;MERCEARIA SALGADA;105;CONDIMENTADOS;3;MOLHOS;45,5833333333333;0,944444444444444
15795;MOLHO MOSTARDA FUGINI SH BICO 180G;CX;32;7897517207595;21033021;1703800;FUGINI;268;1,77;1,76;2,2;21,25;44,22;12;1,65;7,6;2,03;2,65;2,79;5,04;11;114;45;156;3;2;2,21;1;MERCEARIA SALGADA;105;CONDIMENTADOS;3;MOLHOS;268,375;3,5
4705;MOLHO ORIGINAL BILLY & JACK 200G;CX;12;7898937864078;21039091;1703500;BILLY & JACK (KISABOR);888;3,72;3,58;4,51;21,25;40,31;12;1,65;7,6;4,72;5,43;5,69;4,61;361;621;1008;996;29;2;4,66;1;MERCEARIA SALGADA;105;CONDIMENTADOS;3;MOLHOS;888,583333333333;29,1666666666667
8908;MOLHO PIMENTA CASTELINHO 150ML;CX;12;7896649800070;21039091;1703500;CASTELINHO;10;1,4;1,4;1,7;21,25;40,31;12;1,65;7,6;1,57;2,1;2,2;4,61;0;5;5;0;0;7;1,7;1;MERCEARIA SALGADA;105;CONDIMENTADOS;3;MOLHOS;10;0,111083333333333
20658;MOLHO PIMENTA GALLO JALAPENO 50ML;CX;12;5601252119967;21039021;1703500;GALLO;34;7,69;7,69;8,83;21,25;40,31;12;1,65;7,6;10,17;10,96;11,49;4,61;1;1;6;32;0;6;8,83;1;MERCEARIA SALGADA;105;CONDIMENTADOS;3;MOLHOS;34,1666666666667;0,433333333333333
22520;MOLHO PIMENTA OLE 1,01L;CX;12;7891032011606;21039099;;OLE;21;5,17;5,17;5,94;21,25;;12;1,65;7,6;6,57;6,99;6,99;0;0;0;0;2;0;82;5,94;1;MERCEARIA SALGADA;105;CONDIMENTADOS;3;MOLHOS;21,9166666666667;0,02225
15544;MOLHO PIMENTA OLE 150ML;CX;24;7891032015918;21039091;1703500;OLE;66;1,34;1,34;1,54;21,25;40,31;12;1,65;7,6;0,09;1,89;1,98;4,61;2;70;36;73;1;1;1,54;1;MERCEARIA SALGADA;105;CONDIMENTADOS;3;MOLHOS;66,7916666666667;1,99908333333333
10768;MOLHO PIMENTA SUPRA BIQ CREM 150ML;CX;24;7898496683936;21039021;1703500;SEM MARCA;2;2,41;2,41;2,79;21,25;40,31;12;1,65;7,6;2,86;3,49;3,66;4,61;0;0;3;0;0;2;2,79;1;MERCEARIA SALGADA;105;CONDIMENTADOS;3;MOLHOS;2;0,0333333333333333
22651;MOLHO SABOR BACON BILLY & JACK 200G;CX;12;7898937864924;21039091;1703500;BILLY & JACK (KISABOR);155;3,72;3,68;4,62;21,25;40,31;12;1,65;7,6;4,41;5,43;5,69;4,61;82;200;147;236;6;1;4,66;1;MERCEARIA SALGADA;105;CONDIMENTADOS;3;MOLHOS;155;6,47775
22649;MOLHO SABOR CHEDDAR BILLY & JACK 200G;CX;12;7898937864900;21039091;1703500;BILLY & JACK (KISABOR);340;3,72;3,65;4,58;21,25;40,31;12;1,65;7,6;4,72;5,43;5,69;4,61;82;288;283;319;9;2;4,66;1;MERCEARIA SALGADA;105;CONDIMENTADOS;3;MOLHOS;340;9,88891666666667
22650;MOLHO SABOR CHIPOTLE BILLY & JACK 200G;CX;12;7898937864917;21039091;1703500;BILLY & JACK (KISABOR);97;3,61;3,59;4,49;21,25;40,31;12;1,65;7,6;4,41;5,43;5,69;4,61;19;60;62;104;2;3;4,52;1;MERCEARIA SALGADA;105;CONDIMENTADOS;3;MOLHOS;97,8333333333333;2,51108333333333
24115;MOLHO SALADA KISABOR CAESAR 240ML;CX;12;7898416527517;21039091;1703500;KISABOR;3;3,18;3,18;4,03;21,25;40,31;12;1,65;7,6;4,33;5,05;5,29;4,61;2;3;13;0;0;1;4,27;1;MERCEARIA SALGADA;105;CONDIMENTADOS;3;MOLHOS;3;0,17775
8987;MOLHO SALADA KISABOR IOG C/HORTELA 240ML;CX;12;7898416524394;21039091;1703500;KISABOR;2;3,18;3,18;4,03;21,25;40,31;12;1,65;7,6;4,33;5,05;5,29;4,61;2;9;3;0;0;1;4,27;1;MERCEARIA SALGADA;105;CONDIMENTADOS;3;MOLHOS;2;0,133333333333333
8980;MOLHO SALADA KISABOR ITALIANO 240ML;CX;12;7898416524721;21039091;1703500;KISABOR;3;3,18;3,18;4,03;21,25;40,31;12;1,65;7,6;0;5,05;5,29;4,61;2;11;3;0;0;1;4,27;1;MERCEARIA SALGADA;105;CONDIMENTADOS;3;MOLHOS;3;0,155583333333333
24114;MOLHO SALADA KISABOR LIMAO 240ML;CX;12;7898416524769;21039091;1703500;KISABOR;8;3,41;3,37;4,23;21,25;40,31;12;1,65;7,6;0;5,05;5,29;4,61;2;5;3;0;0;7;4,27;1;MERCEARIA SALGADA;105;CONDIMENTADOS;3;MOLHOS;8;0,0889166666666667
24111;MOLHO SALADA KISABOR MOSTARD E MEL 240ML;CX;12;7898416524486;21039091;1703500;KISABOR;21;3,41;3,27;4,13;21,25;40,31;12;1,65;7,6;0;5,05;5,29;4,61;3;2;4;0;0;26;4,27;1;MERCEARIA SALGADA;105;CONDIMENTADOS;3;MOLHOS;21;0,0666666666666667
9730;MOLHO SALADA KISABOR PARMESAO 240ML;CX;12;7898416524738;21039091;1703500;KISABOR;21;3,41;3,34;4,2;21,25;40,31;12;1,65;7,6;0;5,05;5,29;4,61;3;3;8;0;0;14;4,27;1;MERCEARIA SALGADA;105;CONDIMENTADOS;3;MOLHOS;21;0,12225
24113;MOLHO SALADA KISABOR ROSE 240ML;CX;12;7898416524714;21039091;1703500;KISABOR;22;3,41;3,41;4,27;21,25;40,31;12;1,65;7,6;0;5,05;5,29;4,61;3;2;8;0;0;16;4,27;1;MERCEARIA SALGADA;105;CONDIMENTADOS;3;MOLHOS;22;0,111083333333333
13615;MOLHO SHOYU KNORR 1L;CX;12;7894000030678;21031090;;KNORR;2;10,15;10,15;12,71;21,25;;12;1,65;7,6;12,89;15,99;15,99;0;0;0;0;0;0;;12,71;10008;FORNECEDORES ESPECIAIS;10101;UNILEVER;11;MOLHOS;2;0
22768;MOLHO SHOYU MITSUWA TRAD PET 900ML;CX;12;7896054905094;21031090;;FUGINI;12;6,26;6,26;7,83;21,25;;12;1,65;7,6;6,75;8,9;8,9;0;2;0;2;0;0;44;7,83;1;MERCEARIA SALGADA;105;CONDIMENTADOS;3;MOLHOS;12;0,02225
22521;MOLHO SHOYU OLE FR 1,01L;CX;12;7891032011613;21031090;;OLE;6;5,74;5,65;6,48;21,25;;12;1,65;7,6;6,69;7,79;7,79;0;1;8;3;6;0;3;6,59;1;MERCEARIA SALGADA;105;CONDIMENTADOS;3;MOLHOS;6,91666666666667;0,188916666666667
22522;MOLHO SHOYU OLE FR 150ML;CX;24;7891032013891;21031010;1703600;OLE;54;1,38;1,38;1,59;21,25;48,65;12;1,65;7,6;1,76;1,97;2,09;5,52;23;22;10;46;0;2;1,59;1;MERCEARIA SALGADA;105;CONDIMENTADOS;3;MOLHOS;54,75;0,866666666666667
6906;MOLHO STROGONOFF FUGINI SH 290G;CX;32;7897517206819;21039091;1703500;FUGINI;2;4,75;4,54;5,68;21,25;40,31;12;1,65;7,6;6,04;7,09;7,43;4,61;0;0;0;0;0;;5,95;1;MERCEARIA SALGADA;105;CONDIMENTADOS;3;MOLHOS;2;0
24119;MOLHO TASTY BILLY & JACK 200G;CX;12;7898416520471;21039091;1703500;BILLY & JACK (KISABOR);119;3,72;3,62;4,56;21,25;40,31;12;1,65;7,6;4,41;5,43;5,69;4,61;44;123;119;69;3;2;4,66;1;MERCEARIA SALGADA;105;CONDIMENTADOS;3;MOLHOS;119;3,45558333333333
6515;MOLHO TOM FUGINI BOLONHESA VEGA SH 300G;CX;36;7897517206116;21032010;1704100;FUGINI;68;1,98;1,96;2,45;21,25;39,88;12;1,65;7,6;2,52;2,95;3,09;4,57;3;38;39;28;1;1;2,48;1;MERCEARIA SALGADA;101;ATOMATADOS;3;MOLHO SABORES;68,7222222222222;1,16666666666667
4388;MOLHO TOM FUGINI ERVAS FINAS SH 300G;CX;36;7897517206710;21032010;1704100;FUGINI;88;1,97;1,96;2,45;21,25;39,88;12;1,65;7,6;2,5;2,95;3,09;4,57;2;25;26;34;0;2;2,47;1;MERCEARIA SALGADA;101;ATOMATADOS;3;MOLHO SABORES;88,1388888888889;0,944444444444444
23975;MOLHO TOM FUGINI HOT DOG SH 300G;CX;36;7897517206581;21032010;1704100;FUGINI;24;1,66;1,6;2;21,25;39,88;12;1,65;7,6;2,1;2,56;2,68;4,57;0;1;17;4;0;2;2,07;1;MERCEARIA SALGADA;101;ATOMATADOS;3;MOLHO SABORES;24,5833333333333;0,244444444444444
4389;MOLHO TOM FUGINI MANJERICAO SH 300G;CX;36;7897517206123;21032010;1704100;FUGINI;40;1,96;1,96;2,45;21,25;39,88;12;1,65;7,6;2,49;2,95;3,09;4,57;2;68;41;70;1;0;2,45;1;MERCEARIA SALGADA;101;ATOMATADOS;3;MOLHO SABORES;40;1,98888888888889
4390;MOLHO TOM FUGINI PIZZA SH 300G;CX;36;7897517206130;21032010;1704100;FUGINI;81;2,04;2,03;2,54;21,25;39,88;12;1,65;7,6;2,59;2,95;3,09;4,57;4;43;39;42;1;1;2,56;1;MERCEARIA SALGADA;101;ATOMATADOS;3;MOLHO SABORES;81,1944444444444;1,38641666666667
23974;MOLHO TOM FUGINI PREMIUM SH 300G;CX;36;7897517206550;21032010;1704100;FUGINI;32;1,89;1,89;2,37;21,25;39,88;12;1,65;7,6;2,18;2,76;2,89;4,57;2;13;5;10;0;2;2,37;1;MERCEARIA SALGADA;101;ATOMATADOS;2;MOLHO DE TOMATE;32,5833333333333;0,311111111111111
6910;MOLHO TOM FUGINI TRAD PENEIRADO SH 300G;CX;36;7897517206178;21032010;1704100;FUGINI;448;1;0,99;1,24;21,25;39,88;12;1,65;7,6;1,27;1,52;1,59;4,57;37;101;206;187;5;2;1,5;1;MERCEARIA SALGADA;101;ATOMATADOS;2;MOLHO DE TOMATE;448;5,48888888888889
17981;MOLHO TOM FUGINI TRAD SH 1,02KG;CX;12;7897517206598;21032090;;FUGINI;71;4,73;4,73;5,92;21,25;;12;1,65;7,6;6;6,98;6,98;0;28;90;54;36;2;2;5,92;1;MERCEARIA SALGADA;101;ATOMATADOS;2;MOLHO DE TOMATE;71;2
4387;MOLHO TOM FUGINI TRAD SH 300G;CX;36;7897517206086;21032010;1704100;FUGINI;5528;0,81;0,81;1,01;21,25;39,88;12;1,65;7,6;1,03;1,19;1,25;4,57;6676;21299;26047;26616;821;0;1,3;1;MERCEARIA SALGADA;101;ATOMATADOS;2;MOLHO DE TOMATE;5528,52777777778;821,8
6550;MOLHO TOM FUGINI ZERO SH 300G;CX;36;7897517206741;21032010;1704100;FUGINI;47;1,71;1,71;2,14;21,25;39,88;12;1,65;7,6;2,17;2,66;2,79;4,57;18;30;15;59;1;1;2,14;1;MERCEARIA SALGADA;101;ATOMATADOS;2;MOLHO DE TOMATE;47,3611111111111;1,15555555555556
23719;MOLHO TOM OLE AZEITON MASTERCHEF VD 420G;CX;12;7891032015291;21032010;1704100;OLE;142;5,89;5,89;7,37;21,25;39,88;12;1,65;7,6;7,47;9,19;9,63;4,57;2;0;3;4;0;152;7,37;1;MERCEARIA SALGADA;101;ATOMATADOS;3;MOLHO SABORES;142,5;0,07775
18146;MOLHO TOM OLE AZEITONA SH 300G;CX;32;7891032014669;21032010;1704100;OLE;34;1,51;1,5;1,88;21,25;39,88;12;1,65;7,6;0,06;2,19;2,29;4,57;3;26;41;37;1;0;1,9;1;MERCEARIA SALGADA;101;ATOMATADOS;3;MOLHO SABORES;34,6875;1,1555625
18432;MOLHO TOM OLE AZEITONAS VD 320G;CX;12;7891032015253;21032010;1704100;OLE;4;3,89;3,82;4,78;21,25;39,88;12;1,65;7,6;4,94;5,78;6,06;4,57;2;1;0;0;0;30;4,87;1;MERCEARIA SALGADA;101;ATOMATADOS;3;MOLHO SABORES;4;0,0110833333333333
16762;MOLHO TOM OLE BOLONHESA SH 300G;CX;32;7891032014676;21032010;1704100;OLE;51;1,61;1,6;2,01;21,25;39,88;12;1,65;7,6;0,06;2,47;2,59;4,57;20;27;41;68;1;1;2,01;1;MERCEARIA SALGADA;101;ATOMATADOS;3;MOLHO SABORES;51,40625;1,511125
17614;MOLHO TOM OLE ERVAS FINAS SH 300G;CX;32;7891032014652;21032010;1704100;OLE;59;1,23;1,22;1,52;21,25;39,88;12;1,65;7,6;0,06;1,89;1,98;4,57;24;44;57;48;1;1;1,53;1;MERCEARIA SALGADA;101;ATOMATADOS;3;MOLHO SABORES;59,4375;1,6555625
17613;MOLHO TOM OLE MANJERICAO SH 300G;CX;32;7891032014645;21032010;1704100;OLE;26;1,23;1,21;1,51;21,25;39,88;12;1,65;7,6;0,06;1,9;1,99;4,57;19;68;76;98;2;0;1,53;1;MERCEARIA SALGADA;101;ATOMATADOS;3;MOLHO SABORES;26,875;2,688875
17161;MOLHO TOM OLE PIZZA SH 300G;CX;32;7891032014638;21032010;1704100;OLE;99;1,23;1,22;1,53;21,25;39,88;12;1,65;7,6;1,56;1,89;1,98;4,57;20;31;52;53;1;2;1,53;1;MERCEARIA SALGADA;101;ATOMATADOS;3;MOLHO SABORES;99,90625;1,511125
23717;MOLHO TOM OLE TRAD MASTERCHEF VD 420G;CX;12;7891032015277;21032010;1704100;OLE;128;5,89;5,89;7,37;21,25;39,88;12;1,65;7,6;7,47;9,19;9,63;4,57;6;0;2;1;0;246;7,37;1;MERCEARIA SALGADA;101;ATOMATADOS;2;MOLHO DE TOMATE;128,583333333333;0,0435
22053;MOLHO TOM OLE TRAD SH 1700GRS;CX;6;7891032011194;21032090;;OLE;86;6,4;6,39;8,01;21,25;;12;1,65;7,6;0,34;9,5;9,5;0;0;13;73;100;2;6;8,01;1;MERCEARIA SALGADA;101;ATOMATADOS;2;MOLHO DE TOMATE;86,3333333333333;2,06666666666667
16852;MOLHO TOM OLE TRAD SH 300G;CX;32;7891032014621;21032010;1704100;OLE;39;0,99;0,99;1,23;21,25;39,88;12;1,65;7,6;1,29;1,42;1,49;4,57;467;2245;1027;1791;56;0;1,24;1;MERCEARIA SALGADA;101;ATOMATADOS;2;MOLHO DE TOMATE;39,5;56,2555625
23399;MOLHO TOM PALISTINHA REFOGADO SH 300G;CX;36;7898556015257;21032010;1704100;PALISTINHA;1935;0,62;0,62;0,72;21,25;39,88;12;1,65;7,6;0,74;0,91;0,95;4,57;472;1863;1575;2909;70;0;0,72;1;MERCEARIA SALGADA;101;ATOMATADOS;2;MOLHO DE TOMATE;1935,16666666667;70,5222222222222
7724;MOLHO TOM POMAROLA AZEITONA SH 300G;CX;24;7896036096062;21032010;1704100;POMAROLA;30;2,55;2,48;3,11;21,25;39,88;12;1,65;7,6;3,11;3,81;3,99;4,57;15;87;36;45;1;0;3,19;10008;FORNECEDORES ESPECIAIS;10097;CARGIL;4;MOLHO SABORES;30,0833333333333;1,86666666666667
8546;MOLHO TOM POMAROLA CASEIRO SH 300G;CX;24;7896036036051;21032010;1704100;POMAROLA;10;2,14;2,12;2,64;21,25;39,88;12;1,65;7,6;2,55;3,23;3,39;4,57;16;140;67;102;3;0;2,67;10008;FORNECEDORES ESPECIAIS;10097;CARGIL;4;MOLHO SABORES;10,2916666666667;3,43333333333333
7445;MOLHO TOM POMAROLA MANJERICAO SH 300G;CX;24;7896036096079;21032010;1704100;POMAROLA;51;2,14;2,12;2,66;21,25;39,88;12;1,65;7,6;2,59;3,14;3,29;4,57;34;84;52;81;2;0;2,67;10008;FORNECEDORES ESPECIAIS;10097;CARGIL;4;MOLHO SABORES;51;2,411125
13589;MOLHO TOM POMAROLA PARMEGIANA SH 300G;CX;24;7896036095072;21032010;1704100;POMAROLA;6;2,14;2,12;2,65;21,25;39,88;12;1,65;7,6;2,59;3,23;3,39;4,57;19;75;57;44;1;0;2,67;10008;FORNECEDORES ESPECIAIS;10097;CARGIL;4;MOLHO SABORES;6,20833333333333;1,95554166666667
7708;MOLHO TOM POMAROLA PIZZA SH 300G;CX;24;7896036095065;21032010;1704100;POMAROLA;62;2,14;2,01;2,54;21,25;39,88;12;1,65;7,6;2,59;3,14;3,29;4,57;12;37;51;32;1;1;2,67;10008;FORNECEDORES ESPECIAIS;10097;CARGIL;4;MOLHO SABORES;62,0833333333333;1,33333333333333
24300;MOLHO TOM POMAROLA TRAD SH 200G;CX;32;7896036001684;21032010;1704100;POMAROLA;267;1,19;1,19;1,49;21,25;39,88;12;1,65;7,6;0;1,9;1,99;4,57;167;202;180;92;5;1;1,49;10008;FORNECEDORES ESPECIAIS;10097;CARGIL;3;MOLHO DE TOMATE;267,25;5,26665625
18185;MOLHO TOM POMAROLA TRAD SH 300G;CX;24;7896036099988;21032010;1704100;POMAROLA;17;1,7;1,7;2,12;21,25;39,88;12;1,65;7,6;2,15;2,76;2,89;4,57;139;1187;768;1169;34;0;2,12;10008;FORNECEDORES ESPECIAIS;10097;CARGIL;3;MOLHO DE TOMATE;17;34,711125
19036;MOLHO TOM POMAROLA TRAD SH 460G;CX;24;7896036099773;21032010;1704100;POMAROLA;16;2,34;2,34;2,95;21,25;39,88;12;1,65;7,6;2,94;3,71;3,89;4,57;2;43;61;43;1;0;3,03;10008;FORNECEDORES ESPECIAIS;10097;CARGIL;3;MOLHO DE TOMATE;16,3333333333333;1,63333333333333
2132;MOLHO TOM POMAROLA TRAD TP 520G;CX;12;7896036095102;21032010;1704100;POMAROLA;553;2,65;2,65;3,32;21,25;39,88;12;1,65;7,6;3,38;4,09;4,29;4,57;176;1368;988;1557;43;1;3,32;10008;FORNECEDORES ESPECIAIS;10097;CARGIL;3;MOLHO DE TOMATE;553,5;43,48425
21800;MOLHO TOM POMODORO SC 300G;CX;24;7896036098981;21032010;1704100;POMODORO (CICA);1333;0,78;0,79;1;21,25;39,88;12;1,65;7,6;1,01;1,19;1,25;4,57;103;270;171;162;6;8;1,1;10008;FORNECEDORES ESPECIAIS;10097;CARGIL;3;MOLHO DE TOMATE;1333,08333333333;6,7
17759;MOLHO TOM PREDILECTA BOLONHESA SH 300G;CX;32;7896292333994;21032010;1704100;PREDILECTA;204;2,08;2,08;2,6;21,25;39,88;12;1,65;7,6;2,59;3,23;3,38;4,57;25;27;103;123;2;2;2,6;1;MERCEARIA SALGADA;101;ATOMATADOS;3;MOLHO SABORES;204;2,811125
17106;MOLHO TOM PREDILECTA ERV FINA SH 300G;CX;32;7896292334038;21032010;1704100;PREDILECTA;175;1,27;1,27;1,59;21,25;39,88;12;1,65;7,6;1,53;1,99;2,09;4,57;9;122;136;117;4;1;1,59;1;MERCEARIA SALGADA;101;ATOMATADOS;3;MOLHO SABORES;175,84375;4,16665625
17763;MOLHO TOM PREDILECTA HOT DOG ST UP 300G;CX;32;7896292334052;21032010;1704100;PREDILECTA;161;1,27;1,27;1,59;21,25;39,88;12;1,65;7,6;1,62;1,99;2,09;4,57;22;141;87;98;3;1;1,59;1;MERCEARIA SALGADA;101;ATOMATADOS;3;MOLHO SABORES;161;3,62221875
17107;MOLHO TOM PREDILECTA MANJERIC ST UP 300G;CX;32;7896292334076;21032010;1704100;PREDILECTA;137;1,27;1,27;1,59;21,25;39,88;12;1,65;7,6;1,53;1,99;2,09;4,57;29;204;136;202;6;0;1,59;1;MERCEARIA SALGADA;101;ATOMATADOS;3;MOLHO SABORES;137,0625;6,02221875
17514;MOLHO TOM PREDILECTA PIZZA ST UP 300G;CX;32;7896292334113;21032010;1704100;PREDILECTA;180;1,27;1,27;1,59;21,25;39,88;12;1,65;7,6;1,62;1,99;2,09;4,57;29;109;78;109;3;1;1,59;1;MERCEARIA SALGADA;101;ATOMATADOS;3;MOLHO SABORES;180,125;3,288875
16526;MOLHO TOM PREDILECTA REFOGADO ST UP 300G;CX;40;7896292333000;21032010;1704100;PREDILECTA;5433;0,8;0,8;1;21,25;39,88;12;1,65;7,6;1,04;1,23;1,29;4,57;2720;10879;9724;12883;372;0;1;1;MERCEARIA SALGADA;101;ATOMATADOS;2;MOLHO DE TOMATE;5433,875;372,07555
17034;MOLHO TOM PREDILECTA TRADICI ST UP 1,7KG;CX;8;7896292334540;21032090;;PREDILECTA;98;7,07;7,04;8,81;21,25;;12;1,65;7,6;8,51;10,9;10,9;0;4;22;30;16;0;16;8,85;1;MERCEARIA SALGADA;101;ATOMATADOS;2;MOLHO DE TOMATE;98;0,7555
18354;MOLHO TOM SALSARETTI BASILICO VD 500G;CX;24;7891300900366;21032010;1704100;ETTI (SALSARETTI);189;7,05;6,75;8,4;21,25;39,88;12;1,65;7,6;8,96;11,35;11,89;4,57;16;36;33;77;1;4;8,83;1;MERCEARIA SALGADA;101;ATOMATADOS;3;MOLHO SABORES;189,166666666667;1,62220833333333
10293;MOLHO TOM SALSARETTI CLASSICO VD 500G;CX;24;7891300900359;21032010;1704100;ETTI (SALSARETTI);238;7,05;6,99;8,75;21,25;39,88;12;1,65;7,6;8,96;11,35;11,89;4,57;16;61;38;168;2;3;8,83;1;MERCEARIA SALGADA;101;ATOMATADOS;2;MOLHO DE TOMATE;238,125;2,976375
10294;MOLHO TOM SALSARETTI OLIVA VD 500G;CX;24;7891300900373;21032010;1704100;ETTI (SALSARETTI);110;7,32;7,31;9,15;21,25;39,88;12;1,65;7,6;9,3;11,35;11,89;4,57;16;38;3;86;1;3;9,17;1;MERCEARIA SALGADA;101;ATOMATADOS;3;MOLHO SABORES;110,75;1,411125
18353;MOLHO TOM SALSARETTI TRAD ST UP 300G;CX;36;7898930142654;21032010;1704100;ETTI (SALSARETTI);27;1,11;1,11;1,39;21,25;39,88;12;1,65;7,6;1,41;1,61;1,69;4,57;0;0;88;58;1;0;1,39;1;MERCEARIA SALGADA;101;ATOMATADOS;2;MOLHO DE TOMATE;27,6111111111111;1,62222222222222
16981;MOLHO TOM TARANTELLA TRAD SH 300G;CX;24;7896036099544;21032010;1704100;TARANTELLA;21;1,06;1,05;1,32;21,25;39,88;12;1,65;7,6;1,2;1,61;1,69;4,57;16;156;208;82;4;0;1,33;10008;FORNECEDORES ESPECIAIS;10097;CARGIL;3;MOLHO DE TOMATE;21,7083333333333;4,95554166666667
16831;MOLHO TOMATE FUGINI PIZZA FOOD SH 1,7KG;CX;6;7897517207144;21032090;;FUGINI;29;7,82;7,6;9,51;21,25;;12;1,65;7,6;9,93;10,9;10,9;0;4;14;11;24;0;8;9,8;1;MERCEARIA SALGADA;101;ATOMATADOS;3;MOLHO SABORES;29;0,5445
16832;MOLHO TOMATE FUGINI TRAD FOOD SH 1,7KG;CX;6;7897517207151;21032090;;FUGINI;79;6,83;6,82;8,55;21,25;;12;1,65;7,6;6,11;10,5;10,5;0;28;84;55;89;2;5;8,55;1;MERCEARIA SALGADA;101;ATOMATADOS;2;MOLHO DE TOMATE;79,1666666666667;2,53333333333333
11344;MOLHO VERDE BILLY & JACK 200G;CX;12;7898937864023;21039091;1703500;BILLY & JACK (KISABOR);180;3,72;3,72;4,65;21,25;40,31;12;1,65;7,6;4,41;5,43;5,69;4,61;107;185;116;333;7;2;4,66;1;MERCEARIA SALGADA;105;CONDIMENTADOS;3;MOLHOS;180,833333333333;7,04441666666667
1270;MORTADELA PERDIGAO BOLOGNELLA KG;CX;10,5;1270;16010000;1707800;PERDIGAO;101;8,31;8,31;9,34;16,25;;7;1,65;7,6;9,28;11,89;11,89;0;100;200;200;301;7;1;9,34;6;PERECIVEIS;10053;FRIOS E EMBUTIDOS;2;EMBUTIDOS;101;7,78885714285714
23181;MOSTARDA BILLY & JACK 200G;CX;12;7898937864740;21033021;1703800;BILLY & JACK (KISABOR);24;3,19;3,16;3,96;21,25;44,22;12;1,65;7,6;4,08;4,61;4,85;5,04;4;30;43;42;1;1;4;1;MERCEARIA SALGADA;105;CONDIMENTADOS;4;MOSTARDA;24;1,27775
6227;MOSTARDA ETTI 190G;CX;24;7891300909819;21033021;1703800;ETTI;5;2,11;2,04;2,55;21,25;44,22;12;1,65;7,6;2,38;3,12;3,29;5,04;2;37;18;32;0;0;2,64;1;MERCEARIA SALGADA;105;CONDIMENTADOS;4;MOSTARDA;5;0,966666666666667
21935;MOSTARDA FUGINI C/ MEL SACHE BICO 180GR;CX;32;7897517200114;21033021;1703800;FUGINI;2;2,51;2,99;3,75;21,25;44,22;12;1,65;7,6;3,19;4,7;4,95;5,04;2;3;1;8;0;0;3,91;1;MERCEARIA SALGADA;105;CONDIMENTADOS;4;MOSTARDA;2,53125;0,13334375
20510;MOSTARDA FUGINI C/144UN SACHE 7G;CX;1;7897517201326;21033021;;FUGINI;10;5,98;7,08;8,74;21,25;;12;1,65;7,6;10,2;10,9;10,9;0;0;10;0;5;0;59;6,46;1;MERCEARIA SALGADA;105;CONDIMENTADOS;4;MOSTARDA;10;0,167
6951;MOSTARDA HELLMANNS 170G;CX;24;7891150027794;21033021;1703800;HELLMANNS;177;4,98;4,98;6,44;21,25;44,22;12;1,65;7,6;7,13;7,59;7,99;5,04;45;130;64;102;3;2;7,24;10008;FORNECEDORES ESPECIAIS;10101;UNILEVER;12;MOSTARDA;177,541666666667;3,288875
24485;MOSTARDA HELLMANNS SUPREME 250G;CX;24;7891150105706;21033021;1703800;HELLMANNS;5;7,13;7,13;9;21,25;44,22;12;1,65;7,6;8,85;11,2;11,79;5,04;0;8;3;0;0;1;9,31;10008;FORNECEDORES ESPECIAIS;10101;UNILEVER;12;MOSTARDA;5;0,122208333333333
15548;MOSTARDA OLE BNG 180G;CX;24;7891032015994;21033021;1703800;OLE;31;1,87;1,87;2,34;21,25;44,22;12;1,65;7,6;1,83;2,93;3,09;5,04;11;69;69;99;2;0;2,34;1;MERCEARIA SALGADA;105;CONDIMENTADOS;4;MOSTARDA;31,7916666666667;2,63333333333333
23539;MOSTARDA OLE FR 1060GR;CX;12;7891032011590;21033029;;OLE;186;6,34;6,34;7,94;21,25;;12;1,65;7,6;8,05;9,39;9,39;0;0;0;1;0;0;1405;7,94;1;MERCEARIA SALGADA;105;CONDIMENTADOS;4;MOSTARDA;186,916666666667;0,0110833333333333
979;MOSTARDA PREDILECTA 180G;CX;24;7896292300477;21033021;1703800;PREDILECTA;1728;1,93;1,93;2,42;21,25;44,22;12;1,65;7,6;2,39;2,93;3,09;5,04;275;1282;1521;1988;53;1;2,42;1;MERCEARIA SALGADA;105;CONDIMENTADOS;4;MOSTARDA;1728,375;53,2435
17033;MOSTARDA PREDILECTA C/144UN SH 5G;CX;1;17896292324470;21033021;;PREDILECTA;50;8,43;8,43;10,55;21,25;;12;1,65;7,6;10,03;11,9;11,9;0;0;6;0;45;0;88;10,55;1;MERCEARIA SALGADA;105;CONDIMENTADOS;4;MOSTARDA;50;0,567
4070;MOSTARDA PREDILECTA GALAO 3,3KG;CX;4;7896292300453;21033029;;PREDILECTA;12;18,05;18,05;22,6;21,25;;12;1,65;7,6;22,92;26,9;26,9;0;10;10;10;10;0;9;22,6;1;MERCEARIA SALGADA;105;CONDIMENTADOS;4;MOSTARDA;12;0,33325
11516;NECTAR DAFRUTA CAJU TP 1L;CX;12;7896005401279;22029900;1711200;DAFRUTA;8;2,21;2,21;2,77;9,25;;0;1,65;7,6;2,44;3,69;3,69;0;85;63;58;67;2;0;2,77;10005;BEBIDAS;10073;SUCOS;211;NÉCTARES;8;2,08891666666667
9111;NECTAR DAFRUTA CAJU TP 200ML;CX;27;7896005401156;22029900;1711200;DAFRUTA;110;0,91;0,91;1,14;9,25;;0;1,65;7,6;1;1,49;1,49;0;6;68;66;75;2;1;1,14;10005;BEBIDAS;10073;SUCOS;211;NÉCTARES;110,037037037037;2,33292592592593
9270;NECTAR DAFRUTA UVA TP 200ML;CX;27;7896005401200;22029900;1711200;DAFRUTA;54;0,99;0,99;1,23;9,25;;0;1,65;7,6;0,84;1,49;1,49;0;0;0;0;0;0;;1,21;10005;BEBIDAS;10073;SUCOS;211;NÉCTARES;54;0
11667;NECTAR MAGUARY CAJU TP 1L;CX;12;7896000530356;22029900;1711200;MAGUARY;34;2,85;2,85;3,57;21,25;29,99;12;1,65;7,6;3,62;4,53;4,69;3,47;19;23;1;34;0;4;3,57;10005;BEBIDAS;10073;SUCOS;211;NÉCTARES;34;0,644416666666667
20711;NECTAR MAGUARY UVA TP 200ML;CX;27;7896000594099;22029900;1711200;MAGUARY;6;1,07;0,96;1,18;9,25;;0;1,65;7,6;1,12;1,55;1,55;0;2;118;8;23;1;0;1,18;10005;BEBIDAS;10073;SUCOS;211;NÉCTARES;6,81481481481481;1,65555555555556
6981;NESQUIK MORANGO 380G;CX;24;7891000104101;21069010;1710500;NESQUIK;51;9,4;9,4;10,99;21,25;;12;1,65;7,6;10,18;13,19;13,19;0;8;60;69;8;1;1;11,68;2;MERCEARIA DOCE;201;ACHOCOLATADOS;3;SABORES;51;1,52220833333333
19283;NESTON 3 CEREAIS 360G;CX;18;7891000358801;11042900;;NESTLE;78;7,54;7,54;8,79;21,25;;12;1,65;7,6;9,05;10,79;10,79;0;4;35;37;1;0;5;9,2;2;MERCEARIA DOCE;203;MATINAIS;1;CEREAIS;78;0,821611111111111
1533;NESTON 3 CEREAIS SH 210G;CX;12;7891000098950;11042900;;NESTLE;154;3,37;3,37;3,99;21,25;;12;1,65;7,6;4,54;4,89;4,89;0;291;275;345;399;11;1;4,53;2;MERCEARIA DOCE;203;MATINAIS;1;CEREAIS;154;11,32225
4984;NUTELLA 140G;CX;10;7898024395232;18069000;1700400;NUTELLA;318;7,35;7,73;9,39;21,25;28,36;12;1,65;7,6;9,33;11,49;11,88;3,29;36;207;778;247;13;2;9,2;10008;FORNECEDORES ESPECIAIS;10098;NESTLÉ;9;CREMES;318;13,6889
7531;NUTELLA 650G;CX;6;7898024396529;18069000;1700400;NUTELLA;44;30,73;30,75;36,06;21,25;28,36;12;1,65;7,6;36,53;41,58;42,99;3,29;3;135;46;225;4;1;36,07;10008;FORNECEDORES ESPECIAIS;10098;NESTLÉ;9;CREMES;44;4,51116666666667
23076;ODORIZANTE AMB E TEC COALA ALECRIM 260ML;CX;6;7897744504870;33074900;;COALA;21;17,1;16,37;18,22;12;;12;0;0;19,43;22,59;22,59;0;1;0;3;2;0;63;15;10001;LIMPEZA;10054;CUIDADOS COM A CASA;168;PURIFICADORES E ODORIZADORES;21;0,0555
23081;ODORIZANTE AMB E TEC COALA AMX DOU 260ML;CX;6;7897744505426;33074900;;COALA;7;17,1;17,1;18,98;12;;12;0;0;19,43;22,59;22,59;0;0;9;5;3;0;6;15;10001;LIMPEZA;10054;CUIDADOS COM A CASA;168;PURIFICADORES E ODORIZADORES;7;0,188833333333333
23077;ODORIZANTE AMB E TEC COALA BAMBU 260ML;CX;6;7897744504832;33074900;;COALA;10;18,93;15,92;17,82;12;;12;0;0;21,51;22,59;22,59;0;0;6;5;3;0;10;15,67;10001;LIMPEZA;10054;CUIDADOS COM A CASA;168;PURIFICADORES E ODORIZADORES;10;0,1555
23078;ODORIZANTE AMB E TEC COALA CHA BCO 260ML;CX;6;7897744504818;33074900;;COALA;2;17,1;17,1;18,98;12;;12;0;0;19,43;22,59;22,59;0;2;15;13;10;0;0;15;10001;LIMPEZA;10054;CUIDADOS COM A CASA;168;PURIFICADORES E ODORIZADORES;2;0,422166666666667
23082;ODORIZANTE AMB E TEC COALA FLOR CA 260ML;CX;6;7897744505624;33074900;;COALA;20;17,1;17,32;19,25;12;;12;0;0;19,43;22,59;22,59;0;3;8;2;1;0;27;15;10001;LIMPEZA;10054;CUIDADOS COM A CASA;168;PURIFICADORES E ODORIZADORES;20;0,122166666666667
23079;ODORIZANTE AMB E TEC COALA LAVANDA 260ML;CX;6;7897744504825;33074900;;COALA;7;17,1;17,1;18,98;12;;12;0;0;19,43;22,59;22,59;0;2;2;3;5;0;10;15;10001;LIMPEZA;10054;CUIDADOS COM A CASA;168;PURIFICADORES E ODORIZADORES;7;0,111166666666667
24058;ODORIZANTE AMB E TEC COALA SOL BRA 260ML;CX;6;7896017202376;33074900;;COALA;37;15,47;13,63;15,13;12;;12;0;0;17,58;22,59;22,59;0;0;20;3;3;0;21;13,57;10001;LIMPEZA;10054;CUIDADOS COM A CASA;168;PURIFICADORES E ODORIZADORES;37;0,288833333333333
24062;ODORIZANTE AMB E TEC COALA THE QUE 260ML;CX;6;7896017202369;33074900;;COALA;44;15,47;13,37;14,84;12;;12;0;0;17,58;22,59;22,59;0;0;18;3;2;0;28;13,57;10001;LIMPEZA;10054;CUIDADOS COM A CASA;168;PURIFICADORES E ODORIZADORES;44;0,2555
23068;ODORIZANTE AMBIENT COALA FLORAL GEL 60G;CX;12;7897744504962;33074900;;COALA;2;4,26;4,26;4,85;12;;12;0;0;4,85;5,99;5,99;0;0;0;0;0;0;;4,85;10001;LIMPEZA;10054;CUIDADOS COM A CASA;168;PURIFICADORES E ODORIZADORES;2;0
23067;ODORIZANTE AMBIENT COALA MARINE GEL 60G;CX;12;7897744504207;33074900;;COALA;3;4,26;4,26;4,85;12;;12;0;0;4,85;5,99;5,99;0;0;0;2;6;0;2;4,85;10001;LIMPEZA;10054;CUIDADOS COM A CASA;168;PURIFICADORES E ODORIZADORES;3;0,0889166666666667
23088;ODORIZANTE AUTO COALA GEL CARRO NOVO 60G;CX;12;7897744504603;33074900;;COALA;2;4,69;4,69;5,33;12;;12;0;0;5,33;5,99;5,99;0;0;0;3;0;0;5;5,33;10001;LIMPEZA;10054;CUIDADOS COM A CASA;168;PURIFICADORES E ODORIZADORES;2;0,0333333333333333
23091;ODORIZANTE AUTO COALA SPRAY TUTTI FR 60G;CX;12;7897744502890;33074900;;COALA;7;8,62;8,16;9,06;12;;12;0;0;9,8;10,99;10,99;0;0;4;0;1;0;10;7,5;10001;LIMPEZA;10054;CUIDADOS COM A CASA;168;PURIFICADORES E ODORIZADORES;7;0,0555833333333333
22334;OLEO 100% OLIVA BAG GALLO EX SV 500ML;CX;12;5601252120666;15109000;1706800;GALLO;291;11,47;11,47;12;12;29,1;12;0;0;14,22;14,49;15;3,37;256;62;124;258;4;4;13,31;10006;ALTO GIRO;10085;ÓLEOS E AZEITES;24;OLEO ESPECIAL;291;4,93333333333333
16698;OLEO ALGODAO LIZA PET 900ML;CX;20;7896036099254;15122910;1706901;LIZA;9;11,25;11,19;12,72;21,25;12,24;21,25;0;0;14,28;14,77;14,99;1,45;0;0;1;4;0;8;12,78;10008;FORNECEDORES ESPECIAIS;10097;CARGIL;6;OLEO ESPECIAL;9,5;0,05555
2140;OLEO CANOLA LIZA PET 900ML;CX;20;7896036090626;15141910;1707000;LIZA;31;12,52;12,5;14,18;12;14,45;12;0;0;12,89;16,21;16,49;1,7;15;43;35;42;1;1;14,22;10008;FORNECEDORES ESPECIAIS;10097;CARGIL;6;OLEO ESPECIAL;31,95;1,33335
5819;OLEO CANOLA PURILEV PET 900ML;CX;20;7896036090824;15141910;1707000;PURILEV;20;13,12;12,93;14,69;12;14,45;12;0;0;14,17;17,68;17,99;1,7;17;44;19;20;0;1;14,91;10008;FORNECEDORES ESPECIAIS;10097;CARGIL;6;OLEO ESPECIAL;20;0,9222
23668;OLEO COCO COCO SOCOCO EXT VIRGE VD 200ML;CX;12;7896004402031;15131900;1707500;SOCOCO;18;7,92;8,58;9,75;21,25;;12;1,65;7,6;10,06;12,99;12,99;0;6;7;2;7;0;8;9;10006;ALTO GIRO;10085;ÓLEOS E AZEITES;24;OLEO ESPECIAL;18;0,17775
23669;OLEO COCO COCO SOCOCO EXT VIRGE VD 500ML;CX;15;7896004402024;15131900;1707500;SOCOCO;9;21,12;21,73;24,69;21,25;;12;1,65;7,6;26,82;31,99;31,99;0;0;2;0;2;0;13;24;10006;ALTO GIRO;10085;ÓLEOS E AZEITES;24;OLEO ESPECIAL;9;0,0444666666666667
2149;OLEO COMPOSTO FAISAO TRAD LT 500ML;CX;12;7908435500085;15179010;1707400;FAISAO;156;8,58;8,58;10,74;21,25;23,48;12;1,65;7,6;10,9;13,11;13,48;2,74;5;52;60;94;2;5;10,75;10006;ALTO GIRO;10085;ÓLEOS E AZEITES;23;OLEO COMPOSTO;156,75;2,29441666666667
22401;OLEO COMPOSTO GALLO AZ OL TRUFA  VD250ML;CX;6;5601252120888;15179010;1707400;GALLO;62;18,24;17,38;20,6;21,25;23,48;12;1,65;7,6;27,72;24,31;24,99;2,74;2;0;18;14;0;29;25,06;10006;ALTO GIRO;10085;ÓLEOS E AZEITES;23;OLEO COMPOSTO;62;0,3555
22400;OLEO COMPOSTO GALLO MANJ AZEIT VD 250ML;CX;6;5601252120864;15179010;1707400;GALLO;27;7,26;20,56;23,65;21,25;23,48;12;1,65;7,6;26,34;29,66;30,5;2,74;0;10;5;0;0;27;8;10006;ALTO GIRO;10085;ÓLEOS E AZEITES;23;OLEO COMPOSTO;27;0,166666666666667
18532;OLEO DE CANOLA SOYA PET 900ML;CX;20;7891080150449;15141910;1707000;SOYA ( OUTROS );465;9,45;9,45;9,85;12;14,45;12;0;0;10,84;12,57;12,79;1,7;16;258;362;345;10;2;9,94;10006;ALTO GIRO;10085;ÓLEOS E AZEITES;24;OLEO ESPECIAL;465,6;10,7222
18533;OLEO DE GIRASSOL SOYA PET 900ML;CX;20;7891080150463;15121911;1706900;SOYA ( OUTROS );682;9,74;9,74;10,15;12;12,24;12;0;0;11,55;12,8;12,99;1,45;36;260;505;1128;21;1;10,15;10006;ALTO GIRO;10085;ÓLEOS E AZEITES;24;OLEO ESPECIAL;682,65;21,0389
18534;OLEO DE MILHO SOYA PET 900ML;CX;20;7891080150456;15152910;1707200;SOYA ( OUTROS );236;8,94;8,94;11,25;21,25;13,03;12;1,65;7,6;11,63;13,29;13,5;1,54;23;151;231;174;6;1;11,47;10006;ALTO GIRO;10085;ÓLEOS E AZEITES;24;OLEO ESPECIAL;236,45;6,1778
23048;OLEO GIRASSOL LEGITIMO PET 900ML;CX;12;7891080010460;15121911;1706900;LEGITIMO;574;7,67;8,07;8,42;12;12,24;12;0;0;9,61;10,83;10,99;1,45;79;756;135;712;17;2;8,81;10006;ALTO GIRO;10085;ÓLEOS E AZEITES;24;OLEO ESPECIAL;574,583333333333;17,8110833333333
2152;OLEO MILHO LIZA PET 900ML;CX;20;7896036090619;15152910;1707200;LIZA;52;10,94;10,88;13,63;21,25;13,03;12;1,65;7,6;12,57;15,74;15,99;1,54;7;16;40;98;1;1;13,7;10008;FORNECEDORES ESPECIAIS;10097;CARGIL;6;OLEO ESPECIAL;52,7;1,7111
6837;OLEO PEROBA KING LAVANDA 100ML;CX;24;7896050502204;27101999;;KING;6;5,45;5,59;6,87;21,25;;12;1,65;7,6;7,17;8,98;8,98;0;1;1;13;5;0;1;6,83;10001;LIMPEZA;10054;CUIDADOS COM A CASA;167;LIMPADORES ESPECÍFICOS (PISO/VIDRO);6;0,211125
2155;OLEO SOJA LIZA PET 900ML;CX;6;7896036090244;15079011;1706500;LIZA;1914;6,85;6,67;6,86;7;;7;0;0;7,02;7,79;7,79;0;2996;7707;2885;1778;137;2;6,99;10008;FORNECEDORES ESPECIAIS;10097;CARGIL;7;OLEO SOJA;1914,83333333333;137,451833333333
2156;OLEO SOJA SOYA PET 900ML;CX;20;7891107101621;15079011;1706500;SOYA;516;6,96;6,93;7,11;7;;7;0;0;6,49;7,79;7,79;0;304;3731;3066;2326;101;0;7,09;10006;ALTO GIRO;10085;ÓLEOS E AZEITES;24;OLEO ESPECIAL;516,95;101,36665
23772;OVO DE CODORNA TIO PACO TRADICIONAL 300G;CX;12;7898174853392;04089900;;TIO PACO;5;11,36;11,36;14,2;21,25;;12;1,65;7,6;14,43;18,9;18,9;0;0;5;0;0;0;7;13,9;1;MERCEARIA SALGADA;103;CONSERVAS;4;OVO CODORNA;5;0,0555833333333333
12276;PACOQUITA SANTA HELENA ROLHA 15G;CX;100;7896336005917;17049090;;SANTA HELENA;594;0,22;0,22;0,26;21,25;;12;1,65;7,6;0,24;0,39;0,39;0;264;279;351;677;14;0;0,26;2;MERCEARIA DOCE;205;BOMBONIERE;5;GULOSEIMAS;594;14,52222
7590;PACOQUITA ZERO QUAD 18G;CX;192;7896336002725;20081100;1709500;SANTA HELENA;10;0,77;0,76;0,96;21,25;36,98;12;1,65;7,6;1,1;1,39;1,45;3,88;0;10;0;15;0;0;0,97;2;MERCEARIA DOCE;205;BOMBONIERE;5;GULOSEIMAS;10;0,277776041666667
19767;PAINEL AVANT 45W LED MOD QUAD 625X625 BI;CX;5;7899452009937;94051190;2112300;AVANT;7;87,18;87,18;98,78;21,25;;12;1,65;7,6;110,71;134,39;134,39;0;0;0;0;0;0;;90;10007;BAZAR;10087;BAZAR DIVERSOS;38;LÂMPADAS E ELÉTRICA;7;0
12220;PALETE DE MADEIRA PBR 1UNI;PC;1;12220;44152000;;SEM MARCA;51;1;1,13;1,13;0;;;;;30;30,69;30,69;0;0;7;48;12;0;68;;10000;SEM DEPARTAMENTO;10077;SEM SECAO;100771;SEM CATEGORIA;51;0,744
15018;PALHA ACO BRILLO Nº1 MEDIA 25G;FD;80;7891022849264;73231000;1101100;BOMBRIL;2;0,96;0,96;1,19;21,25;23,28;12;1,65;7,6;1,22;1,55;1,59;2,72;0;0;6;3;0;0;1,12;10001;LIMPEZA;10054;CUIDADOS COM A CASA;162;ACESSÓRIOS (VASSOURAS/PANOS/ESPONJAS);2;0,1
12868;PALHA ACO BRILLO Nº2 GROSSA 25G;FD;80;7891022849288;73231000;1101100;BOMBRIL;5;0,96;0,96;1,19;21,25;23,28;12;1,65;7,6;1,22;1,55;1,59;2,72;0;0;5;2;0;0;1,12;10001;LIMPEZA;10054;CUIDADOS COM A CASA;162;ACESSÓRIOS (VASSOURAS/PANOS/ESPONJAS);5;0,077775
8580;PALITOS DE DENTE FIAT LUX BAMB POTE 240U;CX;240;7896007972104;44219100;;FIAT LUX;20;1,68;1,53;1,78;21,25;;12;1,65;7,6;2,14;2,3;2,3;0;1;1;2;1;0;1;1,93;10007;BAZAR;10088;DESCARTÁVEIS;47;EMBALAGENS COZINHA;20,9958333333333;0,0444458333333333
9896;PALITOS DE DENTE FIAT LUX BAMBU 100UN;CX;460;7896007972142;44219100;;FIAT LUX;20;0,57;0,59;0,68;21,25;;12;1,65;7,6;0,64;0,89;0,89;0;0;6;5;1;0;0;0,69;10007;BAZAR;10088;DESCARTÁVEIS;47;EMBALAGENS COZINHA;20,8891304347826;0,133332608695652
358;PALITOS DE DENTE PARANA 100UN;CX;500;7896080900001;44219900;;PARANA;7;0,4;0,4;0,5;21,25;;12;1,65;7,6;0,51;0,6;0,6;0;1;6;0;5;0;0;0,5;10007;BAZAR;10089;UTILIDADES DE COZINHA;51;UTENSILIOS MADEIRA;7,08;0,122222
21722;PALITOS DE DENTE PARANA BAMBU PT 240 PAL;CX;144;7896080901343;44219100;;PARANA;5;1,41;1,48;1,71;21,25;;12;1,65;7,6;1,58;2,1;2,1;0;0;3;3;3;0;0;1,71;10007;BAZAR;10089;UTILIDADES DE COZINHA;51;UTENSILIOS MADEIRA;5,68055555555556;0,1
2339;PALLET CHEP;PC;1;2339;44152000;;CHEP;532;46,94;46,94;46,94;0;;;;;134;144;144;0;0;0;0;0;0;;102;10000;SEM DEPARTAMENTO;10077;SEM SECAO;100771;SEM CATEGORIA;532;0
22836;PALMITO DE ACAI PRIMUS GOLD INTEIRO 300G;CX;15;7897473700260;20089100;1709500;PRIMUS GOLD;9;16,47;16,47;16,47;21,25;32,97;12;1,65;7,6;20,91;19,14;19,9;3,81;0;0;0;7;0;7;16,47;1;MERCEARIA SALGADA;103;CONSERVAS;5;PALMITO;9;0,0778
687;PALMITO PALMEIRON PUP EXTRA 300G;CX;15;7898366930634;20089100;1709500;PALMEIRON;94;10,31;10,3;12,9;21,25;32,97;12;1,65;7,6;11,8;15,19;15,79;3,81;14;12;0;19;0;18;12,91;1;MERCEARIA SALGADA;103;CONSERVAS;5;PALMITO;94,2;0,344466666666667
685;PALMITO PALMEIRON PUP PICADO 300G;CX;15;7898366930641;20089100;1709500;PALMEIRON;57;9,51;8,8;11,11;21,25;32,97;12;1,65;7,6;10,88;14,04;14,6;3,81;2;0;0;6;0;57;11,91;1;MERCEARIA SALGADA;103;CONSERVAS;5;PALMITO;57;0,0666666666666667
686;PALMITO PALMEIRON PUP ROD CORACAO 300G;CX;15;7898366930658;20089100;1709500;PALMEIRON;34;9,51;9,44;11,82;21,25;32,97;12;1,65;7,6;10,88;14,04;14,6;3,81;5;0;0;0;0;;11,91;1;MERCEARIA SALGADA;103;CONSERVAS;5;PALMITO;34;0
12869;PALMITO RIGOMEL PUPUNHA INT 1,8KG;CX;6;7897369201048;20089100;1709501;RIGOMEL;15;55,1;55,1;68,99;21,25;;12;1,65;7,6;69,96;79,9;79,9;0;0;3;0;0;0;75;68,99;1;MERCEARIA SALGADA;103;CONSERVAS;5;PALMITO;15;0,0333333333333333
11880;PALMITO RIGOMEL PUPUNHA RODELA 300G;CX;15;7897369200430;20089100;1709500;RIGOMEL;15;8,78;8,78;10,99;21,25;32,97;12;1,65;7,6;11,14;13,2;13,72;3,81;4;5;2;15;0;4;10,99;1;MERCEARIA SALGADA;103;CONSERVAS;5;PALMITO;15,6;0,244466666666667
23743;PALMITO TIO PACO DE PUPUNHA INT 1,8KG;CX;6;7898174850940;20089100;1709501;TIO PACO;12;60,56;60,56;75,67;21,25;;12;1,65;7,6;76,9;92,6;92,6;0;0;0;0;0;;;74,06;1;MERCEARIA SALGADA;103;CONSERVAS;5;PALMITO;12;
23744;PALMITO TIO PACO DE PUPUNHA PICADO 1,8KG;CX;6;7898174850605;20089100;1709501;TIO PACO;8;30,61;30,61;38,25;21,25;;12;1,65;7,6;38,87;46,8;46,8;0;0;2;0;0;0;60;37,44;1;MERCEARIA SALGADA;103;CONSERVAS;5;PALMITO;8;0,0221666666666667
23742;PALMITO TIO PACO DE PUPUNHA ROD 1,8KG;CX;6;7898174850599;20089100;1709501;TIO PACO;12;33,6;33,6;41,98;21,25;;12;1,65;7,6;42,67;51,4;51,4;0;0;0;0;0;;;41,09;1;MERCEARIA SALGADA;103;CONSERVAS;5;PALMITO;12;
17275;PALMITO TIO PACO PAPUNHA PICADO 300G;CX;15;7898174850933;20089100;1709500;TIO PACO;94;6,65;6,17;8;21,25;32,97;12;1,65;7,6;9,37;9,61;9,99;3,81;3;6;15;12;0;17;8,7;1;MERCEARIA SALGADA;103;CONSERVAS;5;PALMITO;94;0,366666666666667
17273;PALMITO TIO PACO PUPUNHA INTEIRO 300G;CX;15;7898174850612;20089100;1709500;TIO PACO;230;11,39;10,9;14,1;21,25;32,97;12;1,65;7,6;17,21;16,5;17,15;3,81;0;26;48;44;1;11;15,97;1;MERCEARIA SALGADA;103;CONSERVAS;5;PALMITO;230;1,31113333333333
17274;PALMITO TIO PACO PUPUNHA RODELAS 300G;CX;15;7898174850629;20089100;1709500;TIO PACO;243;8,32;7,6;9,69;21,25;32,97;12;1,65;7,6;11,19;11,53;11,99;3,81;3;15;22;13;0;29;10,39;1;MERCEARIA SALGADA;103;CONSERVAS;5;PALMITO;243;0,555533333333333
21971;PALMITO VALE FERTIL PUPUNHA VIDRO 300G;CX;15;7896272006511;20089100;1709500;VALE FERTIL;6;12,78;12,78;16;21,25;32,97;12;1,65;7,6;16,23;20,1;20,9;3,81;8;29;7;27;0;0;16;1;MERCEARIA SALGADA;103;CONSERVAS;5;PALMITO;6;0,7
20571;PANETTONE BAUDUCCO 400G;CX;18;7891962027388;19052010;1705200;BAUDUCCO;50;12,16;12,16;15,23;21,25;;12;1,65;7,6;15,45;24,99;24,99;0;39;28;0;0;0;8;15,23;9;PADARIA INDUSTRIAL;903;SAZONAIS;6;NATAL;50;0,311111111111111
20569;PANETTONE BAUDUCCO CHOCOT MX MOUSSE 450G;CX;18;7891962071404;19052010;1705200;BAUDUCCO;40;17,03;17,03;21,32;21,25;;12;1,65;7,6;20,44;29,59;29,59;0;0;0;0;0;0;;21,32;9;PADARIA INDUSTRIAL;903;SAZONAIS;6;NATAL;40;0
20565;PANETTONE BAUDUCCO CHOCOTONE 400G;CX;18;7891962027395;19052010;1705200;BAUDUCCO;49;12,16;12,16;15,23;21,25;;12;1,65;7,6;15,45;24,99;24,99;0;0;78;0;0;0;3;15,23;9;PADARIA INDUSTRIAL;903;SAZONAIS;6;NATAL;49;0,866666666666667
13565;PANETTONE BAUDUCCO MINI 80G;CX;24;7891962000015;19052010;1705200;BAUDUCCO;28;3,46;3,46;4,34;21,25;;12;1,65;7,6;4,4;5,99;5,99;0;0;12;0;0;0;8;4,34;9;PADARIA INDUSTRIAL;903;SAZONAIS;6;NATAL;28;0,133333333333333
13567;PANETTONE BAUDUCCO MINI CHOCOTONE 80G;CX;24;7891962000381;19052010;1705200;BAUDUCCO;28;3,46;3,46;4,34;21,25;;12;1,65;7,6;4,4;5,99;5,99;0;0;12;0;0;0;8;4,34;9;PADARIA INDUSTRIAL;903;SAZONAIS;6;NATAL;28;0,133333333333333
22660;PANO LIMP UMED ALC 70º COPERALCOOL 50UN;CX;12;7896090700813;38089419;;COPERALCOOL;13;8,36;8,36;10,31;21,25;;12;1,65;7,6;10,61;12,39;12,39;0;0;8;1;6;0;6;9,47;10001;LIMPEZA;10054;CUIDADOS COM A CASA;162;ACESSÓRIOS (VASSOURAS/PANOS/ESPONJAS);13;0,166666666666667
22013;PANO SCOTT DURAMAX BRANCO 58X1;FD;24;7891172523328;48189090;;SCOTT;8;6,71;6,65;8,26;21,25;;12;1,65;7,6;6,31;9,99;9,99;0;0;181;7;5;2;0;8,08;10008;FORNECEDORES ESPECIAIS;10100;SUZANO;1;ACESSÓRIOS (VASSOURAS/PANOS/ESPONJAS);8;2,14445833333333
6606;PAO FORMA PLUSVITA TRAD 480G;UN;1;7896002306348;19059010;1706000;PLUSVITA;30;5,76;5,76;5,76;21,25;20,41;12;1,65;7,6;5,43;6,69;6,69;0;0;0;0;0;0;;5,76;9;PADARIA INDUSTRIAL;902;PÃES;2;OUTROS PAES E FORMA E TRADICIONAL;30;0
15725;PAPEL ALUMINIO FIAT LUX 30CM X 4,0M;CX;24;7896007942541;76071910;;FIAT LUX;8;2,2;2,2;2,75;21,25;;12;1,65;7,6;2,79;3,45;3,45;0;7;16;22;9;0;0;2,75;10007;BAZAR;10088;DESCARTÁVEIS;47;EMBALAGENS COZINHA;8;0,522208333333333
15726;PAPEL ALUMINIO FIAT LUX 30CM X 7,5M;CX;24;7896007942749;76071910;;FIAT LUX;6;3,63;3,45;4,32;21,25;;12;1,65;7,6;3,96;5,89;5,89;0;2;14;3;8;0;0;4,55;10007;BAZAR;10088;DESCARTÁVEIS;47;EMBALAGENS COZINHA;6;0,277791666666667
15727;PAPEL ALUMINIO FIAT LUX 45CM X 4,0M;CX;24;7896007942640;76071910;;FIAT LUX;11;3,2;3,2;4;21,25;;12;1,65;7,6;4,06;5,29;5,29;0;2;10;7;0;0;2;4;10007;BAZAR;10088;DESCARTÁVEIS;47;EMBALAGENS COZINHA;11;0,188875
15728;PAPEL ALUMINIO FIAT LUX 45CM X 7,5M;CX;24;7896007942848;76071910;;FIAT LUX;15;5,07;4,83;6,05;21,25;;12;1,65;7,6;6,43;7,99;7,99;0;2;12;1;0;0;4;6,34;10007;BAZAR;10088;DESCARTÁVEIS;47;EMBALAGENS COZINHA;15;0,144458333333333
20835;PAPEL ALUMINIO PARANA 30CM X 4M;CX;25;7896080900940;76071190;;PARANA;44;1,65;1,77;2,2;21,25;;12;1,65;7,6;2,1;2,7;2,7;0;8;7;20;22;0;3;1,99;10007;BAZAR;10088;DESCARTÁVEIS;47;EMBALAGENS COZINHA;44;0,54444
20834;PAPEL ALUMINIO PARANA 30CM X 7,5M;CX;25;7896080900957;76071190;;PARANA;36;3,03;3,31;4,12;21,25;;12;1,65;7,6;3,85;5,1;5,1;0;2;10;8;15;0;3;3,65;10007;BAZAR;10088;DESCARTÁVEIS;47;EMBALAGENS COZINHA;36;0,36668
20833;PAPEL ALUMINIO PARANA 45CM X 4,0M;CX;25;7896080900964;76071190;;PARANA;36;2,72;3,03;3,76;21,25;;12;1,65;7,6;3,45;4,65;4,65;0;3;9;6;10;0;5;3,27;10007;BAZAR;10088;DESCARTÁVEIS;47;EMBALAGENS COZINHA;36;0,27776
20854;PAPEL ALUMINIO PARANA 45CM X 7,5M;CX;25;7896080901275;76071190;;PARANA;15;5,57;5,31;6,6;21,25;;12;1,65;7,6;7,08;8,19;8,19;0;0;6;1;7;0;3;6,71;10007;BAZAR;10088;DESCARTÁVEIS;47;EMBALAGENS COZINHA;15;0,15556
903;PAPEL HIG CARINHO PLUS FS NEUTRO C/4UN;FD;16;7896339810334;48181000;2004200;CARINHO;556;2,24;2,24;2,3;7;;7;0;0;2,3;2,75;2,75;0;71;318;461;369;12;2;2,3;4;PERFUMARIA E HIGIENE;10102;PAPEL HIGIÊNICO;2;FOLHA SIMPLES;556,3125;12,7555625
21467;PAPEL HIG NEVE TQ SED 30M FD LV12 PG11;FD;6;7891172523410;48181000;2004300;NEVE;294;12,67;12,67;14,4;7;;7;0;0;13,62;16,99;16,99;0;40;103;59;103;2;16;14,4;10008;FORNECEDORES ESPECIAIS;10100;SUZANO;3;FOLHA DUPLA;294,666666666667;2,9445
8109;PAPEL HIG NEVE TQ SED 30M FD LV16 PG15;FD;4;7891172432026;48181000;2004300;NEVE;120;16,89;16,89;19,2;7;;7;0;0;18,16;22,99;22,99;0;44;101;51;111;2;10;19,2;10008;FORNECEDORES ESPECIAIS;10100;SUZANO;3;FOLHA DUPLA;120;2,92225
17219;PAPEL HIG OLE FD 20M C/12;FD;6;7896339812031;48181000;2004300;OLE (PH);110;6,98;6,98;7,16;7;;7;0;0;7,16;8,49;8,49;0;708;1075;1088;687;31;0;7,16;4;PERFUMARIA E HIGIENE;10102;PAPEL HIGIÊNICO;1;FOLHA DUPLA;110,833333333333;31,6666666666667
1174;PAPEL HIG PAPOULA FS NEUTRO 30M C/4UN;FD;16;7898937601086;48181000;2004200;PAPOULA;279;1,47;1,47;1,68;7;;7;0;0;1,69;1,99;1,99;0;120;443;326;552;14;1;1,79;4;PERFUMARIA E HIGIENE;10102;PAPEL HIGIÊNICO;2;FOLHA SIMPLES;279,8125;14,67775
19757;PAPEL HIG SULLEG FD 12UN 20M;FD;4;7908189601410;48181000;2004300;SULLEG;21;8;8;9,09;7;;7;0;0;8,6;10,99;10,99;0;0;60;0;4;0;7;9,09;4;PERFUMARIA E HIGIENE;10102;PAPEL HIGIÊNICO;1;FOLHA DUPLA;21;0,711
24240;PAPEL HIG SULLEG FD 4UN 20M;FD;12;7908189603780;48181000;2004300;SULLEG;15;2,67;2,67;3,03;7;;7;0;0;2,87;3,79;3,79;0;7;62;33;3;1;1;3,03;4;PERFUMARIA E HIGIENE;10102;PAPEL HIGIÊNICO;1;FOLHA DUPLA;15;1,08891666666667
7654;PAPEL HIG SULLEG FD NEUTRO C/4UN;FD;16;7898955352069;48181000;2004300;SULLEG;47;3,81;3,81;4,32;7;;7;0;0;3,86;5,39;5,39;0;0;38;18;45;1;2;4,33;4;PERFUMARIA E HIGIENE;10102;PAPEL HIGIÊNICO;1;FOLHA DUPLA;47;1,12225
7262;PAPEL HIG SULLEG FD NEUTRO LV12PG11 30CM;FD;4;7898955352168;48181000;2004300;SULLEG;39;11,42;11,41;12,97;7;;7;0;0;12,28;15,99;15,99;0;0;1;0;40;0;21;12,98;4;PERFUMARIA E HIGIENE;10102;PAPEL HIGIÊNICO;1;FOLHA DUPLA;39;0,4555
7185;PAPEL HIG SULLEG FS NEUTRO C/4UN;FD;16;7898955352014;48181000;2004200;SULLEG;70;2,67;2,67;3,03;7;;7;0;0;2,87;3,79;3,79;0;1;50;22;50;1;3;3,03;4;PERFUMARIA E HIGIENE;10102;PAPEL HIGIÊNICO;2;FOLHA SIMPLES;70,9375;1,3555625
7265;PAPEL HIG SULLEG FS NEUTRO LV16 PG15;FD;4;7898955352205;48181000;2004200;SULLEG;43;10,75;10,74;12,2;7;;7;0;0;10,83;15,49;15,49;0;0;30;0;15;0;21;12,21;4;PERFUMARIA E HIGIENE;10102;PAPEL HIGIÊNICO;2;FOLHA SIMPLES;43;0,5
16834;PAPEL HIG SULLEG NEUTRO FS 30M C/8UN;FD;8;7898955352021;48181000;2004200;SULLEG;51;5,34;5,35;6,08;7;;7;0;0;5,82;7,89;7,89;0;0;20;0;0;0;28;6,06;4;PERFUMARIA E HIGIENE;10102;PAPEL HIGIÊNICO;2;FOLHA SIMPLES;51;0,22225
22561;PAPEL TOALHA COQUETEL C/2X60FL;FD;12;7896914000709;48189090;2004700;COQUETEL (SOFTYS);435;3,05;3,05;3,66;21,25;41,14;12;1,65;7,6;3,42;5,39;5,66;4,7;0;5040;617;9673;170;0;3,53;10007;BAZAR;10088;DESCARTÁVEIS;47;EMBALAGENS COZINHA;435;170,333333333333
20614;PAPEL TOALHA SCALA PLUS 2R 60F 2X12;FD;12;7898962794289;48183000;2004600;SCALA;1699;2,61;2,61;3,24;21,25;38,5;12;1,65;7,6;3,31;3,79;3,97;4,42;492;1214;1498;2208;54;2;3,14;10008;FORNECEDORES ESPECIAIS;10100;SUZANO;2;EMBALAGENS COZINHA;1699;54,6666666666667
20790;PAPEL TOALHA SCALA PLUS MEGA 120F 3R;FD;6;7898962794302;48183000;2004600;SCALA;1364;7,3;7,3;9,07;21,25;38,5;12;1,65;7,6;9,27;10,92;11,42;4,42;36;3199;1296;3209;85;2;8,78;10008;FORNECEDORES ESPECIAIS;10100;SUZANO;2;EMBALAGENS COZINHA;1364;85,6
7266;PAPEL TOALHA SULLEG 120 FOLHAS;FD;12;7898955352113;48189090;2004700;SULLEG;37;2,53;2,51;3,11;21,25;41,14;12;1,65;7,6;3,12;4,09;4,29;4,7;0;19;16;48;0;3;3,04;10007;BAZAR;10088;DESCARTÁVEIS;47;EMBALAGENS COZINHA;37,6666666666667;0,92225
16841;PAPEL TOALHA SULLEG CLASSIC PTI FS 2000F;CX;8;7898955352434;48182000;2004500;SULLEG;41;4,67;4,6;5,71;21,25;27,32;12;1,65;7,6;5,93;7,25;7,49;3,17;0;0;30;0;0;15;5,62;10007;BAZAR;10088;DESCARTÁVEIS;47;EMBALAGENS COZINHA;41,25;0,333375
12082;PAPEL TOALHA SULLEG ELEGANTE 100 FOLHAS;FD;12;7898955352649;48189090;2004700;SULLEG;91;2,02;2,02;2,51;21,25;41,14;12;1,65;7,6;2,42;3,33;3,49;4,7;190;537;480;602;17;0;2,43;10007;BAZAR;10088;DESCARTÁVEIS;47;EMBALAGENS COZINHA;91,1666666666667;17,9889166666667
19186;PAPEL TOALHA SULLEG MEGA PT FD 3RL 360F;FD;4;7908189600253;48189090;2004700;SULLEG;40;7,58;7,58;9,41;21,25;41,14;12;1,65;7,6;9,37;11,9;12,49;4,7;0;25;0;55;0;11;9,12;10007;BAZAR;10088;DESCARTÁVEIS;47;EMBALAGENS COZINHA;40;0,889
19756;PAPEL TOALHA SULLEG PREMIUM 200FL 22,3CM;FD;12;7908189601397;48189090;2004700;SULLEG;22;3,93;3,92;4,87;21,25;41,14;12;1,65;7,6;4,83;6,18;6,49;4,7;0;15;0;20;0;4;4,73;10007;BAZAR;10088;DESCARTÁVEIS;47;EMBALAGENS COZINHA;22;0,388916666666667
11685;PASSATA RUSTICA FUGINI TOMATE SH 300G;CX;36;7897517206567;20029000;1704000;FUGINI;225;2,1;2,09;2,62;21,25;28,85;12;1,65;7,6;2,67;3,28;3,39;3,35;29;169;83;235;5;1;2,63;1;MERCEARIA SALGADA;101;ATOMATADOS;4;PASSATA;225,666666666667;5,41111111111111
24577;PASSATA RUSTICA PREDILECTA TOMATE 300G;CX;32;7896292334137;20029000;;PREDILECTA;6;1,72;1,72;2,15;21,25;28,85;12;1,65;7,6;0;2,7;2,79;3,35;1;3;0;0;0;5;2,15;1;MERCEARIA SALGADA;101;ATOMATADOS;4;PASSATA;6;0,03334375
23578;PASSATA TOMATE OLE MASTERCHEF GAR 420G;CX;12;7891032015338;20029000;1704000;OLE;27;5,66;5,66;7,09;21,25;28,85;12;1,65;7,6;7,19;8,81;9,11;3,35;9;17;17;31;0;3;7,09;1;MERCEARIA SALGADA;101;ATOMATADOS;4;PASSATA;27,5;0,732416666666667
24632;PAST ADESIVA HARPIC PINHO L+P- 5UN;CX;24;7891035000157;34025000;1100700;HARPIC;6;6,39;6,4;7,4;21,25;19,86;12;1,65;7,6;7,61;9,07;9,29;2,33;0;56;0;0;0;0;7,4;10001;LIMPEZA;10054;CUIDADOS COM A CASA;164;DESINFETANTES E MULTIUSOS;6;0,622208333333333
23415;PASTA AMENDOIM FUGINI INTEG SH BICO 120G;CX;24;7897517200282;20081100;1709500;FUGINI;16;4,15;4,15;5,2;21,25;36,98;12;1,65;7,6;5,27;6,37;6,65;4,25;0;0;1;1;0;30;5,2;2;MERCEARIA DOCE;203;MATINAIS;3;CREMES;16,0833333333333;0,0222083333333333
34;PASTA CRISTAL ROSA 500G;CX;24;7896060400262;34054000;;CRISTAL;42;3,27;3,27;3,79;21,25;;12;1,65;7,6;3,89;4,7;4,7;0;37;22;71;42;1;1;3,79;10001;LIMPEZA;10060;CUIDADOS COM A ROUPA;205;SABÃO EM BARRA OU PASTA;42;1,5
14613;PASTA P/ PAO DE ALHO SUPRA 500G;FD;12;7898496684742;21039011;1703900;SUPRA;3;6,29;6,29;7,29;21,25;19,11;12;1,65;7,6;7,48;8,99;9,2;2,24;0;0;3;0;0;7;7,29;1;MERCEARIA SALGADA;103;CONSERVAS;6;PATE;3;0,0333333333333333
22077;PATE ATUM GOMES DA COSTA TRAD POUCH 170G;CX;24;7891167831650;16042020;1708000;GOMES DA COSTA;8;4,68;4,68;5,86;21,25;23,85;12;1,65;7,6;5,05;7,28;7,49;2,78;0;7;5;20;0;0;5,86;1;MERCEARIA SALGADA;103;CONSERVAS;7;PEIXE EM CONSERVA;8;0,355541666666667
4824;PATE ODERICH CARNE 100G;CX;24;7896041108019;16025000;1707906;ODERICH;5;2,2;2,2;2,76;21,25;24,61;12;1,65;7,6;2,8;3,45;3,55;2,87;0;10;0;10;0;0;2,76;1;MERCEARIA SALGADA;103;CONSERVAS;8;PRATOS PRONTOS CONSERVA;5;0,222208333333333
4825;PATE ODERICH FIGADO 100G;CX;24;7896041108026;16022000;1707900;ODERICH;5;2,2;2,2;2,76;21,25;24,61;12;1,65;7,6;2,8;3,35;3,45;2,87;0;10;0;3;0;1;2,76;1;MERCEARIA SALGADA;103;CONSERVAS;8;PRATOS PRONTOS CONSERVA;5;0,144458333333333
22215;PEDRA SANIT HARPIC ACOPLA AQ MARINE L3P2;CX;12;7891035003189;34025000;1100700;HARPIC;2;20,08;20,08;21,88;21,25;19,86;12;1,65;7,6;29,39;28,99;28,99;0;0;49;0;0;0;0;21,88;10001;LIMPEZA;10054;CUIDADOS COM A CASA;164;DESINFETANTES E MULTIUSOS;2;0,544416666666667
22821;PEDRA SANIT LIPEX 25G;CX;240;7896671000011;38089919;;LIPEX;8;0,86;0,87;1,08;21,25;;12;1,65;7,6;1,1;1,39;1,39;0;1;0;0;8;0;0;1,08;10001;LIMPEZA;10054;CUIDADOS COM A CASA;164;DESINFETANTES E MULTIUSOS;8,00416666666667;0,0888875
4216;PEDRA SANIT Q ODOR MISTA DISP C/12UND;DP;1;7897434402295;38089999;1100200;Q ODOR;21;17,74;17,74;21,48;21,25;;12;1,65;7,6;19,8;26,65;26,65;0;6;202;247;214;7;2;21,48;10001;LIMPEZA;10054;CUIDADOS COM A CASA;164;DESINFETANTES E MULTIUSOS;21;7,367
23776;PEPINO RODELAS TIO PACO 440G;CX;12;7898174853811;20011000;1709000;TIO PACO;7;8,16;8,16;10,2;21,25;55,24;12;1,65;7,6;10,36;12,75;13,6;6,22;0;0;1;0;0;52;9,98;1;MERCEARIA SALGADA;103;CONSERVAS;3;OUTROS VEGETAIS;7;0,0110833333333333
23768;PEPINO TIO PACO 300G;CX;12;7898174851633;20011000;1709000;TIO PACO;20;8,05;7,82;9,73;21,25;55,24;12;1,65;7,6;10,23;11,9;12,69;6,22;6;5;11;13;0;5;9,49;1;MERCEARIA SALGADA;103;CONSERVAS;3;OUTROS VEGETAIS;20;0,32225
232;PESSEGO CALDA OLE DRENADO METADE 450G;CX;12;7891032016106;20087010;1709500;OLE;879;8,25;7,28;9,06;21,25;32,97;12;1,65;7,6;9,04;10,82;11,25;3,81;137;65;131;96;3;22;9,09;2;MERCEARIA DOCE;204;DOCES E SOBREMESAS;6;POTE E COMPOTAS;879,583333333333;3,25466666666667
16767;PESSEGO CALDA SCHRAMM ESPECIAL LT 450G;CX;24;7896536500021;20087010;1709500;SCHRAMM;1068;5,59;5,6;7;21,25;32,97;12;1,65;7,6;7,1;9,61;9,99;3,81;1149;2018;631;341;33;1;7;2;MERCEARIA DOCE;204;DOCES E SOBREMESAS;6;POTE E COMPOTAS;1068,125;33,2231666666667
4436;PESSEGO CALDA SCHRAMM EXTRA LT 450G;CX;24;7896536500342;20087010;1709500;SCHRAMM;5;6,86;6,93;7,55;21,25;32,97;12;1,65;7,6;9,46;10,19;10,59;3,81;4;0;0;70;0;0;7,55;2;MERCEARIA DOCE;204;DOCES E SOBREMESAS;6;POTE E COMPOTAS;5,375;0,777791666666667
22178;PESSEGO CALDA SCHRAMM FATIAS LT 450G;CX;24;7896536500045;20087010;1709500;SCHRAMM;131;5,43;5,48;6,86;21,25;32,97;12;1,65;7,6;6,9;10,09;10,49;3,81;27;14;21;49;0;5;6,8;2;MERCEARIA DOCE;204;DOCES E SOBREMESAS;6;POTE E COMPOTAS;131,916666666667;0,933333333333333
19264;PESSEGO CALDA SCHRAMM METADE ZERO 450G;CX;12;7896536500373;20087010;1709500;SCHRAMM;102;5,91;5,92;7,4;21,25;32,97;12;1,65;7,6;7,5;10,96;11,39;3,81;52;159;216;8;4;1;7,4;2;MERCEARIA DOCE;204;DOCES E SOBREMESAS;6;POTE E COMPOTAS;102,083333333333;4,25558333333333
21760;PILHA AVANTUSE ALC AA 2UN;CX;120;7899452035882;85061019;;AVANT;8;1,9;1,93;2,19;21,25;;12;1,65;7,6;2,41;2,98;2,98;0;0;0;1;0;0;6;1,96;10007;BAZAR;10087;BAZAR DIVERSOS;40;PILHAS E BATERIAS;8,5;0,0111083333333333
21761;PILHA AVANTUSE ALC AA 4UN;CX;120;7899452035899;85061019;;AVANT;14;3,56;3,6;4,08;21,25;;12;1,65;7,6;4,53;5,59;5,59;0;0;3;0;0;0;3;3,68;10007;BAZAR;10087;BAZAR DIVERSOS;40;PILHAS E BATERIAS;14,3;0,0333333333333333
21763;PILHA AVANTUSE ALC AAA 2UN;CX;120;7899452035929;85061019;;AVANT;17;1,9;1,91;2,17;21,25;;12;1,65;7,6;2,41;2,98;2,98;0;0;0;1;0;0;12;1,96;10007;BAZAR;10087;BAZAR DIVERSOS;40;PILHAS E BATERIAS;17,3;0,0111083333333333
14076;PILHA RAYOVAC ELET CR2032 6 CART 1 SM-6;CX;6;783094031517;85061020;;RAYOVAC;41;3,49;3,49;4,28;21,25;;12;1,65;7,6;4,43;5,32;5,32;0;0;0;0;0;0;;3,72;10007;BAZAR;10087;BAZAR DIVERSOS;40;PILHAS E BATERIAS;41,6666666666667;0
23771;PIMENTA BIQUINHO TIO PACO 200G;CX;12;7898174852456;20019000;1709000;TIO PACO;15;8,51;7,57;9,38;21,25;55,24;12;1,65;7,6;10,81;11,53;12,29;6,22;1;7;2;1;0;11;9,38;1;MERCEARIA SALGADA;103;CONSERVAS;3;OUTROS VEGETAIS;15;0,111083333333333
13686;PIMENTA GALLO C/AZEITE EXTRA FORTE 50ML;CX;12;5601252116676;21039021;1703500;GALLO;19;8,97;8,97;10,3;21,25;40,31;12;1,65;7,6;11,39;12,87;13,49;4,61;3;7;11;8;0;5;10,3;1;MERCEARIA SALGADA;105;CONDIMENTADOS;3;MOLHOS;19;0,288916666666667
27;PIPOCA MICRO YOKI BACON 100G;CX;36;7891095100729;20081900;1710600;YOKI;126;1,91;1,9;2,45;21,25;31,01;12;1,65;7,6;2,29;3,17;3,29;3,59;6;144;75;75;3;1;2,39;1;MERCEARIA SALGADA;10094;GRAOS;1;MILHO MICROONDAS;126;3,26666666666667
26;PIPOCA MICRO YOKI MANTEIGA 100G;CX;36;7891095100934;20081900;1710600;YOKI;84;1,91;1,89;2,42;21,25;31,01;12;1,65;7,6;2,29;3,17;3,29;3,59;16;126;55;117;3;0;2,39;1;MERCEARIA SALGADA;10094;GRAOS;1;MILHO MICROONDAS;84;3,31111111111111
7260;PIPOCA MICRO YOKI MANTEIGA CINEMA 100G;CX;36;7891095008452;20081900;1710600;YOKI;70;1,91;1,88;2,42;9,25;;0;1,65;7,6;1,99;3,29;3,29;0;14;169;81;149;4;0;2,39;1;MERCEARIA SALGADA;10094;GRAOS;1;MILHO MICROONDAS;70,0277777777778;4,44413888888889
23;PIPOCA MICRO YOKI NATURAL 100G;CX;36;7891095100125;20081900;1710600;YOKI;139;1,85;1,9;2,46;21,25;31,01;12;1,65;7,6;2,29;3,17;3,29;3,59;5;69;20;42;1;2;2,97;1;MERCEARIA SALGADA;10094;GRAOS;1;MILHO MICROONDAS;139;1,45555555555556
14574;PIPOCA MICRO YOKI NATURAL C/ SAL 100G;CX;36;7891095002207;20081900;1710600;YOKI;212;1,91;1,92;2,45;21,25;31,01;12;1,65;7,6;2,98;3,17;3,29;3,59;7;60;23;24;1;4;2,39;1;MERCEARIA SALGADA;10094;GRAOS;1;MILHO MICROONDAS;212;1,18888888888889
8741;PIPOCA MICRO YOKI TOQUE DO CHEFE TE 100G;CX;36;7891095006274;20081900;1710600;YOKI;87;1,91;1,89;2,42;21,25;31,01;12;1,65;7,6;2,98;3,17;3,29;3,59;2;110;18;100;2;0;2,39;1;MERCEARIA SALGADA;10094;GRAOS;1;MILHO MICROONDAS;87;2,53333333333333
22054;POLPA TOM OLE SACHE 1700GRS;CX;6;7891032011217;20029000;;OLE;3;6,86;6,86;8,6;21,25;;12;1,65;7,6;8,72;10,09;10,09;0;0;0;3;0;0;19;8,6;1;MERCEARIA SALGADA;101;ATOMATADOS;1;EXTRATO OU POLPA;3,83333333333333;0,0333333333333333
17756;POLPA TOM OLE SH 300G;CX;32;7891032014683;20029000;1704000;OLE;108;1,23;1,23;1,54;21,25;28,85;12;1,65;7,6;1,57;1,92;1,99;3,35;527;1332;1198;446;33;0;1,54;1;MERCEARIA SALGADA;101;ATOMATADOS;1;EXTRATO OU POLPA;108,03125;33,06665625
3856;POLPA TOM POMODORO CICA TP 520G;CX;12;7896036095119;20021000;1704000;POMODORO (CICA);2501;3,11;3,11;3,89;21,25;28,85;12;1,65;7,6;3,95;4,63;4,79;3,35;828;2483;2070;1693;69;3;3,89;10008;FORNECEDORES ESPECIAIS;10097;CARGIL;1;EXTRATO OU POLPA;2501,16666666667;69,4018333333333
17773;POLPA TOM PREDILECTA ST UP 300G;CX;32;7896292333178;20029000;1704000;PREDILECTA;155;1,54;1,53;1,92;21,25;28,85;12;1,65;7,6;1,88;2,41;2,49;3,35;55;26;121;37;2;2;1,93;1;MERCEARIA SALGADA;101;ATOMATADOS;1;EXTRATO OU POLPA;155,71875;2,0444375
21918;PRENDEDOR DE ROUPA FIAT LUX MADEIRA GRDE;CX;50;7896007932122;44219900;;FIAT LUX;28;2,41;2,35;2,7;21,25;;12;1,65;7,6;2,65;3,59;3,59;0;1;22;1;1;0;2;2,77;10007;BAZAR;10087;BAZAR DIVERSOS;31;ACESSÓRIOS DE LAVANDERIA;28,94;0,26666
15724;PRENDEDOR ROUPAS FIAT LUX PLASTI 12UN;CX;50;7896007932825;39249000;;FIAT LUX;30;2,52;2,5;2,84;21,25;;12;1,65;7,6;2,94;3,49;3,49;0;1;17;2;0;0;2;2,69;10007;BAZAR;10087;BAZAR DIVERSOS;31;ACESSÓRIOS DE LAVANDERIA;30;0,21112
362;PRENDEDOR ROUPAS PARANA MADEIRA C/12UN;CX;50;7896080900544;44219900;;PARANA;29;1,2;1,2;1,5;21,25;;12;1,65;7,6;1,52;1,88;1,88;0;7;32;17;22;0;0;1,5;10007;BAZAR;10087;BAZAR DIVERSOS;31;ACESSÓRIOS DE LAVANDERIA;29,74;0,78888
17356;PREPARADO DE GUARANA GUARAVITA 1L;CX;6;7898923217697;21069010;;GUARAVITA;58;6,88;6,88;8,29;21,25;;8,25;2,32;10,68;7,42;9,69;9,69;0;0;74;23;56;1;5;8,29;10005;BEBIDAS;10073;SUCOS;210;GUARANA & CIA;58;1,7
2482;PRESUNTO AURORA COZ S/CAPA GORDURA KG;CX;7;2482;16024900;1707905;AURORA;955;13,63;13,57;15,9;21,25;24,61;12;1,65;7,6;18,09;21,99;22,58;2,61;150;120;20;0;1;87;17,3;6;PERECIVEIS;10053;FRIOS E EMBUTIDOS;2;EMBUTIDOS;955,294285714286;1,55557142857143
23023;PRESUNTO PERDIGAO TRAD MAGRO OVAL KG;CX;1;23023;16024100;1707904;PERDIGAO;12472;14,1;14,1;17,07;21,25;24,61;12;1,65;7,6;19,53;19,9;20,43;2,61;3393;5700;9139;10119;277;44;17,07;6;PERECIVEIS;10053;FRIOS E EMBUTIDOS;2;EMBUTIDOS;12472,218;277,319
3232;PRESUNTO SADIA S/CAPA GORDURA KG;CX;1;3232;16024900;1707905;SADIA;4;17,06;17,06;20,65;21,25;24,61;12;1,65;7,6;23,8;25,9;26,6;2,61;0;417;0;614;11;0;20,65;6;PERECIVEIS;10053;FRIOS E EMBUTIDOS;2;EMBUTIDOS;4,192;11,464
20144;PRINGLES CREAM/CEBOLA 109G;CX;18;7896004006239;19059090;1703100;PRINGLES;271;5,45;5,45;6,99;21,25;33,28;12;1,65;7,6;7,84;8,64;8,99;3,84;683;73;804;965;20;0;7,64;2;MERCEARIA DOCE;206;SALGADINHOS E APERITIVOS;2;BATATA CHIPS;271,277777777778;20,4759444444444
20145;PRINGLES ORIGINAL 104G;CX;18;7896004006277;19059090;1703100;PRINGLES;182;5,45;5,45;6,99;21,25;33,28;12;1,65;7,6;7,84;8,64;8,99;3,84;585;1883;1287;1532;52;0;7,64;2;MERCEARIA DOCE;206;SALGADINHOS E APERITIVOS;2;BATATA CHIPS;182,888888888889;52,2444444444444
20141;PRINGLES QUEIJO 109G;CX;18;7896004006284;19059090;1703100;PRINGLES;320;5,43;5,59;7,15;21,25;33,28;12;1,65;7,6;7,84;8,64;8,99;3,84;83;336;278;323;10;1;7,73;2;MERCEARIA DOCE;206;SALGADINHOS E APERITIVOS;2;BATATA CHIPS;320,777777777778;10,4197777777778
2247;PULVERIZADOR GUARANY 370ML;CX;12;7891988002598;84248990;;GUARANY;2;7,38;7,14;8,93;21,25;;12;1,65;7,6;9,37;11,65;11,65;0;0;2;0;0;0;7;9,23;10007;BAZAR;10087;BAZAR DIVERSOS;37;FERRAGENS E MANUTENÇÃO;2;0,02225
13118;PURIF BOM AR AERO CH TALC EMB ECON 360ML;CX;12;7891035325625;33074900;;BOM AR (AIR WICK);436;8,97;8,97;9,49;12;;12;0;0;9,6;12,49;12,49;0;34;76;11;0;0;37;9,49;10001;LIMPEZA;10054;CUIDADOS COM A CASA;168;PURIFICADORES E ODORIZADORES;436,166666666667;0,966666666666667
13117;PURIF BOM AR AERO LAVANDA EMB ECON 360ML;CX;12;7891035325595;33074900;;BOM AR (AIR WICK);605;8,97;8,97;9,49;12;;12;0;0;9,6;12,49;12,49;0;50;95;26;0;1;37;9,49;10001;LIMPEZA;10054;CUIDADOS COM A CASA;168;PURIFICADORES E ODORIZADORES;605,083333333333;1,34441666666667
19294;PURIF BOM AR FLOR DE ALGODAO 360ML;CX;12;7891035534072;33074900;;BOM AR (AIR WICK);144;8,97;8,97;9,49;12;;12;0;0;9,6;12,49;12,49;0;8;20;51;0;0;15;9,49;10001;LIMPEZA;10054;CUIDADOS COM A CASA;168;PURIFICADORES E ODORIZADORES;144,166666666667;0,788916666666667
13119;PURIF BOM AR JARDIM DE PEON EMB EC 360ML;CX;12;7891035325618;33074900;;BOM AR (AIR WICK);166;8,97;8,97;9,49;12;;12;0;0;9,6;12,49;12,49;0;27;14;16;0;0;41;9,49;10001;LIMPEZA;10054;CUIDADOS COM A CASA;168;PURIFICADORES E ODORIZADORES;166;0,333333333333333
23135;PURIF COALA BAMBU AERO 400ML/240G;CX;6;7897744505938;33074900;;COALA;2;9,45;9,32;10,34;12;;12;0;0;10,74;13,69;13,69;0;0;5;15;14;0;0;8,29;10001;LIMPEZA;10054;CUIDADOS COM A CASA;168;PURIFICADORES E ODORIZADORES;2;0,377833333333333
11808;QUEIJO BOLA REGINA KG;KG;1;11808;04069020;1702400;REGINA;10;47,92;47,92;54,46;12;;12;0;0;0;;;;0;4;0;0;0;185;54,46;6;PERECIVEIS;10053;FRIOS E EMBUTIDOS;3;QUEIJOS ESPECIAIS;10,182;0,055
24624;QUEIJO MUSSARELA FRIZZO KG;KG;1;24624;04061010;1702401;FRIZZA;4;28,35;28,35;31,5;12;;12;0;0;28,64;35,99;35,99;0;0;261;0;0;2;1;31,5;6;PERECIVEIS;10053;FRIOS E EMBUTIDOS;4;QUEIJOS TRADICIONAIS;4,242;2,9
15930;QUEIJO MUSSARELA QUATA KG;KG;1;15930;04061010;1702401;PRIMEIRO;7;32,41;32,41;36,01;12;;12;0;0;32,53;37,9;37,9;0;0;0;0;0;0;;36,01;6;PERECIVEIS;10053;FRIOS E EMBUTIDOS;4;QUEIJOS TRADICIONAIS;7,64;0
15665;QUEIJO PRATO PARLAK KG;KG;1;15665;04069020;1702400;PARLAK (MILKLAT);1;31,17;31,17;34,63;12;;12;0;0;30;38,99;38,99;0;0;0;1102;1224;25;0;34,63;6;PERECIVEIS;10053;FRIOS E EMBUTIDOS;4;QUEIJOS TRADICIONAIS;1,23;25,847
5621;QUEIJO PRATO QUATA KG;KG;1;56211;04069020;1702400;QUATA;8;33,35;35,06;38,95;12;;12;0;0;36,27;44,9;44,9;0;0;0;0;0;0;;37,06;6;PERECIVEIS;10053;FRIOS E EMBUTIDOS;4;QUEIJOS TRADICIONAIS;8,574;0
1014;QUEROSENE AMALIA 500ML;CX;12;7896484341110;27101919;0600400;AMALIA;99;9,85;9,85;11,92;9,25;;0;1,65;7,6;9,54;14,65;14,65;0;43;42;72;48;1;4;11,92;10001;LIMPEZA;10054;CUIDADOS COM A CASA;167;LIMPADORES ESPECÍFICOS (PISO/VIDRO);99;1,8
17355;REF GUARAVITA ACAI 300ML;CX;12;7898923217321;22021000;1711100;GUARAVITA;37;1,15;1,15;1,39;10,4;0;-2,6;2,32;10,68;1,2;1,79;1,79;0;1;38;19;10;0;4;1,37;10005;BEBIDAS;10073;SUCOS;210;GUARANA & CIA;37;0,744416666666667
17165;REF GUARAVITA FRUTAS CITRICAS 300ML;CX;12;7898923217024;22021000;1711100;GUARAVITA;28;1,15;1,15;1,39;10,4;0;-2,6;2,32;10,68;1,09;1,79;1,79;0;0;48;58;25;1;1;1,37;10005;BEBIDAS;10073;SUCOS;210;GUARANA & CIA;28,25;1,45558333333333
19182;REF GUARAVITA GUARANA 300ML;FD;12;7898923217345;22021000;1711100;GUARAVITA;1;1,15;1,15;1,39;10,4;0;-2,6;2,32;10,68;1,2;1,79;1,79;0;10;131;76;78;3;0;1,37;10005;BEBIDAS;10073;SUCOS;210;GUARANA & CIA;1,91666666666667;3,16666666666667
5271;REF GUARAVITA GUARANA CP 290ML;CX;24;7898923217031;22021000;1711100;GUARAVITA;966;0,7;0,7;0,84;10,4;0;-2,6;2,32;10,68;0,73;1,05;1,05;0;126;2473;1004;1465;54;0;0,83;10005;BEBIDAS;10073;SUCOS;210;GUARANA & CIA;966,208333333333;54,9254583333333
17168;REF GUARAVITON ACAI 500ML;CX;12;7898923217208;22021000;1711100;GUARAVITON;47;1,62;1,62;1,95;10,4;0;-2,6;2,32;10,68;1,69;2,45;2,45;0;168;188;135;303;6;0;1,92;10005;BEBIDAS;10073;SUCOS;210;GUARANA & CIA;47;6,95558333333333
15512;REF GUARAVITON NAT GINSENG 500ML;CX;12;7898923217017;22021000;1711100;GUARAVITON;54;1,62;1,62;1,95;10,4;0;-2,6;2,32;10,68;1,69;2,45;2,45;0;135;246;151;449;9;0;1,92;10005;BEBIDAS;10073;SUCOS;210;GUARANA & CIA;54;9,4
451;REF PO FRESH GUARANA DP 15G;CX;10;7622210569875;21069010;;FRESH;6;10,38;10,38;13;21,25;;12;1,65;7,6;13,18;15,29;15,29;0;1;0;51;17;0;0;13;10005;BEBIDAS;10073;SUCOS;212;REFRESCOS EM PÓ;6;0,7556
452;REF PO FRESH LARANJA DP C/15UN 15G;CX;10;7622210569783;21069010;;FRESH;19;10,38;10,38;13;21,25;;12;1,65;7,6;13,18;15,29;15,29;0;28;4;68;95;1;1;13;10005;BEBIDAS;10073;SUCOS;212;REFRESCOS EM PÓ;19;1,8556
18145;REF PO FRESH MANGA DP 15G;CX;10;7622210569998;21069010;;FRESH;55;10,38;10,38;12,99;21,25;;12;1,65;7,6;13,18;15,29;15,29;0;5;0;0;78;0;6;13;10005;BEBIDAS;10073;SUCOS;212;REFRESCOS EM PÓ;55,4;0,8667
6412;REF PO FRESH MORANGO DP 15G;CX;10;7622210569813;21069010;;FRESH;2;10,38;10,38;13;21,25;;12;1,65;7,6;13,18;15,29;15,29;0;18;42;36;35;1;0;13;10005;BEBIDAS;10073;SUCOS;212;REFRESCOS EM PÓ;2,3;1,2556
18463;REF PO TANG ABACAXI DP C/18UN 18G;CX;10;7622210571748;21069010;;TANG;40;12,46;12,4;15,39;21,25;;12;1,65;7,6;15,81;18,29;18,29;0;24;3;29;9;0;8;15,09;10005;BEBIDAS;10073;SUCOS;212;REFRESCOS EM PÓ;40;0,4556
18462;REF PO TANG GUARANA DP C/18UN 18G;CX;10;7622210571809;21069010;;TANG;43;12,16;11,85;14,87;21,25;;12;1,65;7,6;15,81;18,29;18,29;0;24;6;22;20;0;8;14,72;10005;BEBIDAS;10073;SUCOS;212;REFRESCOS EM PÓ;43;0,5333
18459;REF PO TANG LARANJA DP C/18UN 18G;CX;10;7622210571595;21069010;;TANG;20;12,45;11,84;14,96;21,25;;12;1,65;7,6;15,81;18,29;18,29;0;40;42;105;52;2;0;15,59;10005;BEBIDAS;10073;SUCOS;212;REFRESCOS EM PÓ;20;2,2111
18461;REF PO TANG LARANJA MAMAO DP C/18UN 18G;CX;10;7622210571830;21069010;;TANG;9;11,88;11,58;14,43;21,25;;12;1,65;7,6;15,81;18,29;18,29;0;12;21;3;1;0;3;14,39;10005;BEBIDAS;10073;SUCOS;212;REFRESCOS EM PÓ;9;0,2778
19491;REF PO TANG LIMAO DP C/18UN 18G;CX;10;7622210571354;21069010;;TANG;29;12,37;12,2;15,19;21,25;;12;1,65;7,6;15,81;17,49;17,49;0;26;28;27;34;0;2;14,97;10005;BEBIDAS;10073;SUCOS;212;REFRESCOS EM PÓ;29;0,9889
18460;REF PO TANG MANGA DP C/18UN 18G;CX;10;7622210571519;21069010;;TANG;3;12,45;12,31;15,45;21,25;;12;1,65;7,6;15,81;18,29;18,29;0;12;12;84;23;1;0;15,59;10005;BEBIDAS;10073;SUCOS;212;REFRESCOS EM PÓ;3;1,3222
18458;REF PO TANG MARACUJA DP C/18UN 18G;CX;10;7622210571687;21069010;;TANG;8;12,45;12,45;15,59;21,25;;12;1,65;7,6;15,81;18,29;18,29;0;7;28;102;18;1;0;15,59;10005;BEBIDAS;10073;SUCOS;212;REFRESCOS EM PÓ;8,1;1,6444
18456;REF PO TANG MORANGO DP C/18UN 18G;CX;10;7622210571717;21069010;;TANG;4;12,45;12,25;15,38;21,25;;12;1,65;7,6;15,81;18,29;18,29;0;26;6;98;21;1;0;15,59;10005;BEBIDAS;10073;SUCOS;212;REFRESCOS EM PÓ;4;1,3889
13535;REF SAB MAGUARY FRUIT SHOOT LAR TP 150ML;CX;27;7896000597267;22021000;1711100;MAGUARY;72;0,64;0,64;0,83;22,4;26,7;9,4;2,32;10,68;0,82;1,06;1,09;3,1;2;53;10;68;1;1;0,81;10005;BEBIDAS;10073;SUCOS;211;NÉCTARES;72;1,45555555555556
13536;REF SAB MAGUARY FRUIT SHOOT MAR TP 150ML;CX;27;7896000597281;22021000;1711100;MAGUARY;72;0,64;0,64;0,83;22,4;26,7;9,4;2,32;10,68;0,82;1,06;1,09;3,1;0;36;8;82;1;1;0,81;10005;BEBIDAS;10073;SUCOS;211;NÉCTARES;72;1,40740740740741
13537;REF SAB MAGUARY FRUIT SHOOT MOR TP 150ML;CX;27;7896000597274;22021000;1711100;MAGUARY;91;0,64;0,64;0,83;22,4;26,7;9,4;2,32;10,68;0,82;1,06;1,09;3,1;12;40;52;67;1;1;0,81;10005;BEBIDAS;10073;SUCOS;211;NÉCTARES;91;1,76666666666667
13538;REF SAB MAGUARY FRUIT SHOOT UVA TP 150ML;CX;27;7896000597250;22021000;1711100;MAGUARY;93;0,64;0,64;0,83;22,4;26,7;9,4;2,32;10,68;0,82;1,06;1,09;3,1;15;55;58;78;2;1;0,81;10005;BEBIDAS;10073;SUCOS;211;NÉCTARES;93,2222222222222;2,1317037037037
23863;REF SAB MAGUARY GOIABA PPB 1L;CX;12;7896005404201;22021000;1711100;MAGUARY;14;2,8;2,8;3,64;22,4;26,7;9,4;2,32;10,68;3,61;4,54;4,69;3,1;1;30;3;52;0;1;3,57;10005;BEBIDAS;10073;SUCOS;211;NÉCTARES;14;0,944416666666667
23864;REF SAB MAGUARY LARANJA PPB 1L;CX;12;7896005404072;22021000;1711100;MAGUARY;50;2,8;2,8;3,64;22,4;26,7;9,4;2,32;10,68;3,61;4,54;4,69;3,1;1;6;9;52;0;5;3,57;10005;BEBIDAS;10073;SUCOS;211;NÉCTARES;50;0,744416666666667
18999;REF SAB MAGUARY MARACUJA PPB 1L;CX;12;7896000530363;22021000;1711100;MAGUARY;75;2,8;2,8;3,64;22,4;26,7;9,4;2,32;10,68;3,61;4,54;4,69;3,1;1;55;9;14;0;7;3,57;10005;BEBIDAS;10073;SUCOS;211;NÉCTARES;75,0833333333333;0,875916666666667
18823;REF SABORIZADO DAFRUTA GOIABA TP 1L;CX;12;7896005403587;22021000;1711100;DAFRUTA;19;2,18;2,18;2,83;10,4;0;-2,6;2,32;10,68;2,43;3,69;3,69;0;57;88;99;85;3;0;2,77;10005;BEBIDAS;10073;SUCOS;211;NÉCTARES;19;3,02225
17661;REF SABORIZADO DAFRUTA LARANJA TP 1L;CX;12;7896005403518;22021000;1711100;DAFRUTA;99;2,18;2,18;2,83;22,4;26,7;9,4;2,32;10,68;2,8;3,58;3,69;3,1;73;110;139;81;3;2;2,77;10005;BEBIDAS;10073;SUCOS;211;NÉCTARES;99;3,66666666666667
18149;REF SABORIZADO DAFRUTA LARANJA TP 200ML;CX;27;7896005403532;22021000;1711100;DAFRUTA;104;0,89;0,89;1,16;10,4;0;-2,6;2,32;10,68;1;1,49;1,49;0;48;44;72;83;2;1;1,14;10005;BEBIDAS;10073;SUCOS;211;NÉCTARES;104,444444444444;2,21111111111111
18051;REF SABORIZADO DAFRUTA MARAC TP 1L;CX;12;7896005402757;22021000;1711100;DAFRUTA;80;2,18;2,18;2,83;22,4;26,7;9,4;2,32;10,68;2,8;3,58;3,69;3,1;65;117;204;80;4;1;2,77;10005;BEBIDAS;10073;SUCOS;211;NÉCTARES;80,75;4,46391666666667
19113;REF SABORIZADO DAFRUTA MARACUJA TP 200ML;CX;27;7896005403556;22021000;1711100;DAFRUTA;236;0,89;0,89;1,16;22,4;26,7;9,4;2,32;10,68;1,15;1,44;1,49;3,1;13;78;68;106;2;3;1,14;10005;BEBIDAS;10073;SUCOS;211;NÉCTARES;236,592592592593;2,8107037037037
17662;REF SABORIZADO DAFRUTA UVA TP 1L;CX;12;7896005403525;22021000;1711100;DAFRUTA;213;2,18;2,18;2,83;22,4;26,7;9,4;2,32;10,68;2,8;3,58;3,69;3,1;38;203;269;85;6;2;2,77;10005;BEBIDAS;10073;SUCOS;211;NÉCTARES;213;6,18891666666667
19112;REF SABORIZADO DAFRUTA UVA TP 200ML;CX;27;7896005403549;22021000;1711100;DAFRUTA;195;0,89;0,89;1,16;22,4;26,7;9,4;2,32;10,68;1,15;1,44;1,49;3,1;10;113;72;173;3;1;1,14;10005;BEBIDAS;10073;SUCOS;211;NÉCTARES;195,037037037037;3,98848148148148
24030;REFRESCO MAGUARY LARANJA PPB TP 200ML;CX;27;7896005404126;22021000;1711100;DAFRUTA;64;0,93;0,93;1,21;10,4;0;-2,6;2,32;10,68;1,04;1,55;1,55;0;0;0;5;12;0;12;1,18;10005;BEBIDAS;10073;SUCOS;211;NÉCTARES;64;0,188888888888889
20712;REFRESCO MAGUARY MARACUJA PPB TP 200ML;CX;27;7896000594068;22021000;1711100;MAGUARY;125;0,93;0,93;1,21;10,4;0;-2,6;2,32;10,68;1,04;1,55;1,55;0;3;5;10;13;0;14;1,18;10005;BEBIDAS;10073;SUCOS;211;NÉCTARES;125;0,311111111111111
20713;REFRESCO MAGUARY MORANGO PPB TP 1L;CX;12;7896000594198;22021000;1711100;MAGUARY;23;2,73;2,73;3,57;22,4;26,7;9,4;2,32;10,68;3,52;4,54;4,69;3,1;1;22;1;37;0;2;3,57;10005;BEBIDAS;10073;SUCOS;211;NÉCTARES;23;0,666666666666667
24029;REFRESCO MAGUARY MORANGO PPB TP 200ML;CX;27;7896000597670;22021000;1711100;MAGUARY;84;0,93;0,93;1,21;10,4;0;-2,6;2,32;10,68;1,04;1,55;1,55;0;0;57;6;64;1;2;1,18;10005;BEBIDAS;10073;SUCOS;211;NÉCTARES;84;1,41111111111111
3672;REFRIG SPRITE PET 2L;FD;6;7894900681000;22021000;0301000;SPRITE;4;6,81;6,81;6,81;10,4;0;-2,6;2,32;10,68;5,35;8,29;8,29;0;0;0;0;0;0;;6,81;10005;BEBIDAS;10068;REFRIGERANTES;2;TRADICIONAL;4,16666666666667;0
21561;REFRIG ST.PIERRE BLUEBERRY LT 270ML;FD;24;7896050201428;22029900;0301002;ST. PIERRE;2;2,96;2,96;3,24;10,4;0;-2,6;2,32;10,68;1,66;3,69;3,69;0;0;0;0;0;0;;2,29;10005;BEBIDAS;10068;REFRIGERANTES;2;TRADICIONAL;2;0
21564;REFRIG ST.PIERRE PINK LEMONADE LT 270ML;FD;24;7896050201176;22029900;0301002;ST. PIERRE;16;2,96;2,96;3,24;10,4;0;-2,6;2,32;10,68;1,66;3,69;3,69;0;0;0;0;0;0;;2,29;10005;BEBIDAS;10068;REFRIGERANTES;2;TRADICIONAL;16,9583333333333;0
21560;REFRIG ST.PIERRE RED MINT LT 270ML;FD;24;7896050201228;22029900;0301002;ST. PIERRE;9;2,96;2,96;3,24;10,4;0;-2,6;2,32;10,68;1,66;3,69;3,69;0;0;1;0;0;0;34;2,29;10005;BEBIDAS;10068;REFRIGERANTES;2;TRADICIONAL;9,08333333333333;0,011125
18535;REPELENTE REPELEX SPRAY 20% D 100ML;CX;12;7891035024221;38089199;;REPELEX;2;7,43;9,51;10,48;16,25;;7;1,65;7,6;8,42;14,49;14,49;0;0;0;0;0;0;;8,35;4;PERFUMARIA E HIGIENE;404;CUIDADOS COM O CORPO;5;REPELENTE;2;0
16780;SAB ACTION YPE ANTIBACT CARE ENV 85G;CX;72;7896098909669;34011190;2003400;YPE;2;1,48;1,58;1,8;7;;7;0;0;1,59;2,19;2,19;0;0;0;0;0;0;;1,68;4;PERFUMARIA E HIGIENE;404;CUIDADOS COM O CORPO;7;SAB MASSA;2;0
22462;SAB FLOR YPE AMEIXA FLOR DE LOTUS CT 85G;CX;72;7896098907849;34011190;2003400;YPE;3;1,46;2,14;2,43;7;;7;0;0;2,67;3,45;3,45;0;0;0;0;0;0;;1,66;4;PERFUMARIA E HIGIENE;404;CUIDADOS COM O CORPO;7;SAB MASSA;3;0
15804;SAB FLOR YPE BAUN AMENDOA ENV 85G;CX;72;7896098902271;34011190;2003400;YPE;56;1;0,93;1,06;7;;7;0;0;0,95;1,39;1,39;0;8;51;42;78;1;0;1,14;4;PERFUMARIA E HIGIENE;404;CUIDADOS COM O CORPO;7;SAB MASSA;56;1,9
17602;SAB FLOR YPE FLOR MACA/FRAMB ENV 85G;CX;72;7896098902233;34011190;2003400;YPE;3;1;0,97;1,11;7;;7;0;0;1,08;1,39;1,39;0;0;46;102;107;2;0;1,14;4;PERFUMARIA E HIGIENE;404;CUIDADOS COM O CORPO;7;SAB MASSA;3;2,83333333333333
15604;SAB FLOR YPE SV AGUA COCO ALEC ENV 85G;CX;72;7896098902257;34011190;2003400;YPE;1;1;0,99;1,12;7;;7;0;0;1,08;1,39;1,39;0;8;46;92;103;2;0;1,14;4;PERFUMARIA E HIGIENE;404;CUIDADOS COM O CORPO;7;SAB MASSA;1,16666666666667;2,68704166666667
15605;SAB FLOR YPE SV FLOR LARAN E DAMASCO 85G;CX;72;7896098902240;34011190;2003400;YPE;63;1;0,95;1,09;7;;7;0;0;0,95;1,39;1,39;0;9;53;51;66;1;0;1,14;4;PERFUMARIA E HIGIENE;404;CUIDADOS COM O CORPO;7;SAB MASSA;63,6666666666667;1,88888888888889
16449;SAB FLOR YPE SV FRESIA PESSEGO ENV 85G;CX;72;7896098902226;34011190;2003400;YPE;71;1;0,98;1,12;7;;7;0;0;1,08;1,39;1,39;0;14;66;97;79;2;0;1,14;4;PERFUMARIA E HIGIENE;404;CUIDADOS COM O CORPO;7;SAB MASSA;71;2,68888888888889
16448;SAB FLOR YPE SV GARDENIA ARGAN ENV 85G;CX;72;7896098902219;34011190;2003400;YPE;50;1;1;1,14;7;;7;0;0;0,95;1,39;1,39;0;16;59;76;52;2;0;1,14;4;PERFUMARIA E HIGIENE;404;CUIDADOS COM O CORPO;7;SAB MASSA;50,6666666666667;2,07777777777778
19619;SAB FLOR YPE VEG FL ALECRIM FLPCK 85G;CX;72;7896098907887;34011190;2003400;YPE;1;1,82;1,8;2,05;7;;7;0;0;1,96;2,59;2,59;0;0;0;1;0;0;2;2,07;4;PERFUMARIA E HIGIENE;404;CUIDADOS COM O CORPO;7;SAB MASSA;1,98611111111111;0,0111111111111111
14100;SAB JOHNSONS AMENDOAS 80G;CX;96;7891010247409;34011190;2003400;JOHNSONS;2;1,26;1,26;1,29;7;;7;0;0;0;1,69;1,69;0;0;8;94;0;1;0;1,29;4;PERFUMARIA E HIGIENE;404;CUIDADOS COM O CORPO;7;SAB MASSA;2;1,13333333333333
14102;SAB JOHNSONS LAVANDA 80G;CX;96;7891010247386;34011190;2003400;JOHNSONS;1;1,26;1,26;1,29;7;;7;0;0;0;1,69;1,69;0;0;9;93;0;1;0;1,29;4;PERFUMARIA E HIGIENE;404;CUIDADOS COM O CORPO;7;SAB MASSA;1,75;1,13611458333333
23086;SAB LIQ COALA AMEIXA DOURADA 500ML;CX;6;7897744505419;34013000;2003700;COALA;8;8,73;8,64;9,96;16,25;;7;1,65;7,6;10,42;12,49;12,49;0;0;3;3;11;0;7;9,5;4;PERFUMARIA E HIGIENE;404;CUIDADOS COM O CORPO;6;SAB LÍQUIDO;8,5;0,188833333333333
23084;SAB LIQ COALA BAMBU 500ML;CX;6;7897744504887;34013000;2003700;COALA;11;8,73;8,64;10,22;16,25;;7;1,65;7,6;10,42;12,49;12,49;0;0;5;7;12;0;7;9,5;4;PERFUMARIA E HIGIENE;404;CUIDADOS COM O CORPO;6;SAB LÍQUIDO;11,5;0,266666666666667
23393;SAB LIQ COALA CHA BRANCO 500ML;CX;6;7897744504917;34013000;2003700;COALA;5;8,93;8,88;10,86;16,25;;7;1,65;7,6;10,42;12,49;12,49;0;0;9;11;21;0;2;9,97;4;PERFUMARIA E HIGIENE;404;CUIDADOS COM O CORPO;6;SAB LÍQUIDO;5,66666666666667;0,4555
23087;SAB LIQ COALA FLOR DE CACTO 500ML;CX;6;7897744505556;34013000;2003700;COALA;2;8,73;8,65;10,62;16,25;;7;1,65;7,6;10,42;12,49;12,49;0;7;8;5;3;0;2;9,5;4;PERFUMARIA E HIGIENE;404;CUIDADOS COM O CORPO;6;SAB LÍQUIDO;2,5;0,177833333333333
24061;SAB LIQ COALA SOL DO BRASIL 500ML;CX;6;7896017202390;34013000;2003700;COALA;55;7,07;6,38;7,85;16,25;;7;1,65;7,6;8,44;12,49;12,49;0;8;27;2;7;0;23;7,87;4;PERFUMARIA E HIGIENE;404;CUIDADOS COM O CORPO;6;SAB LÍQUIDO;55,5;0,4
24065;SAB LIQ COALA THE QUEEN 500ML;CX;6;7896017202383;34013000;2003700;COALA;23;7,43;6,19;7,61;16,25;;7;1,65;7,6;8,87;12,49;12,49;0;7;28;2;5;0;9;8,27;4;PERFUMARIA E HIGIENE;404;CUIDADOS COM O CORPO;6;SAB LÍQUIDO;23;0,388833333333333
21303;SAB LIQ LUX BOTANICALS ORQ NEGRA 200ML;CX;12;7891150060210;34013000;2003700;LUX;23;4,46;4,46;5,59;16,25;;7;1,65;7,6;5,27;7,39;7,39;0;0;7;9;2;0;9;5,59;10008;FORNECEDORES ESPECIAIS;10101;UNILEVER;13;SAB LÍQUIDO;23;0,2
13692;SAB LIQ LUX BUQUE JASMIM REFIL 200ML;CX;12;7891150060241;34013000;2003700;LUX;20;4,46;4,46;5,59;16,25;;7;1,65;7,6;3,85;7,39;7,39;0;1;8;0;0;0;18;5,59;10008;FORNECEDORES ESPECIAIS;10101;UNILEVER;13;SAB LÍQUIDO;20;0,0889166666666667
13696;SAB LIQ LUX LAVANDA REFIL 200ML;CX;12;7891150060227;34013000;2003700;LUX;9;4,46;4,46;5,59;16,25;;7;1,65;7,6;5,03;7,39;7,39;0;0;6;0;0;0;11;5,59;10008;FORNECEDORES ESPECIAIS;10101;UNILEVER;13;SAB LÍQUIDO;9;0,0666666666666667
20652;SAB LIQ YPE FLOR MAC/FRAMBOESA REF 200ML;CX;12;7896098905593;34013000;2003700;YPE;12;3,57;3,38;4,17;16,25;;7;1,65;7,6;4,26;4,99;4,99;0;0;1;4;4;0;10;4,14;4;PERFUMARIA E HIGIENE;404;CUIDADOS COM O CORPO;6;SAB LÍQUIDO;12,0833333333333;0,1
23732;SAB LIQ YPE FLOR VEG LIM-SIC FR 250ML;CX;12;7896098905623;34013000;2003700;YPE;6;6,57;6,26;7,76;16,25;;7;1,65;7,6;7,85;9,39;9,39;0;0;0;3;0;0;15;7,61;4;PERFUMARIA E HIGIENE;404;CUIDADOS COM O CORPO;6;SAB LÍQUIDO;6;0,0333333333333333
23733;SAB LIQ YPE FLOR VEG LIM-SIC SUP 200ML;CX;12;7896098905630;34013000;2003700;YPE;9;3,94;3,78;4,67;16,25;;7;1,65;7,6;4,71;5,69;5,69;0;0;0;0;0;0;;4,57;4;PERFUMARIA E HIGIENE;404;CUIDADOS COM O CORPO;6;SAB LÍQUIDO;9;0
12954;SAB LUX BOTAN BUQUE DE JASMIM 85G;AM;12;7891150059849;34011190;2003400;LUX;2;1,37;1,37;1,55;7;;7;0;0;1,47;1,94;1,94;0;0;0;0;0;0;;1,55;10008;FORNECEDORES ESPECIAIS;10101;UNILEVER;14;SAB MASSA;2;0
12956;SAB LUX BOTAN FLOR DE LOTUS 85G;AM;12;7891150059924;34011190;2003400;LUX;9;1,37;1,37;1,55;7;;7;0;0;1,47;1,94;1,94;0;0;0;0;0;0;;1,55;10008;FORNECEDORES ESPECIAIS;10101;UNILEVER;14;SAB MASSA;9;0
11313;SAB PALMOLIVE KARITE 85G;CX;108;7891024034781;34011190;2003400;PALMOLIVE;189;1,4;1,41;1,6;7;;7;0;0;1,5;1,95;1,95;0;3;32;16;55;1;1;1,59;4;PERFUMARIA E HIGIENE;404;CUIDADOS COM O CORPO;7;SAB MASSA;189,777777777778;1,14444444444444
11317;SAB PALMOLIVE LEITE E PETALAS ROSAS 85G;CX;108;7891024034804;34011190;2003400;PALMOLIVE;147;1,4;1,42;1,6;7;;7;0;0;1,5;1,95;1,95;0;4;56;30;61;1;0;1,59;4;PERFUMARIA E HIGIENE;404;CUIDADOS COM O CORPO;7;SAB MASSA;147,777777777778;1,63333333333333
22202;SAB PALMOLIVE MELANCIA & LICHIA 85G;CX;108;7509546669670;34011190;2003400;PALMOLIVE;219;1,4;1,41;1,6;7;;7;0;0;1,5;1,95;1,95;0;1;24;19;34;0;2;1,59;4;PERFUMARIA E HIGIENE;404;CUIDADOS COM O CORPO;7;SAB MASSA;219;0,855555555555556
11992;SAB PALMOLIVE NAT FRAMBO E TURMALINA 85G;CX;108;7891024034828;34011190;2003400;PALMOLIVE;173;1,4;1,42;1,6;7;;7;0;0;1,5;1,95;1,95;0;3;40;28;55;1;1;1,59;4;PERFUMARIA E HIGIENE;404;CUIDADOS COM O CORPO;7;SAB MASSA;173;1,36666666666667
24277;SAB PALMOLIVE NAT PURIFI ARGILA EUCA 85G;CX;108;7509546695389;34011190;2003400;PALMOLIVE;204;1,4;1,4;1,59;7;;7;0;0;1,5;1,95;1,95;0;1;9;12;39;0;2;1,59;4;PERFUMARIA E HIGIENE;404;CUIDADOS COM O CORPO;7;SAB MASSA;204;0,666666666666667
17650;SAB PROTEX BALANCE 85G;CX;72;7891024034996;34011190;2003400;PROTEX;98;2,02;2,07;2,32;7;;7;0;0;2,17;2,89;2,89;0;2;8;3;2;0;9;2,29;4;PERFUMARIA E HIGIENE;404;CUIDADOS COM O CORPO;7;SAB MASSA;98,2638888888889;0,144444444444444
17648;SAB PROTEX CARVAO DETOX 85G;CX;72;7509546678832;34011190;2003400;PROTEX;69;2,02;2,02;2,29;7;;7;0;0;2,17;2,89;2,89;0;2;9;7;6;0;3;2,29;4;PERFUMARIA E HIGIENE;404;CUIDADOS COM O CORPO;7;SAB MASSA;69,9444444444444;0,244444444444444
17647;SAB PROTEX CREAM 85G;CX;72;7891024035078;34011190;2003400;PROTEX;59;2,02;2,02;2,29;7;;7;0;0;2,17;2,89;2,89;0;2;12;6;9;0;2;2,29;4;PERFUMARIA E HIGIENE;404;CUIDADOS COM O CORPO;7;SAB MASSA;59;0,3
12693;SAB PROTEX ERVA DOCE 85G;CX;72;7891024038819;34011190;2003400;PROTEX;71;2,02;2,06;2,31;7;;7;0;0;2,17;2,89;2,89;0;3;12;16;8;0;2;2,29;4;PERFUMARIA E HIGIENE;404;CUIDADOS COM O CORPO;7;SAB MASSA;71;0,4
12012;SAB PROTEX LIMP PROF ORIG 85G;CX;72;7891024035047;34011190;2003400;PROTEX;64;2,02;2,07;2,32;7;;7;0;0;2,17;2,89;2,89;0;2;21;21;7;0;1;2,29;4;PERFUMARIA E HIGIENE;404;CUIDADOS COM O CORPO;7;SAB MASSA;64,9166666666667;0,544444444444444
19552;SAB PROTEX MACADAMIA PROMO LV6 PG5 85G;CX;12;7891024035535;34011190;2003400;PROTEX;5;12,21;12,21;13,15;7;;7;0;0;12,18;17,02;17,02;0;0;0;0;0;0;;13,48;4;PERFUMARIA E HIGIENE;404;CUIDADOS COM O CORPO;7;SAB MASSA;5,5;0
24278;SAB PROTEX MEN 3X1 ACTIVE SPORTS  85G;CX;72;7891024035313;34011190;2003400;PROTEX;85;2,02;2,02;2,29;7;;7;0;0;2,17;2,89;2,89;0;0;5;1;5;0;9;2,29;4;PERFUMARIA E HIGIENE;404;CUIDADOS COM O CORPO;7;SAB MASSA;85;0,122222222222222
12696;SAB PROTEX VITAMINA E 85G;CX;72;7891024035139;34011190;2003400;PROTEX;93;2,02;2,06;2,32;7;;7;0;0;2,17;2,89;2,89;0;1;9;1;6;0;7;2,29;4;PERFUMARIA E HIGIENE;404;CUIDADOS COM O CORPO;7;SAB MASSA;93,7638888888889;0,177777777777778
16779;SAB SIENE ERVA DOCE (AMARELO) FLPK 85G;CX;72;7898086585947;34011190;2003400;SIENE;60;0,75;0,76;0,81;7;;7;0;0;0,83;1,03;1,03;0;15;56;120;61;2;0;0,77;4;PERFUMARIA E HIGIENE;404;CUIDADOS COM O CORPO;7;SAB MASSA;60;2,63333333333333
22484;SAB SIENE FL ALGODAO FLPK 85G;CX;72;7898086585985;34011190;2003400;SIENE;4;0,77;0,75;0,86;7;;7;0;0;0,83;1,03;1,03;0;0;23;94;55;1;0;0,87;4;PERFUMARIA E HIGIENE;404;CUIDADOS COM O CORPO;7;SAB MASSA;4;1,91111111111111
17455;SAB SIENE LAVANDA (ROXO) FLPK 85G;CX;72;7898086585961;34011190;2003400;SIENE;34;0,75;0,76;0,81;7;;7;0;0;0,83;1,03;1,03;0;16;58;158;56;3;0;0,77;4;PERFUMARIA E HIGIENE;404;CUIDADOS COM O CORPO;7;SAB MASSA;34,6666666666667;3,02222222222222
16778;SAB SIENE PROT LEITE (BRANCO) FLPK 85G;CX;72;7898086585923;34011190;2003400;SIENE;52;0,75;0,76;0,82;7;;7;0;0;0,83;1,03;1,03;0;20;55;115;70;2;0;0,77;4;PERFUMARIA E HIGIENE;404;CUIDADOS COM O CORPO;7;SAB MASSA;52,8472222222222;2,66666666666667
16617;SAB SIENE ROSAS (VERM) FLPK 85G;CX;72;7898086585930;34011190;2003400;SIENE;1;0,75;0,76;0,82;7;;7;0;0;0,83;1,03;1,03;0;0;4;117;69;2;0;0,77;4;PERFUMARIA E HIGIENE;404;CUIDADOS COM O CORPO;7;SAB MASSA;1,02777777777778;2,11111111111111
22264;SABAO BIG SOFT GLICERINADO NEUTRO 200G;CX;50;7896491800327;34011900;2003500;BIG SOFT;30;1,4;1,43;1,69;21,25;;12;1,65;7,6;1,56;1,99;1,99;0;0;13;0;15;0;1;1,69;10001;LIMPEZA;10060;CUIDADOS COM A ROUPA;205;SABÃO EM BARRA OU PASTA;30;0,31112
5436;SABAO LIQ BRILHANTE LIMP TOTAL 3L;CX;4;7891150020672;34025000;1100400;BRILHANTE;4;18,66;18,66;23,37;21,25;18,8;12;1,65;7,6;22,03;29,33;29,99;2,21;0;5;5;0;0;9;23,37;10008;FORNECEDORES ESPECIAIS;10101;UNILEVER;6;LAVA ROUPAS LÍQUIDO E PÓ;4;0,111
24547;SABAO LIQ BRILHANTE PERF EXTRAORD 3L;CX;4;7891150105218;34025000;1100600;BRILHANTE;9;18,66;18,66;23,37;21,25;18,8;12;1,65;7,6;23,7;29,33;29,99;2,21;0;1;4;0;0;40;23,37;10008;FORNECEDORES ESPECIAIS;10101;UNILEVER;6;LAVA ROUPAS LÍQUIDO E PÓ;9;0,0555
24264;SABAO LIQ BRILUX COCO 3L;CX;4;7896110104881;34025000;1100400;BRILUX;6;7,96;7,96;9,97;21,25;18,8;12;1,65;7,6;10,11;12,1;12,37;2,21;0;25;16;13;0;2;9,97;10001;LIMPEZA;10060;CUIDADOS COM A ROUPA;204;LAVA ROUPAS LÍQUIDO E PÓ;6;0,6
506;SABAO LIQ COQUEL COCO FR 1,5L;CX;6;7896040700245;34025000;1100700;COQUEL;8;15,35;15,26;19,2;21,25;18,8;12;1,65;7,6;20,78;22,91;23,43;2,21;0;0;0;4;0;33;19,69;10001;LIMPEZA;10060;CUIDADOS COM A ROUPA;204;LAVA ROUPAS LÍQUIDO E PÓ;8,83333333333333;0,0445
24573;SABAO LIQ OMO ACAO CUIDADO 750ML;CX;12;7891150104266;34025000;1100600;OMO;2;8,91;8,91;11,15;21,25;18,8;12;1,65;7,6;11,31;14,17;14,49;2,21;3;4;3;0;0;2;11,15;10008;FORNECEDORES ESPECIAIS;10101;UNILEVER;6;LAVA ROUPAS LÍQUIDO E PÓ;2;0,07775
24563;SABAO LIQ OMO LAVANDA 3L;CX;4;7891150107472;34025000;1100600;OMO;3;23,6;23,6;29,56;21,25;18,8;12;1,65;7,6;29,97;36,17;36,99;2,21;5;2;4;0;0;11;29,56;10008;FORNECEDORES ESPECIAIS;10101;UNILEVER;6;LAVA ROUPAS LÍQUIDO E PÓ;3;0,06675
23304;SABAO LIQ TIXAN YPE CUIDADO ROUPAS FR 1L;CX;12;7896098903650;34025000;1100600;YPE;1;7,06;6,63;7,78;21,25;18,8;12;1,65;7,6;8,96;9,28;9,49;2,21;0;17;11;0;0;0;7,78;10001;LIMPEZA;10060;CUIDADOS COM A ROUPA;204;LAVA ROUPAS LÍQUIDO E PÓ;1,33333333333333;0,311083333333333
14696;SABAO LIQ TIXAN YPE MACIEZ 3L;CX;4;7896098901373;34025000;1100600;YPE;36;16,51;15,82;19,7;21,25;18,8;12;1,65;7,6;20,97;23,46;23,99;2,21;29;174;254;95;5;1;19,87;10001;LIMPEZA;10060;CUIDADOS COM A ROUPA;204;LAVA ROUPAS LÍQUIDO E PÓ;36,75;5,811
1484;SABAO LIQ TIXAN YPE MACIEZ FR 1L;CX;12;7896098900352;34025000;1100600;YPE;25;6,88;6,87;8,54;21,25;18,8;12;1,65;7,6;8,74;10,65;10,89;2,21;4;47;65;118;2;0;8,28;10001;LIMPEZA;10060;CUIDADOS COM A ROUPA;204;LAVA ROUPAS LÍQUIDO E PÓ;25,1666666666667;2,55558333333333
20366;SABAO LIQ TIXAN YPE MACIEZ SH 900ML;CX;12;7896098904893;34025000;1100600;YPE;2;5,76;5,76;7,15;21,25;18,8;12;1,65;7,6;7,31;8,79;8,99;2,21;38;45;63;125;2;0;6,93;10001;LIMPEZA;10060;CUIDADOS COM A ROUPA;204;LAVA ROUPAS LÍQUIDO E PÓ;2,16666666666667;2,58891666666667
20352;SABAO LIQ TIXAN YPE PRIMAVER SH 900ML;CX;12;7896098904053;34025000;1100600;YPE;65;5,76;5,76;7,15;21,25;18,8;12;1,65;7,6;6,9;8,79;8,99;2,21;8;101;67;85;2;1;6,93;10001;LIMPEZA;10060;CUIDADOS COM A ROUPA;204;LAVA ROUPAS LÍQUIDO E PÓ;65,0833333333333;2,81108333333333
12046;SABAO LIQ TIXAN YPE PRIMAVERA 3L;CX;4;7896098901168;34025000;1100600;YPE;240;16,51;16,35;20,33;21,25;18,8;12;1,65;7,6;20,97;23,46;23,99;2,21;52;252;548;527;14;4;19,87;10001;LIMPEZA;10060;CUIDADOS COM A ROUPA;204;LAVA ROUPAS LÍQUIDO E PÓ;240,75;14,7445
1485;SABAO LIQ TIXAN YPE PRIMAVERA FR 1L;CX;12;7896098900369;34025000;1100600;YPE;73;6,88;6,87;8,54;21,25;18,8;12;1,65;7,6;8,74;10,65;10,89;2,21;9;51;110;75;2;2;8,28;10001;LIMPEZA;10060;CUIDADOS COM A ROUPA;204;LAVA ROUPAS LÍQUIDO E PÓ;73,25;2,62225
20162;SABAO LIQ YPE POWER ACT SUP 900ML;CX;12;7896098902868;34025000;1100600;YPE;3;5,64;5,66;7,03;21,25;18,8;12;1,65;7,6;6,13;8,96;9,16;2,21;0;0;0;0;0;;6,78;10001;LIMPEZA;10060;CUIDADOS COM A ROUPA;204;LAVA ROUPAS LÍQUIDO E PÓ;3,16666666666667;0
3400;SABAO PASTOSO ASSOLAN NEUTRO POTE 500G;CX;12;7896055501103;34012090;;ASSOLAN;8;4,66;4,66;5,79;21,25;;12;1,65;7,6;5,92;7,69;7,69;0;1;3;3;2;0;7;5,61;10001;LIMPEZA;10060;CUIDADOS COM A ROUPA;205;SABÃO EM BARRA OU PASTA;8;0,0889166666666667
960;SABAO PASTOSO NEUTRAL 200G;CX;24;7896270200799;34011900;;NEUTRAL;36;3,23;3,22;3,93;21,25;;12;1,65;7,6;3,8;4,75;4,75;0;12;44;46;47;1;0;4,12;10001;LIMPEZA;10060;CUIDADOS COM A ROUPA;205;SABÃO EM BARRA OU PASTA;36,1666666666667;1,52220833333333
35;SABAO PASTOSO RUTH COCO 500G;CX;18;7896060401443;34011900;2003500;RUTH;50;6,02;6,02;6,98;21,25;;12;1,65;7,6;6,94;8,4;8,4;0;0;0;0;0;0;;6,98;10001;LIMPEZA;10060;CUIDADOS COM A ROUPA;205;SABÃO EM BARRA OU PASTA;50;0
6574;SABAO PASTOSO VITRAL 200G;CX;36;7896085200298;34011900;;VITRAL;23;2,44;2,44;2,95;21,25;;12;1,65;7,6;2,72;3,75;3,75;0;8;22;66;26;1;0;2,95;10001;LIMPEZA;10060;CUIDADOS COM A ROUPA;205;SABÃO EM BARRA OU PASTA;23,8888888888889;1,26666666666667
3037;SABAO PEDRA BARRA COCO 100G;CX;50;7897510300095;34011900;;BARRA;16;1,83;1,83;2,22;21,25;;12;1,65;7,6;2,05;2,65;2,65;0;0;3;1;14;0;1;2,22;10001;LIMPEZA;10060;CUIDADOS COM A ROUPA;205;SABÃO EM BARRA OU PASTA;16;0,2
22535;SABAO PEDRA BARRA GLIC AZUL AMAC 180G;CX;50;7897510300644;34011900;;BARRA;3;1,17;1,17;1,42;21,25;;12;1,65;7,6;1,31;1,79;1,79;0;0;15;0;15;0;0;1,42;10001;LIMPEZA;10060;CUIDADOS COM A ROUPA;205;SABÃO EM BARRA OU PASTA;3;0,33334
22752;SABAO PEDRA BARRA GLIC NEUTRO 180G;CX;50;7897510302693;34011900;;BARRA;4;1,54;1,54;1,86;21,25;;12;1,65;7,6;1,71;2,28;2,28;0;0;12;1;13;0;0;1,86;10001;LIMPEZA;10060;CUIDADOS COM A ROUPA;205;SABÃO EM BARRA OU PASTA;4,14;0,28888
18811;SABAO PEDRA RUTH COCO 90G;CX;100;7896056407053;34011900;2003500;RUTH;22;1,51;1,55;1,87;21,25;;12;1,65;7,6;1,91;2,4;2,4;0;2;13;50;37;1;0;1,89;10001;LIMPEZA;10060;CUIDADOS COM A ROUPA;205;SABÃO EM BARRA OU PASTA;22;1,11111
23009;SABAO PEDRA SEMORIN COCO PCT 5X180G;CX;10;7898917072295;34011900;;SEMORIN;35;7,6;7,6;9,51;21,25;;12;1,65;7,6;9,65;11,45;11,45;0;0;0;1;15;0;19;9,52;10001;LIMPEZA;10060;CUIDADOS COM A ROUPA;205;SABÃO EM BARRA OU PASTA;35;0,1778
23003;SABAO PEDRA SEMORIN COCO PCT 5X90G;CX;10;7898917072172;34011900;;SEMORIN;37;4,28;4,28;5,18;21,25;;12;1,65;7,6;5,25;6,09;6,09;0;0;20;12;0;0;10;5,18;10001;LIMPEZA;10060;CUIDADOS COM A ROUPA;205;SABÃO EM BARRA OU PASTA;37;0,3556
23008;SABAO PEDRA SEMORIN COCO UNIT 180G;CX;50;7898917072264;34011900;;SEMORIN;89;1,67;1,67;2,09;21,25;;12;1,65;7,6;2,12;2,39;2,39;0;0;61;4;42;1;1;2,09;10001;LIMPEZA;10060;CUIDADOS COM A ROUPA;205;SABÃO EM BARRA OU PASTA;89,42;1,18888
16776;SABAO PEDRA YPE GLIC COCO AVEIA 800G;CX;12;7896098905982;34011900;;YPE;2;9,45;8,65;10,87;21,25;;12;1,65;7,6;11,06;14,09;14,09;0;0;2;0;0;0;9;11,84;10001;LIMPEZA;10060;CUIDADOS COM A ROUPA;205;SABÃO EM BARRA OU PASTA;2,66666666666667;0,02225
16664;SABAO PEDRA YPE GLIC NEUTRO 800G;CX;12;7896098905906;34011900;;YPE;7;7,87;7,87;9,86;21,25;;12;1,65;7,6;10;12,29;12,29;0;0;6;7;15;0;1;9,86;10001;LIMPEZA;10060;CUIDADOS COM A ROUPA;205;SABÃO EM BARRA OU PASTA;7,16666666666667;0,311083333333333
3055;SABAO PO ASTRA SH 5KG;UN;1;7897510300477;34025000;1100400;ASTRA;11;18,1;18,04;19,43;21,25;13,9;12;1,65;7,6;17,72;23,75;24,15;1,64;0;20;0;15;0;28;18,89;10001;LIMPEZA;10060;CUIDADOS COM A ROUPA;204;LAVA ROUPAS LÍQUIDO E PÓ;11;0,389
24544;SABAO PO BRILHANTE PERF EXTRAOD CT 1,6KG;CX;9;7891150091504;34025000;1100400;BRILHANTE;2;10,23;10,23;12,81;21,25;13,9;12;1,65;7,6;0;15,73;15,99;1,64;0;6;0;0;0;3;12,81;10008;FORNECEDORES ESPECIAIS;10101;UNILEVER;6;LAVA ROUPAS LÍQUIDO E PÓ;2;0,0666666666666667
24553;SABAO PO BRILHANTE PERF EXTRAOD CT 2,2KG;CX;9;7891150105201;34025000;1100400;BRILHANTE;8;12,32;12,32;15,42;21,25;13,9;12;1,65;7,6;0;18,68;18,99;1,64;0;0;0;0;;;15,42;10008;FORNECEDORES ESPECIAIS;10101;UNILEVER;6;LAVA ROUPAS LÍQUIDO E PÓ;8;
24542;SABAO PO BRILHANTE PERF EXTRAOD SH 1,6KG;CX;7;7891150107229;34025000;1100400;BRILHANTE;5;10,23;10,23;12,81;21,25;13,9;12;1,65;7,6;0;15,73;15,99;1,64;2;1;0;0;0;64;12,81;10008;FORNECEDORES ESPECIAIS;10101;UNILEVER;6;LAVA ROUPAS LÍQUIDO E PÓ;5;0,0111428571428571
24260;SABAO PO BRILUX FLORAL SH 1,6KG;CX;10;7896013101918;34025000;1100400;BRILUX;19;6,18;6,18;7,68;21,25;13,9;12;1,65;7,6;7,62;9,44;9,6;1,64;2;23;16;15;0;3;7,44;10001;LIMPEZA;10060;CUIDADOS COM A ROUPA;204;LAVA ROUPAS LÍQUIDO E PÓ;19,8;0,6
24261;SABAO PO BRILUX TRIPLA ACAO SH 1,6KG;CX;10;7896013101840;34025000;1100400;BRILUX;38;6,18;6,18;7,68;21,25;13,9;12;1,65;7,6;7,85;9,44;9,6;1,64;1;30;19;27;0;4;7,44;10001;LIMPEZA;10060;CUIDADOS COM A ROUPA;204;LAVA ROUPAS LÍQUIDO E PÓ;38,1;0,8544
19183;SABAO PO INVICTO ACT COCO CT 1,6KG;CX;10;7898031174028;34025000;1100400;INVICTO;2;8,02;8,01;9,96;21,25;13,9;12;1,65;7,6;10,18;12,09;12,29;1,64;0;5;103;9;1;0;9,64;10001;LIMPEZA;10060;CUIDADOS COM A ROUPA;204;LAVA ROUPAS LÍQUIDO E PÓ;2,2;1,3
18259;SABAO PO INVICTO ACT COCO SH 1,6KG;CX;10;7898031173847;34025000;1100400;INVICTO;1;6,91;6,91;8,58;21,25;13,9;12;1,65;7,6;8,77;10,42;10,59;1,64;0;34;137;147;3;0;8,31;10001;LIMPEZA;10060;CUIDADOS COM A ROUPA;204;LAVA ROUPAS LÍQUIDO E PÓ;1,7;3,5611
19185;SABAO PO INVICTO ACT SUPERAC CT 1,6KG;CX;10;7898031174004;34025000;1100400;INVICTO;59;8,02;8,01;9,95;21,25;13,9;12;1,65;7,6;10,18;12,09;12,29;1,64;5;51;103;83;2;2;9,64;10001;LIMPEZA;10060;CUIDADOS COM A ROUPA;204;LAVA ROUPAS LÍQUIDO E PÓ;59,4;2,6333
18261;SABAO PO INVICTO ACT SUPERAC SH 1,6KG;CX;10;7898031173823;34025000;1100400;INVICTO;1;6,91;6,91;8,58;21,25;13,9;12;1,65;7,6;8,77;10,42;10,59;1,64;0;12;113;133;2;0;8,31;10001;LIMPEZA;10060;CUIDADOS COM A ROUPA;204;LAVA ROUPAS LÍQUIDO E PÓ;1,7;2,8722
21091;SABAO PO INVICTO ACT SUPERACAO SH 2,4KG;CX;6;7898031174349;34025000;1100400;INVICTO;1;8,66;8,5;10,55;21,25;13,9;12;1,65;7,6;11;14,07;14,3;1,64;0;0;0;1;0;24;10,42;10001;LIMPEZA;10060;CUIDADOS COM A ROUPA;204;LAVA ROUPAS LÍQUIDO E PÓ;1,66666666666667;0,0111666666666667
21310;SABAO PO INVICTO ACTION LAVANDA SH 2,4KG;CX;6;7898031174356;34025000;1100400;INVICTO;2;8,25;8,3;10,31;21,25;13,9;12;1,65;7,6;10,47;13,75;13,98;1,64;0;0;0;3;0;9;9,92;10001;LIMPEZA;10060;CUIDADOS COM A ROUPA;204;LAVA ROUPAS LÍQUIDO E PÓ;2,33333333333333;0,0426666666666667
18703;SABAO PO INVICTO COCO SH 400G;CX;26;7898031173786;34025000;1100400;INVICTO;4;1,91;1,87;2,32;21,25;13,9;12;1,65;7,6;2,42;2,84;2,89;1,64;66;51;45;94;2;0;2,3;10001;LIMPEZA;10060;CUIDADOS COM A ROUPA;204;LAVA ROUPAS LÍQUIDO E PÓ;4,38461538461539;2,11111538461538
18704;SABAO PO INVICTO COCO SH 800G;CX;20;7898031173816;34025000;1100400;INVICTO;6;3,64;3,64;4,53;21,25;13,9;12;1,65;7,6;4,63;5,5;5,59;1,64;2;66;99;109;3;0;4,38;10001;LIMPEZA;10060;CUIDADOS COM A ROUPA;204;LAVA ROUPAS LÍQUIDO E PÓ;6,3;3,065
18705;SABAO PO INVICTO LAVANDA ACT SH 400G;CX;26;7898031173779;34025000;1100400;INVICTO;14;1,91;1,9;2,37;21,25;13,9;12;1,65;7,6;2,42;2,84;2,89;1,64;9;42;64;116;2;0;2,3;10001;LIMPEZA;10060;CUIDADOS COM A ROUPA;204;LAVA ROUPAS LÍQUIDO E PÓ;14,1153846153846;2,47776923076923
19949;SABAO PO INVICTO LAVANDA ACTION 800G;CX;18;7898031174035;34025000;1100400;INVICTO;2;4,2;4,13;5,13;21,25;13,9;12;1,65;7,6;5,33;6,38;6,49;1,64;0;0;0;0;0;;5,05;10001;LIMPEZA;10060;CUIDADOS COM A ROUPA;204;LAVA ROUPAS LÍQUIDO E PÓ;2,16666666666667;0
18706;SABAO PO INVICTO LAVANDA SH 800G;CX;20;7898031173809;34025000;1100400;INVICTO;1;3,64;3,64;4,53;21,25;13,9;12;1,65;7,6;4,63;5,5;5,59;1,64;0;5;128;114;2;0;4,38;10001;LIMPEZA;10060;CUIDADOS COM A ROUPA;204;LAVA ROUPAS LÍQUIDO E PÓ;1,95;2,7611
18701;SABAO PO INVICTO SUPERACAO SH 400G;CX;26;7898031173762;34025000;1100400;INVICTO;4;1,91;1,91;2,37;21,25;13,9;12;1,65;7,6;2,42;2,84;2,89;1,64;80;80;37;38;1;0;2,3;10001;LIMPEZA;10060;CUIDADOS COM A ROUPA;204;LAVA ROUPAS LÍQUIDO E PÓ;4,88461538461539;1,72223076923077
18702;SABAO PO INVICTO SUPERACAO SH 800G;CX;20;7898031173793;34025000;1100400;INVICTO;3;3,64;3,64;4,53;21,25;13,9;12;1,65;7,6;4,63;5,5;5,59;1,64;0;7;78;148;2;0;4,38;10001;LIMPEZA;10060;CUIDADOS COM A ROUPA;204;LAVA ROUPAS LÍQUIDO E PÓ;3,7;2,6011
24706;SABAO PO OMO LAV PERF CT 1,4KG;CX;9;7891150198807;34025000;1100400;OMO;37;12,48;12,48;15,62;21,25;13,9;12;1,65;7,6;0;19,17;19,49;1,64;5;0;0;0;0;;15,62;10008;FORNECEDORES ESPECIAIS;10101;UNILEVER;6;LAVA ROUPAS LÍQUIDO E PÓ;37;0
24564;SABAO PO OMO LAV PERF CT 2,2KG;CX;9;7891150069121;34025000;1100400;OMO;5;20,65;20,65;25,86;21,25;13,9;12;1,65;7,6;26,22;32,45;32,99;1,64;0;23;12;0;0;1;25,86;10008;FORNECEDORES ESPECIAIS;10101;UNILEVER;6;LAVA ROUPAS LÍQUIDO E PÓ;5;0,388888888888889
24585;SABAO PO OMO LAV PERF CT 700G;CX;20;7891150108622;34025000;1100400;OMO;1090;6,95;7,27;9,1;21,25;13,9;12;1,65;7,6;9,25;10,81;10,99;1,64;19;196;60;0;2;19;8,71;10008;FORNECEDORES ESPECIAIS;10101;UNILEVER;6;LAVA ROUPAS LÍQUIDO E PÓ;1090;2,84445
13161;SABAO PO OMO LAV PERF CT 800G;CX;20;7891150064317;34025000;1100400;OMO;433;9,23;8,63;10,5;21,25;13,9;12;1,65;7,6;9,96;13,54;13,77;1,64;0;0;0;0;0;;11,56;10008;FORNECEDORES ESPECIAIS;10101;UNILEVER;6;LAVA ROUPAS LÍQUIDO E PÓ;433,05;0
22623;SABAO PO OMO LAV PERF CT 800G GTS200;CX;20;7891150100244;34025000;1100400;OMO;2;7,59;7,6;9,51;21,25;13,9;12;1,65;7,6;12,53;11,79;11,99;1,64;0;0;46;233;3;0;9,5;10008;FORNECEDORES ESPECIAIS;10101;UNILEVER;6;LAVA ROUPAS LÍQUIDO E PÓ;2,5;3,1
24675;SABAO PO OMO LAVANDA CT 1,4KG;CX;9;7891150198814;34025000;1100400;OMO;47;12,48;12,48;15,62;21,25;13,9;12;1,65;7,6;0;19,17;19,49;1,64;0;0;0;0;;;15,62;10008;FORNECEDORES ESPECIAIS;10101;UNILEVER;6;LAVA ROUPAS LÍQUIDO E PÓ;47;
24676;SABAO PO OMO LAVANDA CT 700G;CX;20;7891150198906;34025000;1100400;OMO;28;6,95;6,95;8,71;21,25;13,9;12;1,65;7,6;0;10,81;10,99;1,64;1;10;0;0;0;12;8,71;10008;FORNECEDORES ESPECIAIS;10101;UNILEVER;6;LAVA ROUPAS LÍQUIDO E PÓ;28;0,1111
23986;SABAO PO OMO LAVANDA CX 1,6KG;CX;9;7891150080201;34025000;1100400;OMO;403;15,13;15,21;19,05;21,25;13,9;12;1,65;7,6;19,22;22,62;23;1,64;1;11;45;21;0;52;18,95;10008;FORNECEDORES ESPECIAIS;10101;UNILEVER;6;LAVA ROUPAS LÍQUIDO E PÓ;403;0,855555555555556
24707;SABAO PO OMO PURO CUIDADO CART 700G;CX;20;7891150198913;34025000;1100400;OMO;38;6,95;6,95;8,71;21,25;13,9;12;1,65;7,6;0;10,81;10,99;1,64;0;0;0;0;;;8,71;10008;FORNECEDORES ESPECIAIS;10101;UNILEVER;6;LAVA ROUPAS LÍQUIDO E PÓ;38;
23987;SABAO PO OMO PURO CUIDADO CX 1,6KG;CX;9;7891150064676;34025000;1100400;OMO;5;16,98;16,98;21,26;21,25;13,9;12;1,65;7,6;18,32;23,6;23,99;1,64;0;3;1;0;0;12;21,26;10008;FORNECEDORES ESPECIAIS;10101;UNILEVER;6;LAVA ROUPAS LÍQUIDO E PÓ;5;0,0444444444444444
24705;SABAO PO OMO TODO CICLO CT 2,0KG;CX;9;7891150199255;34025000;1100400;OMO;8;15,88;15,88;19,88;21,25;13,9;12;1,65;7,6;0;24,09;24,49;1,64;15;0;0;0;0;;19,88;10008;FORNECEDORES ESPECIAIS;10101;UNILEVER;6;LAVA ROUPAS LÍQUIDO E PÓ;8;0
24674;SABAO PO OMO TODO CICLO CT 400G;CX;24;7891150199231;34025000;1100400;OMO;7;5,46;5,46;6,84;21,25;13,9;12;1,65;7,6;0;8,35;8,49;1,64;7;5;0;0;0;5;6,84;10008;FORNECEDORES ESPECIAIS;10101;UNILEVER;6;LAVA ROUPAS LÍQUIDO E PÓ;7;0,0555416666666667
24584;SABAO PO SURF DELICADEZA DO COC SH 2,4KG;FD;6;7891150086838;34025000;1100400;SURF;400;11,6;11,6;14,53;21,25;13,9;12;1,65;7,6;0;18,19;18,49;1,64;41;234;113;0;3;17;14,53;10008;FORNECEDORES ESPECIAIS;10101;UNILEVER;6;LAVA ROUPAS LÍQUIDO E PÓ;400,833333333333;3,8555
24350;SABAO PO SURF DELICADEZA DO COCO 1,6KG;FD;7;7891150106840;34025000;1100400;SURF;736;9,47;9,47;11,86;21,25;13,9;12;1,65;7,6;12,03;14,15;14,39;1,64;23;141;75;0;2;43;11,86;10008;FORNECEDORES ESPECIAIS;10101;UNILEVER;6;LAVA ROUPAS LÍQUIDO E PÓ;736;2,40957142857143
24349;SABAO PO SURF EXPLOSAO FLORES SH 1,6KG;FD;7;7891150106833;34025000;1100400;SURF;3252;9,47;9,47;11,86;21,25;13,9;12;1,65;7,6;12,03;14,15;14,39;1,64;20;479;280;0;8;55;11,86;10008;FORNECEDORES ESPECIAIS;10101;UNILEVER;6;LAVA ROUPAS LÍQUIDO E PÓ;3252,85714285714;8,43328571428571
24533;SABAO PO SURF EXPLOSAO FLORES SH 2,4KG;FD;6;7891150086845;34025000;1100400;SURF;1295;11,6;11,6;14,53;21,25;13,9;12;1,65;7,6;0;18,19;18,49;1,64;53;637;335;0;10;19;14,53;10008;FORNECEDORES ESPECIAIS;10101;UNILEVER;6;LAVA ROUPAS LÍQUIDO E PÓ;1295,83333333333;10,8
18506;SABAO PO SURF LAVANDA 800G;FD;16;7891150086784;34025000;1100400;SURF;723;6,3;6,3;7,89;21,25;13,9;12;1,65;7,6;6,28;9,33;9,49;1,64;52;136;63;0;2;20;7,89;10008;FORNECEDORES ESPECIAIS;10101;UNILEVER;6;LAVA ROUPAS LÍQUIDO E PÓ;723,3125;2,211125
24372;SABAO PO TIXAN CONC POWER ACT CX 2,2KG;CX;9;7896055510266;34025000;1100400;TIXAN (YPE);2;14,42;14,42;17,91;21,25;13,9;12;1,65;7,6;19,4;22,42;22,79;1,64;0;0;0;0;0;;17,35;10001;LIMPEZA;10060;CUIDADOS COM A ROUPA;204;LAVA ROUPAS LÍQUIDO E PÓ;2;0
24370;SABAO PO TIXAN CONC POWER ACT SH 1,6KG;FD;11;7896055510259;34025000;1100400;TIXAN (YPE);2;10,84;11,05;13,73;21,25;13,9;12;1,65;7,6;14,58;17,69;17,98;1,64;0;0;1;2;0;3;13,04;10001;LIMPEZA;10060;CUIDADOS COM A ROUPA;204;LAVA ROUPAS LÍQUIDO E PÓ;2,18181818181818;0,0525454545454545
21709;SABAO PO TIXAN YPE MACIEZ CT 2,2KG;CX;9;7896098903933;34025000;1100400;YPE;209;13,11;13,11;16,28;21,25;13,9;12;1,65;7,6;16,64;19,66;19,99;1,64;59;537;496;720;19;1;15,77;10001;LIMPEZA;10060;CUIDADOS COM A ROUPA;204;LAVA ROUPAS LÍQUIDO E PÓ;209,555555555556;19,4777777777778
17448;SABAO PO TIXAN YPE MACIEZ CT 400G;CX;28;7896098909737;34025000;1100400;YPE;2;3,12;3,12;3,88;21,25;13,9;12;1,65;7,6;3,97;4,9;4,98;1,64;1;126;125;140;4;0;3,76;10001;LIMPEZA;10060;CUIDADOS COM A ROUPA;204;LAVA ROUPAS LÍQUIDO E PÓ;2,53571428571429;4,34442857142857
17164;SABAO PO TIXAN YPE MACIEZ CT 800G;CX;24;7896098909751;34025000;1100400;YPE;13;6,09;6,09;7,57;21,25;13,9;12;1,65;7,6;7,73;9,54;9,7;1,64;3;103;106;123;3;0;7,33;10001;LIMPEZA;10060;CUIDADOS COM A ROUPA;204;LAVA ROUPAS LÍQUIDO E PÓ;13;3,688875
24197;SABAO PO TIXAN YPE MACIEZ SH 1,6KG;CX;11;7896098909843;34025000;1100400;YPE;1;9,85;9,15;11,54;21,25;13,9;12;1,65;7,6;12,51;13,94;14,17;1,64;0;7;33;45;0;0;11,85;10001;LIMPEZA;10060;CUIDADOS COM A ROUPA;204;LAVA ROUPAS LÍQUIDO E PÓ;1,63636363636364;0,952545454545455
17532;SABAO PO TIXAN YPE MACIEZ SH 800G;CX;20;7896098909812;34025000;1100700;YPE;11;5,66;5,66;7,03;21,25;13,9;12;1,65;7,6;7,19;8,84;8,99;1,64;2;7;25;27;0;0;6,81;10001;LIMPEZA;10060;CUIDADOS COM A ROUPA;204;LAVA ROUPAS LÍQUIDO E PÓ;11;0,65555
17572;SABAO PO TIXAN YPE PRIM CT 400G;CX;28;7896098909720;34025000;1100400;YPE;3;3,52;3,43;3,88;21,25;13,9;12;1,65;7,6;3,97;4,9;4,98;1,64;0;146;156;134;4;0;3,88;10001;LIMPEZA;10060;CUIDADOS COM A ROUPA;204;LAVA ROUPAS LÍQUIDO E PÓ;3,89285714285714;4,84442857142857
17240;SABAO PO TIXAN YPE PRIM CT 800G;CX;24;7896098909744;34025000;1100400;YPE;108;6,09;6,09;7,57;21,25;13,9;12;1,65;7,6;7,73;9,54;9,7;1,64;9;75;196;137;4;0;7,33;10001;LIMPEZA;10060;CUIDADOS COM A ROUPA;204;LAVA ROUPAS LÍQUIDO E PÓ;108,541666666667;4,53333333333333
17700;SABAO PO TIXAN YPE PRIM SH 800G;CX;20;7896098909805;34025000;1100400;YPE;17;5,66;5,66;7,04;21,25;13,9;12;1,65;7,6;7,62;8,84;8,99;1,64;3;7;29;16;0;1;6,81;10001;LIMPEZA;10060;CUIDADOS COM A ROUPA;204;LAVA ROUPAS LÍQUIDO E PÓ;17;0,5939
17458;SABAO PO TIXAN YPE PRIMAV CT 1,6KG;CX;9;7896098909768;34025000;1100400;YPE;35;10,02;10,16;12,69;21,25;13,9;12;1,65;7,6;13,45;16,6;16,88;1,64;26;38;27;150;2;1;12,55;10001;LIMPEZA;10060;CUIDADOS COM A ROUPA;204;LAVA ROUPAS LÍQUIDO E PÓ;35,1111111111111;2,38888888888889
19597;SABAO PO TIXAN YPE PRIMAV CT 2,2KG;CX;9;7896098906750;34025000;1100400;YPE;525;13,11;13,11;16,28;21,25;13,9;12;1,65;7,6;16,64;19,66;19,99;1,64;48;832;622;1104;28;2;15,77;10001;LIMPEZA;10060;CUIDADOS COM A ROUPA;204;LAVA ROUPAS LÍQUIDO E PÓ;525,111111111111;28,4222222222222
17105;SABAO PO TIXAN YPE PRIMAV FX SH 1,3KG;CX;11;7896098909829;34025000;1100700;YPE;23;8,4;8,4;10,44;21,25;13,9;12;1,65;7,6;10,67;12,68;12,89;1,64;8;62;116;3;2;1;10,11;10001;LIMPEZA;10060;CUIDADOS COM A ROUPA;204;LAVA ROUPAS LÍQUIDO E PÓ;23,9090909090909;2,02018181818182
24196;SABAO PO TIXAN YPE PRIMAV SH 1,6KG;CX;11;7896098909836;34025000;1100400;YPE;1;9,85;9,85;12,23;21,25;13,9;12;1,65;7,6;13,26;14,45;14,69;1,64;0;17;21;19;0;0;11,85;10001;LIMPEZA;10060;CUIDADOS COM A ROUPA;204;LAVA ROUPAS LÍQUIDO E PÓ;1,72727272727273;0,642454545454546
20932;SABAO PO TIXAN YPE PRIMAVERA FX 400G;CX;24;7896098909782;34025000;1100400;YPE;10;2,91;2,92;3,63;21,25;13,9;12;1,65;7,6;3,91;4,61;4,69;1,64;1;29;22;19;0;0;3,5;10001;LIMPEZA;10060;CUIDADOS COM A ROUPA;204;LAVA ROUPAS LÍQUIDO E PÓ;10,4166666666667;0,777791666666667
15432;SABAO PO YPE POWER ACT CT 800G;CX;24;7896098905081;34025000;1100700;YPE;2;6,41;6,95;8,44;21,25;13,9;12;1,65;7,6;6,96;10,22;10,39;1,64;0;0;0;0;0;;7,71;10001;LIMPEZA;10060;CUIDADOS COM A ROUPA;204;LAVA ROUPAS LÍQUIDO E PÓ;2,41666666666667;0
15518;SABAO PO YPE POWER ACT SH 2,4KG;FD;8;7896098905128;34025000;1100400;YPE;3;14;16,09;20,06;21,25;13,9;12;1,65;7,6;17,77;24,19;24,59;1,64;0;0;0;0;0;;16,84;10001;LIMPEZA;10060;CUIDADOS COM A ROUPA;204;LAVA ROUPAS LÍQUIDO E PÓ;3,75;0
22457;SACO ALVEJADO L57 C/10UND 45X70CM;AM;1;7898938147408;63079090;;LIMPO (LIMPOPLUS);27;26,03;26,03;32,6;21,25;;12;1,65;7,6;33,06;41,55;41,55;0;30;0;60;40;1;24;32,6;10007;BAZAR;10087;BAZAR DIVERSOS;31;ACESSÓRIOS DE LAVANDERIA;27;1,111
1196;SACO ALVEJADO UNID C/10UND 32X56CM;AM;1;7898938147163;63079090;;LIMPO (LIMPOPLUS);253;10,62;10,62;13,3;21,25;;12;1,65;7,6;13,49;17,4;17,4;0;270;318;361;581;14;18;13,3;10007;BAZAR;10087;BAZAR DIVERSOS;31;ACESSÓRIOS DE LAVANDERIA;253;14
22458;SACO ALVEJADO XADREZ 20 C/10UND 45X65CM;AM;1;7898938147675;63079090;;LIMPO (LIMPOPLUS);18;26,03;26,03;32,6;21,25;;12;1,65;7,6;31,23;41,55;41,55;0;30;0;59;0;0;27;32,6;10007;BAZAR;10087;BAZAR DIVERSOS;31;ACESSÓRIOS DE LAVANDERIA;18;0,656
16414;SAL CISNE REF EXTRA SH 1KG;CX;1;7896035271514;25010020;;CISNE;2;14,23;14,43;16,8;7;0;-2,25;1,65;7,6;15,3;35,36;35,36;0;0;0;0;0;0;;27,26;1;MERCEARIA SALGADA;102;COMMODITIES;3;SAL;2;0
1446;SAL CISNE REFINADO EXTRA 1KG;FD;10;7896035210001;25010020;;CISNE;56;2,24;2,24;2,57;7;0;-2,25;1,65;7,6;2,39;2,99;2,99;0;1302;4001;4169;3645;131;0;3,66;1;MERCEARIA SALGADA;102;COMMODITIES;3;SAL;56,1;131,2878
2401;SAL CISNE REFINADO GROSSO 1KG;FD;30;7896035210018;25010020;;CISNE;97;2,3;2,31;2,63;7;0;-2,25;1,65;7,6;2,39;2,99;2,99;0;10;140;87;84;3;0;3,76;1;MERCEARIA SALGADA;102;COMMODITIES;3;SAL;97,9666666666667;3,46333333333333
53;SAL DUNORTE REFINADO 1KG;FD;30;7898124620012;25010020;;DUNORTE;539;1,26;1,26;1,44;7;0;-2,25;1,65;7,6;1,31;1,68;1,68;0;534;1558;1366;1419;48;0;1,43;1;MERCEARIA SALGADA;102;COMMODITIES;3;SAL;539,5;48,2674
56;SAL ITA CHURRASCO 1KG;FD;30;7898124620104;25010020;;ITA;118;1,63;1,63;1,87;7;0;-2,25;1,65;7,6;1,7;2,2;2,2;0;53;221;203;299;8;0;1,86;1;MERCEARIA SALGADA;102;COMMODITIES;3;SAL;118,333333333333;8,05
54;SAL ITA REFINADO 1KG;FD;30;7898124620098;25010020;;ITA;376;1,63;1,63;1,87;7;0;-2,25;1,65;7,6;1,7;2,2;2,2;0;462;1449;1118;1261;42;0;1,86;1;MERCEARIA SALGADA;102;COMMODITIES;3;SAL;376,7;42,5570333333333
6580;SAL LEBRE CHURRASCO MARINHO IODADO 1KG;FD;10;7896110100814;25010020;;LEBRE;81;1,56;1,56;1,95;7;0;-2,25;1,65;7,6;1,22;2,29;2,29;0;15;307;2;105;4;1;1,95;1;MERCEARIA SALGADA;102;COMMODITIES;3;SAL;81,5;4,6167
6579;SAL LEBRE REFINADO MARINHO IODADO 1KG;FD;10;7896110100043;25010020;;LEBRE;1149;1,52;1,51;1,89;7;0;-2,25;1,65;7,6;1,2;2,29;2,29;0;159;577;791;820;24;4;1,9;1;MERCEARIA SALGADA;102;COMMODITIES;3;SAL;1149,5;24,3311
8414;SAL MIRAMAR MOIDO IODADO 1KG;FD;10;7896110100012;25010020;;MIRAMAR;422;1,29;1,29;1,62;7;0;-2,25;1,65;7,6;1,44;1,89;1,89;0;21;247;0;155;4;9;1,62;1;MERCEARIA SALGADA;102;COMMODITIES;3;SAL;422,1;4,4667
385;SALSICHA FRISA TIPO VIENA LT 180G;CX;24;7896481911842;16010000;1707701;FRISA;910;2,16;2,16;2,71;16,25;;7;1,65;7,6;2,43;3,2;3,2;0;96;201;585;755;17;2;2,71;1;MERCEARIA SALGADA;103;CONSERVAS;8;PRATOS PRONTOS CONSERVA;910,166666666667;17,125
6218;SALSICHA PERDIGAO HOT DOG KG;CX;20;7891515220983;16010000;1707700;PERDIGAO;287;6;6;6,75;16,25;;7;1,65;7,6;6,67;7,57;7,57;0;169;386;338;555;14;1;6,75;6;PERECIVEIS;10053;FRIOS E EMBUTIDOS;2;EMBUTIDOS;287,75;14,2111
902;SALSICHA VIENA ANGLO LT 180G;CX;24;7899567245220;16010000;1707701;ANGLO;796;2,06;2,06;2,58;16,25;;7;1,65;7,6;2,12;3,25;3,25;0;83;445;0;0;4;6;2,58;1;MERCEARIA SALGADA;103;CONSERVAS;8;PRATOS PRONTOS CONSERVA;796;4,94445833333333
16694;SANGRIA SALTON LUNAE 750ML;CX;6;7896023016677;22060090;0202300;SALTON;111;10,67;10,67;13,01;36,25;;27;1,65;7,6;16,73;15,75;15,75;0;0;5;0;0;0;325;11,01;10005;BEBIDAS;10070;VINHOS;5;TINTO;111,833333333333;0,0573333333333333
13268;SAPOLIO RADIUM CREMOSO CLASSICO 250ML;CX;12;7891022861044;34054000;;RADIUM;101;5,51;5,51;6,8;21,25;;12;1,65;7,6;7;7,99;7,99;0;1;5;26;3;0;22;6,38;10001;LIMPEZA;10054;CUIDADOS COM A CASA;167;LIMPADORES ESPECÍFICOS (PISO/VIDRO);101,666666666667;0,37775
18104;SAPOLIO RADIUM CREMOSO CLASSICO 450ML;CX;12;7891022861112;34054000;;RADIUM;94;6,67;6,67;8,22;21,25;;12;1,65;7,6;8,47;9,69;9,69;0;30;5;20;10;0;20;7,72;10001;LIMPEZA;10054;CUIDADOS COM A CASA;167;LIMPADORES ESPECÍFICOS (PISO/VIDRO);94,8333333333333;0,388916666666667
13266;SAPOLIO RADIUM CREMOSO CLORO 250ML;CX;12;7891022861075;34054000;;RADIUM;117;4,62;4,62;5,7;21,25;;12;1,65;7,6;5,87;7,99;7,99;0;5;4;24;20;0;18;5,35;10001;LIMPEZA;10054;CUIDADOS COM A CASA;167;LIMPADORES ESPECÍFICOS (PISO/VIDRO);117,666666666667;0,533333333333333
18530;SAPOLIO RADIUM CREMOSO CLORO 450ML;CX;12;7891022861136;34054000;;RADIUM;91;6,67;6,67;8,22;21,25;;12;1,65;7,6;8,47;9,69;9,69;0;33;8;19;12;0;17;7,72;10001;LIMPEZA;10054;CUIDADOS COM A CASA;167;LIMPADORES ESPECÍFICOS (PISO/VIDRO);91;0,433333333333333
14040;SAPOLIO RADIUM CREMOSO LAVANDA 250ML;CX;12;7891022861068;34054000;;RADIUM;103;5,51;5,51;6,79;21,25;;12;1,65;7,6;7;7,99;7,99;0;4;6;28;2;0;21;6,38;10001;LIMPEZA;10054;CUIDADOS COM A CASA;167;LIMPADORES ESPECÍFICOS (PISO/VIDRO);103,666666666667;0,4
2407;SAPOLIO RADIUM PO CLORO 300G;CX;12;7891022851359;34054000;;RADIUM;5;3,56;3,56;4,39;21,25;;12;1,65;7,6;4,22;5,49;5,49;0;10;11;24;0;0;1;4,12;10001;LIMPEZA;10054;CUIDADOS COM A CASA;167;LIMPADORES ESPECÍFICOS (PISO/VIDRO);5;0,388916666666667
3057;SAPOLIO RADIUM PO LAVANDA 300G;CX;12;7891022852691;34054000;;RADIUM;8;3,56;3,56;4,39;21,25;;12;1,65;7,6;3,52;5,49;5,49;0;13;12;17;0;0;2;4,12;10001;LIMPEZA;10054;CUIDADOS COM A CASA;167;LIMPADORES ESPECÍFICOS (PISO/VIDRO);8;0,32225
12267;SAPONACEO CREMOSO YPE ORIGINAL 300ML;CX;24;7896098904336;34054000;;YPE;5;4,81;4,47;5,58;21,25;;12;1,65;7,6;6,11;5,99;5,99;0;0;1;4;15;0;1;5,57;10001;LIMPEZA;10054;CUIDADOS COM A CASA;167;LIMPADORES ESPECÍFICOS (PISO/VIDRO);5,83333333333333;0,222208333333333
15319;SARDINHA 88 OLEO LT 125G;CX;50;7891167023017;16041310;1708100;88;21;3,51;3,51;4,39;16,25;;7;1,65;7,6;3,56;4,99;4,99;0;32;63;16;150;2;0;4,39;1;MERCEARIA SALGADA;103;CONSERVAS;7;PEIXE EM CONSERVA;21;2,554
15320;SARDINHA 88 TOMATE LT 125G;CX;50;7891167023024;16041310;1708100;88;7;3,51;3,51;4,39;16,25;;7;1,65;7,6;3,56;4,99;4,99;0;27;81;21;138;2;0;4,39;1;MERCEARIA SALGADA;103;CONSERVAS;7;PEIXE EM CONSERVA;7;2,66666
121;SARDINHA COQUEIRO OLEO LT 125G;CX;54;7896009301049;16041310;1708100;COQUEIRO;1;3,91;3,88;4,4;16,25;;7;1,65;7,6;4,12;5,19;5,19;0;0;0;2;29;0;0;4,4;1;MERCEARIA SALGADA;103;CONSERVAS;7;PEIXE EM CONSERVA;1,14814814814815;0,355351851851852
6368;SARDINHA GOMES COSTA OLEO LT 125G;CX;50;7891167021013;16041310;1708100;GOMES DA COSTA;197;3,85;3,85;4,83;16,25;;7;1,65;7,6;4,6;5,49;5,49;0;109;84;127;67;3;1;4,83;1;MERCEARIA SALGADA;103;CONSERVAS;7;PEIXE EM CONSERVA;197,86;3,09978
6483;SARDINHA GOMES COSTA TOMATE TEMP LT 125G;CX;50;7891167021020;16041310;1708100;GOMES DA COSTA;147;3,85;3,85;4,83;16,25;;7;1,65;7,6;4,6;5,49;5,49;0;167;63;77;48;2;1;4,83;1;MERCEARIA SALGADA;103;CONSERVAS;7;PEIXE EM CONSERVA;147,94;2,09956
898;SARDINHA NAUTIQUE OLEO LT 125G;CX;50;7898342050240;16041310;1708100;NAUTIQUE;193;2,99;2,98;3,73;16,25;;7;1,65;7,6;3,57;4,39;4,39;0;92;288;174;188;7;0;3,74;1;MERCEARIA SALGADA;103;CONSERVAS;7;PEIXE EM CONSERVA;193,66;7,23288
899;SARDINHA NAUTIQUE TOMATE LT 125G;CX;50;7898342050257;16041310;1708100;NAUTIQUE;42;2,99;2,99;3,74;16,25;;7;1,65;7,6;3,57;4,39;4,39;0;7;29;172;28;2;0;3,74;1;MERCEARIA SALGADA;103;CONSERVAS;7;PEIXE EM CONSERVA;42;2,55466
15913;SELETA LEGUMES FUGINI CONSERVA SH 170G;CX;36;7897517209674;20059900;1709200;FUGINI;160;3,55;3,54;4,43;21,25;34,33;12;1,65;7,6;4,5;5,46;5,68;3,96;0;21;8;49;0;5;4,44;1;MERCEARIA SALGADA;103;CONSERVAS;3;OUTROS VEGETAIS;160,222222222222;0,866666666666667
15523;SELETA LEGUMES OLE LT 170G;CX;24;7891032012504;20059900;1709200;OLE;58;2,01;2,01;2,52;21,25;34,33;12;1,65;7,6;2,56;3,16;3,29;3,96;2;8;63;54;1;1;2,52;1;MERCEARIA SALGADA;103;CONSERVAS;3;OUTROS VEGETAIS;58;1,388875
178;SELETA LEGUMES OLE VD 170G;CX;12;7891032012658;20059900;1709200;OLE;2;2,59;2,59;3,24;21,25;34,33;12;1,65;7,6;2,84;3,82;3,98;3,96;80;143;120;379;7;0;3,25;1;MERCEARIA SALGADA;103;CONSERVAS;3;OUTROS VEGETAIS;2,5;7,13333333333333
15153;SELETA LEGUMES PREDILECTA LT 170G;CX;24;7896292347786;20059900;1709200;PREDILECTA;9;2,14;2,14;2,68;21,25;34,33;12;1,65;7,6;2,72;3,26;3,39;3,96;5;69;86;76;2;0;2,68;1;MERCEARIA SALGADA;103;CONSERVAS;3;OUTROS VEGETAIS;9,08333333333333;2,56666666666667
7918;SH SEDA CACHOS DEFINIDOS 325ML;CX;12;7891150037595;33051000;2001700;SEDA;12;6,94;6,94;7,89;12;24,18;12;0;0;8,93;10,19;10,49;2,82;6;17;25;0;0;2;7,89;4;PERFUMARIA E HIGIENE;403;CUIDADOS COM CABELO;4;SHAMPOO;12;0,466666666666667
24601;SH SEDA GLYCOL+VIT C 325ML;CX;12;7891150099845;33051000;2001700;SEDA;29;6,94;6,94;7,89;12;24,18;12;0;0;0;10,19;10,49;2,82;1;0;0;0;;;7,89;10008;FORNECEDORES ESPECIAIS;10101;UNILEVER;15;SHAMPOO;29;
10285;SH SEDA LISO PERFEITO 325ML;CX;12;7891150037519;33051000;2001700;SEDA;9;6,94;6,94;7,89;12;24,18;12;0;0;7,78;10,19;10,49;2,82;4;22;5;0;0;2;7,89;4;PERFUMARIA E HIGIENE;403;CUIDADOS COM CABELO;4;SHAMPOO;9,91666666666667;0,3
7702;SH SEDA PRETOS LUMINOSOS 325ML;CX;12;7891150037526;33051000;2001700;SEDA;24;6,94;6,94;7,89;12;24,18;12;0;0;8,93;10,19;10,49;2,82;1;10;25;0;0;5;7,89;4;PERFUMARIA E HIGIENE;403;CUIDADOS COM CABELO;4;SHAMPOO;24;0,388916666666667
7957;SH SEDA SOS CERAMIDAS 325ML;CX;12;7891150037397;33051000;2001700;SEDA;12;6,94;6,94;7,89;12;24,18;12;0;0;8,93;10,19;10,49;2,82;3;20;25;0;0;2;7,89;4;PERFUMARIA E HIGIENE;403;CUIDADOS COM CABELO;4;SHAMPOO;12;0,5
18858;SOBREPALETA SEARA SEM OSSO IWP CG KG;CX;18;18858;02032900;1708701;SEARA;12;13,96;13,95;14,55;7;0;7;0;0;14,1;19,9;19,9;0;0;0;0;20;0;3;14,56;6;PERECIVEIS;10050;CONGELADOS;4;CARNE SUINA CONGELADA;12,2222222222222;0,222222222222222
1012;SODA CAUSTICA AMALIA 400G;CX;12;7896484351256;28151100;;AMALIA;115;7,71;7,71;9,34;21,25;;12;1,65;7,6;8,61;11,55;11,55;0;24;49;83;90;2;3;9,34;10001;LIMPEZA;10054;CUIDADOS COM A CASA;167;LIMPADORES ESPECÍFICOS (PISO/VIDRO);115;2,46666666666667
16461;SONHO DE VALSA SC 1KG;CX;10;16461;19053200;1705800;LACTA;15;35,15;35,15;44,01;21,25;16,05;12;1,65;7,6;42,5;49,05;49,99;1,89;0;0;14;11;0;5;44,01;2;MERCEARIA DOCE;205;BOMBONIERE;2;BOMBOM;15;0,2778
23362;SPOT AVANT LED SUPIMPA QUAD AM BIVOLT 5W;UN;1;7899825502966;94051190;2112300;AVANT;88;5,85;5,85;6,78;21,25;;12;1,65;7,6;6,96;9,29;9,29;0;0;0;0;0;0;;6,78;10007;BAZAR;10087;BAZAR DIVERSOS;38;LÂMPADAS E ELÉTRICA;88;0
23363;SPOT AVANT LED SUPIMPA QUAD BCO BIVOL 3W;UN;1;7899825505899;94051190;2112300;AVANT;108;4,76;4,76;5,52;21,25;;12;1,65;7,6;5,67;7,49;7,49;0;0;0;0;0;;;5,52;10007;BAZAR;10087;BAZAR DIVERSOS;38;LÂMPADAS E ELÉTRICA;108;
16773;STEINHAGER LOEWE DUBAR 960ML;CX;12;7891990000254;22089000;0201400;DUBAR;10;14,53;14,51;17,27;36,25;;27;1,65;7,6;24,07;22,48;22,48;0;0;0;0;0;0;;13;10005;BEBIDAS;10065;DESTILADOS;7;OUTROS;10;0
23690;SUCO AURORA INT UVA ROSE GASEF LN 275ML;CX;24;7891141039171;20096100;1701000;AURORA (VINICOLA);19;3,17;3,17;3,95;21,25;38,81;12;1,65;7,6;4,03;4,91;5,14;4,45;6;5;0;1;0;11;3,71;10005;BEBIDAS;10073;SUCOS;213;SUCOS INTEGRAIS;19;0,0666666666666667
23695;SUCO AURORA INTEGRAL MACA TP 200ML;CX;24;7891141039638;20097100;1701000;AURORA (VINICOLA);18;2,38;2,38;2,96;21,25;38,81;12;1,65;7,6;3,01;3,96;4,14;4,45;4;0;0;5;0;13;2,77;10005;BEBIDAS;10073;SUCOS;213;SUCOS INTEGRAIS;18;0,0555416666666667
23693;SUCO AURORA MACA GASEFICADO LN 275ML;CX;24;7891141039591;20097100;1701000;AURORA (VINICOLA);27;3,17;3,17;3,95;21,25;38,81;12;1,65;7,6;4,03;4,91;5,14;4,45;2;2;0;1;0;33;3,71;10005;BEBIDAS;10073;SUCOS;211;NÉCTARES;27;0,0333333333333333
22580;SUCO AURORA MACA INTEGRAL TP 1,5L;CX;6;7891141038754;20097100;1701000;AURORA;30;9,44;8,85;10,4;21,25;38,81;12;1,65;7,6;9,15;12,82;13,42;4,45;3;22;34;125;2;2;10,4;10005;BEBIDAS;10073;SUCOS;213;SUCOS INTEGRAIS;30,1666666666667;2,01116666666667
19116;SUCO AURORA UVA TINTO INT TP 1,5L;CX;6;7891141036170;20096100;1701000;AURORA (VINICOLA);1600;9,38;9,37;11,65;21,25;38,81;12;1,65;7,6;10,09;13,86;14,51;4,45;281;624;391;553;17;15;10,83;10005;BEBIDAS;10073;SUCOS;213;SUCOS INTEGRAIS;1600,66666666667;17,4221666666667
15790;SUCO AURORA UVA TINTO INT VD 1,5L;CX;6;7891141019838;20096100;1701000;AURORA (VINICOLA);708;11,11;11,12;13,81;21,25;38,81;12;1,65;7,6;11,83;16,14;16,89;4,45;26;84;87;287;5;23;12,83;10005;BEBIDAS;10073;SUCOS;213;SUCOS INTEGRAIS;708;5,09816666666667
11921;SUCO GALIOTTO UVA INT NATURAL 1,5L;CX;6;7897344204101;20096100;1701000;GALIOTTO;156;11,57;11,57;14,65;21,25;38,81;12;1,65;7,6;15,51;17,57;18,39;4,45;3;33;16;48;1;24;15,3;10005;BEBIDAS;10073;SUCOS;213;SUCOS INTEGRAIS;156,666666666667;1,07783333333333
23326;SUCO GALIOTTO UVA TTO INTEG PT 1350ML;CX;6;7897344200325;20096100;1701000;GALIOTTO;424;8,63;8,63;10,8;21,25;38,81;12;1,65;7,6;10,95;12,41;12,99;4,45;16;60;71;89;2;28;10,8;10005;BEBIDAS;10073;SUCOS;213;SUCOS INTEGRAIS;424;2,4445
6732;SUCO LALITA CITRICUS LARANJA PET 2L;CX;6;7898935265235;22021000;1711100;LALITA;421;3,71;3,71;4,46;10,4;0;-2,6;2,32;10,68;3,88;5,69;5,69;0;459;842;1238;950;33;2;4,37;10005;BEBIDAS;10073;SUCOS;211;NÉCTARES;421,333333333333;33,676
14083;SUCO LALITA UVA PET 2L;CX;6;7898317272066;22021000;1711100;LALITA;4;3,71;3,71;4,46;10,4;0;-2,6;2,32;10,68;3,88;5,69;5,69;0;169;116;274;207;6;0;4,37;10005;BEBIDAS;10073;SUCOS;211;NÉCTARES;4,16666666666667;6,637
24147;SUCO TOMIO UVA TINTO INTEGRAL 1,5L;CX;6;7898721660206;20096100;1701000;TOMIO (DEL NONO);924;8,55;8,55;10,71;21,25;38,81;12;1,65;7,6;9,23;13,29;13,91;4,45;26;241;247;302;8;17;10,71;10005;BEBIDAS;10073;SUCOS;213;SUCOS INTEGRAIS;924,166666666667;8,77783333333333
1587;TALCO BARLA ANTISS GDE 140G;CX;12;7896806700076;33049100;2001300;BARLA;30;4;4;4,54;12;42,32;12;0;0;4,49;5,7;5,99;4,83;20;63;160;64;3;0;4,54;4;PERFUMARIA E HIGIENE;404;CUIDADOS COM O CORPO;1;DESODORANTE;30;3,18891666666667
2425;TALCO BARLA ANTISS PEQ 80G;CX;24;7896806700069;33049100;2001300;BARLA;32;3,11;3,05;3,46;12;42,32;12;0;0;3,25;4,56;4,79;4,83;6;55;63;48;1;0;3,54;4;PERFUMARIA E HIGIENE;404;CUIDADOS COM O CORPO;1;DESODORANTE;32,5;1,84445833333333
4035;TAPIOCA AMAFIL GRANULADA 500G;FD;20;7896035941868;19030000;;AMAFIL;8;3,21;3,21;3,68;21,25;;12;1,65;7,6;3,94;4,3;4,3;0;0;32;4;44;0;0;3,68;1;MERCEARIA SALGADA;10093;FARINÁCEOS;1;DERIVADOS DE MANDIOCA;8;0,8889
1285;TAPIOCA GRANFINO 500G;FD;20;7896016501753;19030000;;GRANFINO;5;3,69;3,69;4,47;21,25;;12;1,65;7,6;4,12;5,1;5,1;0;5;20;20;9;0;0;4,47;1;MERCEARIA SALGADA;10093;FARINÁCEOS;1;DERIVADOS DE MANDIOCA;5;0,54445
1313;TEMP ARISCO COMPLETO C/PIMENTA 300G;CX;24;7891700011006;21039021;1703500;ARISCO;7;3,17;3,16;4,06;21,25;40,31;12;1,65;7,6;3,79;4,92;5,16;4,61;1;5;13;6;0;1;4,47;10008;FORNECEDORES ESPECIAIS;10101;UNILEVER;16;TEMPERO PRONTO;7;0,266666666666667
1242;TEMP SAZON FRANGO VERDE 60G;CX;48;7891132019274;21039021;1703500;SAZON (AJINOMOTO);40;2,95;3,03;3,75;21,25;40,31;12;1,65;7,6;4,04;4,69;4,92;4,61;20;99;41;53;2;0;3,7;1;MERCEARIA SALGADA;10092;CULINÁRIOS;4;TEMPERO PRONTO;40;2,1444375
1243;TEMP SAZON MASSAS/BAT/ARROZ LARANJA 60G;CX;48;7891132019717;21039021;1703500;SAZON (AJINOMOTO);10;2,95;3,02;3,75;21,25;40,31;12;1,65;7,6;4,04;4,69;4,92;4,61;15;22;15;8;0;0;3,7;1;MERCEARIA SALGADA;10092;CULINÁRIOS;4;TEMPERO PRONTO;10,25;0,5
10167;TEMP SINHA AVES 50G;CX;20;7892300002470;21039021;1703500;SINHA;5;1,6;1,61;2,07;21,25;40,31;12;1,65;7,6;1,94;2,49;2,61;4,61;0;1;11;6;0;1;2,26;1;MERCEARIA SALGADA;10092;CULINÁRIOS;4;TEMPERO PRONTO;5;0,2
10168;TEMP SINHA CARNE 50G;CX;20;7892300002487;21039021;1703500;SINHA;5;1,6;1,54;1,98;21,25;40,31;12;1,65;7,6;1,94;2,49;2,61;4,61;0;2;11;7;0;1;2,26;1;MERCEARIA SALGADA;10092;CULINÁRIOS;4;TEMPERO PRONTO;5;0,2222
24017;TEMP SINHA FEIJAO 50G;CX;20;7892300002746;21039021;1703500;SINHA;4;1,6;1,61;2,07;21,25;40,31;12;1,65;7,6;1,94;2,49;2,61;4,61;2;1;0;5;0;3;2,26;1;MERCEARIA SALGADA;10092;CULINÁRIOS;4;TEMPERO PRONTO;4;0,06665
22978;TIRA FERRUGEM BYTS SEMORIN 50ML;DP;12;78947979;29171110;;BYTS (SEMORIN);2;4,74;4,71;5,9;21,25;;12;1,65;7,6;6,02;6,95;6,95;0;0;-1;1;1;0;15;5,94;10001;LIMPEZA;10054;CUIDADOS COM A CASA;167;LIMPADORES ESPECÍFICOS (PISO/VIDRO);2;0,0110833333333333
22918;TIRA FERRUGEM MON BIJOU  3 EM 1  50ML;CX;12;7891022867114;29171110;;BOMBRIL;8;4,97;4,88;6,11;21,25;;12;1,65;7,6;6,31;7,09;7,09;0;4;9;1;0;0;6;6,22;10001;LIMPEZA;10054;CUIDADOS COM A CASA;167;LIMPADORES ESPECÍFICOS (PISO/VIDRO);8;0,111083333333333
1586;TIRA FERRUGEM SEMORIN 50ML;DP;12;78944787;29171110;;SEMORIN;275;6,35;6,99;8,1;21,25;;12;1,65;7,6;8,33;9,99;9,99;0;41;83;7;115;2;10;7,69;10001;LIMPEZA;10054;CUIDADOS COM A CASA;167;LIMPADORES ESPECÍFICOS (PISO/VIDRO);275;2,27775
14975;TIRA LIMO LIMPOL 500ML CLORO 4/1 SQUEEZ;CX;12;7891022860764;34025000;1100400;LIMPOL;5;5,04;4,84;6,01;21,25;19,86;12;1,65;7,6;5,18;6,83;6,99;2,33;0;6;0;0;0;6;6,07;10001;LIMPEZA;10054;CUIDADOS COM A CASA;167;LIMPADORES ESPECÍFICOS (PISO/VIDRO);5,08333333333333;0,0666666666666667
18117;TIRA MANCHAS GEL TIXAN YPE R BCA FR 462G;CX;12;7896098904077;34025000;1100400;YPE;1;5,03;4,92;6,11;21,25;19,86;12;1,65;7,6;6,38;7,12;7,29;2,33;0;0;0;0;0;;6,05;10001;LIMPEZA;10060;CUIDADOS COM A ROUPA;206;TIRA MANCHAS E ALVEJANTES;1,66666666666667;0
19775;TIRA MANCHAS GEL TIXAN YPE R BCA SU 462G;CX;12;7896098901946;34025000;1100700;YPE;5;4,68;4,67;5,81;21,25;19,86;12;1,65;7,6;5,94;7,12;7,29;2,33;0;0;0;6;0;6;5,63;10001;LIMPEZA;10060;CUIDADOS COM A ROUPA;206;TIRA MANCHAS E ALVEJANTES;5;0,0666666666666667
19640;TIRA MANCHAS MON BIJOU 3 EM 1 500ML;CX;12;7891022860276;34025000;1100700;MON BIJOU;12;3,77;3,72;5;21,25;19,86;12;1,65;7,6;6,79;7,71;7,89;2,33;0;3;0;10;0;7;6,43;10001;LIMPEZA;10060;CUIDADOS COM A ROUPA;206;TIRA MANCHAS E ALVEJANTES;12,3333333333333;0,144416666666667
21104;TIRA MANCHAS SEMORIN 100ML;DP;12;7898917072974;34025000;1100700;SEMORIN;13;2,7;2,87;4,17;21,25;19,86;12;1,65;7,6;6,8;7,61;7,79;2,33;17;32;29;26;0;1;6,44;10001;LIMPEZA;10060;CUIDADOS COM A ROUPA;206;TIRA MANCHAS E ALVEJANTES;13,75;0,966666666666667
22988;TIRA MANCHAS SEMORIN MAXI 100ML;DP;12;7898917072370;34025000;1100700;SEMORIN;4;5,35;5,35;6,65;21,25;19,86;12;1,65;7,6;6,8;7,61;7,79;2,33;9;6;9;6;0;1;6,44;10001;LIMPEZA;10060;CUIDADOS COM A ROUPA;206;TIRA MANCHAS E ALVEJANTES;4;0,233333333333333
22987;TIRA MANCHAS SEMORIN WHITE 100ML;DP;12;7898917072363;34025000;1100700;SEMORIN;102;5,35;5,35;6,65;21,25;19,86;12;1,65;7,6;6,8;7,61;7,79;2,33;4;12;11;6;0;26;6,44;10001;LIMPEZA;10060;CUIDADOS COM A ROUPA;206;TIRA MANCHAS E ALVEJANTES;102;0,32225
21481;TOALHAS UMED COTTON LINE BICHOS FP 48UN;CX;12;7898095297749;34011190;2003401;COTTON;16;2,51;2,51;2,84;12;36,42;12;0;0;2,85;3,73;3,89;4,19;0;20;23;5;0;2;2,75;4;PERFUMARIA E HIGIENE;408;HIGIENE INFANTIL;5;LENCOS UMEDECIDOS;16;0,533333333333333
23770;TOMATE SECO TIO PACO 200G;CX;12;7898174852401;20029000;1704000;TIO PACO;3;10,84;9,82;11,95;21,25;28,85;12;1,65;7,6;13,77;14,9;15,42;3,35;0;2;0;1;0;7;11,95;1;MERCEARIA SALGADA;103;CONSERVAS;3;OUTROS VEGETAIS;3;0,0333333333333333
23577;TOMATES PELADOS OLE MASTCHF CUB LT 1400G;CX;6;7891032011378;20021000;;OLE;54;15,46;15,46;19,36;21,25;;12;1,65;7,6;19,64;23,9;23,9;0;0;5;0;0;0;162;19,36;1;MERCEARIA SALGADA;101;ATOMATADOS;5;TOMATE PELADO;54;0,0555
23576;TOMATES PELADOS OLE MASTCHF INT LT 1400G;CX;6;7891032011347;20021000;;OLE;80;15,46;15,47;19,37;21,25;;12;1,65;7,6;19,64;23,9;23,9;0;0;0;0;0;0;;19,36;1;MERCEARIA SALGADA;101;ATOMATADOS;5;TOMATE PELADO;80;0
10115;TOMATES PELADOS OLE MASTERCHEF INTE 240G;CX;24;7891032015215;20021000;1704000;OLE;6;2,93;2,93;3,67;21,25;28,85;12;1,65;7,6;3,72;4,53;4,69;3,35;20;130;111;178;4;0;3,67;1;MERCEARIA SALGADA;101;ATOMATADOS;5;TOMATE PELADO;6,04166666666667;4,65554166666667
21667;TOMATES PELADOS PREDILECTA LT DREN 240G;CX;24;7896292315310;20021000;1704000;PREDILECTA;5;2,83;2,83;3,55;21,25;28,85;12;1,65;7,6;3,6;4,44;4,59;3,35;0;12;3;0;0;1;3,55;1;MERCEARIA SALGADA;101;ATOMATADOS;5;TOMATE PELADO;5;0,166666666666667
13571;TORRADA ADRIA INTEGRAL 142G;CX;32;7896085086212;19054000;1705900;ADRIA;4;2,62;2,62;3,03;21,25;22,72;12;1,65;7,6;2,73;3,59;3,69;2,65;19;117;49;86;2;0;3,03;3;MERCEARIA ESPECIAL;301;BISCOITOS;5;TORRADAS;4,90625;2,8
13574;TORRADA ADRIA LIGHT 142G;CX;32;7896085086229;19054000;1705900;ADRIA;7;2,62;2,62;3,03;21,25;22,72;12;1,65;7,6;3,1;3,59;3,69;2,65;16;49;29;48;1;0;3,03;3;MERCEARIA ESPECIAL;301;BISCOITOS;5;TORRADAS;7;1,4
13575;TORRADA ADRIA MULTIGRAOS 142G;CX;32;7896085086236;19054000;1705900;ADRIA;6;2,62;2,62;3,03;21,25;22,72;12;1,65;7,6;2,73;3,59;3,69;2,65;11;26;12;45;0;0;3,03;3;MERCEARIA ESPECIAL;301;BISCOITOS;5;TORRADAS;6;0,92221875
13572;TORRADA ADRIA TRAD 142G;CX;32;7896085086205;19054000;1705900;ADRIA;3;2,62;2,62;3,03;21,25;22,72;12;1,65;7,6;2,73;3,59;3,69;2,65;62;157;159;211;5;0;3,03;3;MERCEARIA ESPECIAL;301;BISCOITOS;5;TORRADAS;3;5,8555625
13553;TORRADA BAUDUCCO INTEGRAL 142G;CX;36;7891962053196;19054000;1705900;BAUDUCCO;60;2,56;2,56;3,21;21,25;22,72;12;1,65;7,6;3,25;3,98;4,09;2,65;0;61;37;60;1;0;3,21;3;MERCEARIA ESPECIAL;301;BISCOITOS;5;TORRADAS;60;1,75555555555556
13552;TORRADA BAUDUCCO LEVEMENTE TRAD 142G;CX;36;7891962053189;19054000;1705900;BAUDUCCO;23;2,56;2,47;3,1;21,25;22,72;12;1,65;7,6;3,25;3,98;4,09;2,65;0;3;62;65;1;0;3,2;3;MERCEARIA ESPECIAL;301;BISCOITOS;5;TORRADAS;23;1,44444444444444
13554;TORRADA BAUDUCCO MULTIGRAOS 142G;CX;36;7891962053202;19054000;1705900;BAUDUCCO;52;2,56;2,56;3,21;21,25;22,72;12;1,65;7,6;3,25;3,98;4,09;2,65;0;64;42;38;1;0;3,21;3;MERCEARIA ESPECIAL;301;BISCOITOS;5;TORRADAS;52;1,6
23586;TORRADA BAUDUCCO TRAD PROMO 284G;CX;20;7891962053233;19054000;1705900;BAUDUCCO;30;4,6;4,6;5,76;21,25;22,72;12;1,65;7,6;5,84;6,8;6,99;2,65;0;50;8;50;1;1;5,76;3;MERCEARIA ESPECIAL;301;BISCOITOS;5;TORRADAS;30;1,2
15720;TORRADA VISCONTI INTEGRAL 120G;CX;32;7891962052571;19054000;1705900;VISCONTI;7;2,2;2,2;2,75;21,25;22,72;12;1,65;7,6;2,79;3,48;3,57;2,65;5;30;18;37;0;0;2,75;3;MERCEARIA ESPECIAL;301;BISCOITOS;5;TORRADAS;7;0,9444375
15766;TORRADA VISCONTI MULTIG 120G;CX;32;7891962052588;19054000;1705900;VISCONTI;24;2,2;2,2;2,75;21,25;22,72;12;1,65;7,6;2,79;3,48;3,57;2,65;0;17;9;13;0;1;2,75;3;MERCEARIA ESPECIAL;301;BISCOITOS;5;TORRADAS;24;0,43334375
15765;TORRADA VISCONTI TRADICIONAL 120G;CX;32;7891962052564;19054000;1705900;VISCONTI;23;2,09;2,09;2,62;21,25;22,72;12;1,65;7,6;2,65;3,2;3,29;2,65;0;35;29;33;1;0;2,62;3;MERCEARIA ESPECIAL;301;BISCOITOS;5;TORRADAS;23;1,07778125
17699;TORTA MIS DAISY HOLANDESA 470G;CX;6;7893000969032;19059090;1706201;SADIA;3;18,24;18,23;22,08;21,25;20,57;12;1,65;7,6;20,36;26,99;27,66;2,41;0;5;0;3;0;5;22,08;6;PERECIVEIS;10050;CONGELADOS;16;SOBREMESAS CONGELADAS;3;0,0888333333333333
23364;TOUCHLIGHT AVANT LED POCKET BCO PILHA 3W;UN;1;7898238939338;94054200;2112500;AVANT;5;5,96;5,96;6,91;21,25;;12;1,65;7,6;7,09;9,39;9,39;0;0;0;0;0;;;6,91;10007;BAZAR;10087;BAZAR DIVERSOS;38;LÂMPADAS E ELÉTRICA;5;
23766;TREMOCO TIO PACO 200G;CX;12;7898174850537;20059900;1709200;TIO PACO;30;4,1;4,08;5,08;21,25;34,33;12;1,65;7,6;5,21;6,14;6,39;3,96;4;6;1;5;0;18;4,84;1;MERCEARIA SALGADA;103;CONSERVAS;3;OUTROS VEGETAIS;30;0,133333333333333
1282;TRIGO P/KIBE GRANFINO 500G;FD;20;7896016501098;19043000;;GRANFINO;2;2,98;2,98;3,61;21,25;;12;1,65;7,6;3,33;4,39;4,39;0;5;17;21;17;0;0;3,61;1;MERCEARIA SALGADA;10093;FARINÁCEOS;3;FARINHA DE TRIGO;2;0,6111
18822;UVA PASSA ESC VALE FERTIL S/S DOY PK 80G;CX;24;7896272010167;08062000;;VALE FERTIL;146;1,93;1,93;2,01;12;;12;0;0;2,4;2,59;2,59;0;53;65;112;64;2;2;2,01;1;MERCEARIA SALGADA;103;CONSERVAS;3;OUTROS VEGETAIS;146,666666666667;2,67779166666667
19751;VANISH PO GOLD OXI ACTION REF WHITE 240G;CX;24;7891035001468;34025000;1100700;VANISH;1;8,42;8,42;9,27;21,25;19,86;12;1,65;7,6;10,69;10,99;10,99;0;0;0;0;0;0;;9,28;10001;LIMPEZA;10060;CUIDADOS COM A ROUPA;206;TIRA MANCHAS E ALVEJANTES;1,5;0
2917;VELA LUZ DO LUAR Nº 4 CART C/8UN;CX;25;7898952413176;34060000;;LUZ DO LUAR;57;2,52;2,52;3,06;21,25;;12;1,65;7,6;2,82;3,79;3,79;0;2;42;50;25;1;1;3,06;10007;BAZAR;10087;BAZAR DIVERSOS;45;VELAS;57,48;1,30044
2918;VELA LUZ DO LUAR Nº 5 CART C/8UN;CX;25;7898952413183;34060000;;LUZ DO LUAR;16;2,87;2,87;3,48;21,25;;12;1,65;7,6;3,2;4,29;4,29;0;1;33;30;16;0;0;3,48;10007;BAZAR;10087;BAZAR DIVERSOS;45;VELAS;16,6;0,87776
8033;VELA LUZ DO LUAR Nº 6 CART C/8UN;CX;25;7898952413503;34060000;;LUZ DO LUAR;15;3,21;3,21;3,88;21,25;;12;1,65;7,6;2,78;4,89;4,89;0;2;33;30;15;0;0;3,88;10007;BAZAR;10087;BAZAR DIVERSOS;45;VELAS;15,8;0,86668
2919;VELA LUZ DO LUAR VOTIVA FINA 170G;CX;30;7898952413190;34060000;;LUZ DO LUAR;7;4,01;4,01;4,85;21,25;;12;1,65;7,6;4,47;5,98;5,98;0;0;13;10;8;0;0;4,85;10007;BAZAR;10087;BAZAR DIVERSOS;45;VELAS;7;0,344433333333333
2921;VELA LUZ DO LUAR VOTIVA GROSSA 276G;CX;30;7898952413213;34060000;;LUZ DO LUAR;24;6,33;6,34;7,66;21,25;;12;1,65;7,6;7,07;9,39;9,39;0;1;10;16;2;0;2;7,67;10007;BAZAR;10087;BAZAR DIVERSOS;45;VELAS;24,8666666666667;0,3111
2920;VELA LUZ DO LUAR VOTIVA MEDIA 212G;CX;30;7898952413206;34060000;;LUZ DO LUAR;28;4,93;4,93;5,97;21,25;;12;1,65;7,6;5,5;7,49;7,49;0;0;11;11;9;0;2;5,97;10007;BAZAR;10087;BAZAR DIVERSOS;45;VELAS;28,2333333333333;0,344433333333333
20644;VELA PARANA NO7 CAIXA C/ 8UND 25G;CX;24;7896080901602;34060000;;PARANA;2;4,26;4,17;5,5;21,25;;12;1,65;7,6;6,81;6,95;6,95;0;0;0;5;6;0;0;6,71;10007;BAZAR;10087;BAZAR DIVERSOS;45;VELAS;2;0,122208333333333
20645;VELA PARANA VOTIVA 255G;CX;12;7896080901077;34060000;;PARANA;5;4,33;4,33;5,93;21,25;;12;1,65;7,6;8,04;7,35;7,35;0;0;0;5;8;0;2;7,93;10007;BAZAR;10087;BAZAR DIVERSOS;45;VELAS;5;0,144416666666667
17526;VINAGRE CRISTAL ALCOOL COLORIDO 750ML;CX;12;7896057800709;22090000;;CRISTAL;210;1,04;1,04;1,31;16,25;;7;1,65;7,6;1,25;1,65;1,65;0;169;521;532;508;17;1;1,31;1;MERCEARIA SALGADA;10096;VINAGRE;2;TRADICIONAL;210;17,3444166666667
19300;VINAGRE CRISTAL DE FRUTA MACA 750ML;CX;12;7896057800730;22090000;;CRISTAL;33;2,52;2,52;3,15;16,25;;7;1,65;7,6;2,55;3,89;3,89;0;21;81;55;57;2;1;3,15;1;MERCEARIA SALGADA;10096;VINAGRE;2;TRADICIONAL;33;2,14441666666667
10236;VINAGRE GALLO BALSAMICO TINTO 250ML;CX;6;5601252102457;22090000;;GALLO;21;6,86;6,86;7,87;16,25;;7;1,65;7,6;7,81;9,99;9,99;0;24;21;46;30;1;3;7,87;1;MERCEARIA SALGADA;10096;VINAGRE;1;BALSAMICO;21,8333333333333;1,07783333333333
11555;VINAGRE GALLO VINHO BRANCO 250ML;CX;6;5601252105991;22090000;;GALLO;56;5,14;5,14;5,9;16,25;;7;1,65;7,6;6,14;7,49;7,49;0;2;11;1;1;0;64;5,9;1;MERCEARIA SALGADA;10096;VINAGRE;2;TRADICIONAL;56;0,1445
11554;VINAGRE GALLO VINHO TINTO 250ML;CX;6;5601252106011;22090000;;GALLO;62;5,14;5,14;5,9;16,25;;7;1,65;7,6;5,86;7,49;7,49;0;2;9;13;12;0;27;5,9;1;MERCEARIA SALGADA;10096;VINAGRE;2;TRADICIONAL;62;0,377833333333333
24199;VINAGRE GALO DE BARCELOS MACA 750ML;CX;12;7896057800198;22090000;;GALO DE BARCELOS;5;3,19;3,19;3,99;16,25;;7;1,65;7,6;3,8;4,69;4,69;0;0;18;32;11;0;0;3,99;1;MERCEARIA SALGADA;10096;VINAGRE;2;TRADICIONAL;5;0,67775
24198;VINAGRE GALO DE BARCELOS VINHO BCO 750ML;CX;12;7896057855556;22090000;;GALO DE BARCELOS;156;3,19;3,19;3,99;16,25;;7;1,65;7,6;3,8;4,69;4,69;0;5;4;14;7;0;46;3,99;1;MERCEARIA SALGADA;10096;VINAGRE;2;TRADICIONAL;156;0,27775
1200;VINAGRE GALO DE BARCELOS VINHO TT 750ML;CX;12;7896057801010;22090000;;GALO DE BARCELOS;166;3,19;3,19;3,99;16,25;;7;1,65;7,6;3,8;4,69;4,69;0;5;18;29;16;0;19;3,99;1;MERCEARIA SALGADA;10096;VINAGRE;2;TRADICIONAL;166,916666666667;0,7
296;VINAGRE PEIXE ALCOOL COLOR 500ML;CX;12;7896089322026;22090000;;PEIXE;311;1,28;1,28;1,43;16,25;;7;1,65;7,6;1,45;1,79;1,79;0;93;401;515;598;16;1;1,44;1;MERCEARIA SALGADA;10096;VINAGRE;2;TRADICIONAL;311;16,82225
15705;VINAGRE PEIXE FRUTA MACA 750ML;CX;12;7896089321050;22090000;;PEIXE;44;4,13;4,13;4,64;16,25;;7;1,65;7,6;4,68;5,95;5,95;0;11;29;44;118;2;1;4,64;1;MERCEARIA SALGADA;10096;VINAGRE;2;TRADICIONAL;44;2,12225
23829;VINAGRE UNICO ALCOOL 750ML;CX;12;7896089328240;22090000;;UNICO;73;1,65;1,65;1,85;16,25;;7;1,65;7,6;1,87;2,38;2,38;0;18;78;142;85;3;1;1,85;1;MERCEARIA SALGADA;10096;VINAGRE;2;TRADICIONAL;73,1666666666667;3,39075
17778;VINHO BERONIA CRIANZA 375ML;CX;1;8410023014885;22042100;0202400;BERONIA CRIANZA;12;34,97;32,87;37,54;36,25;;27;1,65;7,6;54,85;47,21;47,21;0;0;12;0;0;0;90;37,5;10005;BEBIDAS;10070;VINHOS;5;TINTO;12;0,133
20929;VINHO CANTOR SONORO SAUVIGNON BLAN 750ML;CX;12;7804414013365;22042100;0202400;CANTOR SONORO;34;10,48;10,48;15,08;36,25;;27;1,65;7,6;16,44;20,08;20,08;0;0;10;0;10;0;12;14,16;10005;BEBIDAS;10070;VINHOS;5;TINTO;34;0,22225
20928;VINHO CANTOR SONORO SHIRAZ TT 750ML;CX;12;7804414013426;22042100;0202400;CANTOR SONORO;53;10,48;10,48;15,08;36,25;;27;1,65;7,6;16,44;20,08;20,08;0;0;30;0;10;0;9;14,16;10005;BEBIDAS;10070;VINHOS;5;TINTO;53;0,444416666666667
18508;VINHO CASI HERMANO TTO BONARDA SEC 750ML;CX;6;7896267778706;22042100;0202400;CASI HERMANO;13;14,7;14,08;15,94;36,25;;27;1,65;7,6;23,06;22,34;22,34;0;0;0;5;0;0;39;15,7;10005;BEBIDAS;10070;VINHOS;5;TINTO;13;0,0555
18507;VINHO CASI HERMANO TTO DEM CAB SVG 750ML;CX;6;7896267778690;22042100;0202400;CASI HERMANO;18;16,86;14,69;16,31;36,25;;27;1,65;7,6;24,77;22,97;22,97;0;0;0;5;0;0;54;16,86;10005;BEBIDAS;10070;VINHOS;5;TINTO;18;0,0555
18509;VINHO CASI HERMANO TTO DEMI MALBEC 750ML;CX;6;7896267778713;22042100;0202400;CASI HERMANO;42;14,7;14,39;16,25;36,25;;27;1,65;7,6;23,06;22,97;22,97;0;2;1;6;3;0;62;15,7;10005;BEBIDAS;10070;VINHOS;5;TINTO;42;0,111166666666667
18510;VINHO CASI HERMANO TTO TEMPRANILLO 750ML;CX;6;7896267778720;22042100;0202400;CASI HERMANO;11;14,7;14,08;15,94;36,25;;27;1,65;7,6;23,06;22,34;22,34;0;0;0;5;0;0;33;15,7;10005;BEBIDAS;10070;VINHOS;5;TINTO;11;0,0555
17421;VINHO CEREMONY TAWNY 750ML;CX;12;5602660004388;22042100;0202400;CEREMONY;1;42,26;42,26;42,26;36,25;;27;1,65;7,6;62,16;47,14;47,14;0;0;0;0;0;0;;42,26;10005;BEBIDAS;10070;VINHOS;3;LICOROSOS;1,5;0
5602;VINHO CHALISE SALTON TINTO SUAVE 750ML;CX;6;7896023081538;22042100;0202400;CHALISE;17;6,91;6,59;7,97;36,25;;27;1,65;7,6;10,44;9,56;9,56;0;0;5;0;0;0;51;8,01;10005;BEBIDAS;10070;VINHOS;5;TINTO;17;0,0555
17409;VINHO CONVENTO DA VILA TTO 750ML;CX;12;5602154102484;22042100;0202400;CONVENTO DA VILA;2;21,92;21,92;25,43;36,25;;27;1,65;7,6;33;28,37;28,37;0;0;0;0;0;0;;25,43;10005;BEBIDAS;10070;VINHOS;5;TINTO;2;0
21297;VINHO COUNTRY WINE BORDO M.SUAVE 1000ML;CX;6;7891141032097;22042100;0202400;COUNTHY WINE;8;9,15;9,13;11,2;36,25;;27;1,65;7,6;13,54;12,5;12,5;0;0;0;5;6;0;10;9,83;10005;BEBIDAS;10070;VINHOS;5;TINTO;8;0,1315
16875;VINHO COUNTRY WINE TINTO SUAVE 750ML;CX;6;7891141011986;22042100;0202400;COUNTHY WINE;6;7,11;7,12;8,73;36,25;;27;1,65;7,6;11,68;11,07;11,07;0;0;2;0;11;0;7;7,65;10005;BEBIDAS;10070;VINHOS;5;TINTO;6,16666666666667;0,1445
327;VINHO DOM BOSCO TINTO SUAVE 750ML;CX;12;7896072902921;22042100;0202400;DOM BOSCO;13;7,88;7,88;9,72;36,25;;27;1,65;7,6;12,37;12,45;12,45;0;0;12;29;0;0;2;9,13;10005;BEBIDAS;10070;VINHOS;5;TINTO;13;0,462
17414;VINHO DON LUCIANO COSECHA BCO 750ML;CX;6;8410261400013;22042100;0202400;DON LUCIANO;3;12,89;12,89;14,71;36,25;;27;1,65;7,6;20,22;15,47;15,47;0;0;0;0;0;0;56;13,68;10005;BEBIDAS;10070;VINHOS;1;BRANCO/VERDE;3,16666666666667;0,00933333333333333
18154;VINHO GALIOTTO TINTO DE MESA SUAVE 750ML;CX;12;7897344207089;22042100;0202400;GALIOTTO;31;8,81;8,81;10,86;36,25;;27;1,65;7,6;13,82;13,99;13,99;0;17;118;130;138;4;0;10,74;10005;BEBIDAS;10070;VINHOS;5;TINTO;31,1666666666667;4,28891666666667
11735;VINHO GALIOTTO TINTO SECO 1L;CX;12;7897344201070;22042100;0202400;GALIOTTO;12;11,75;11,75;14,49;36,25;;27;1,65;7,6;19,14;18,99;18,99;0;0;21;35;2;0;1;14,32;10005;BEBIDAS;10070;VINHOS;5;TINTO;12;0,644416666666667
4300;VINHO GALIOTTO TINTO SUAVE 1L;CX;12;7897344201087;22042100;0202400;GALIOTTO;253;12,51;11,83;14,49;36,25;;27;1,65;7,6;19,14;18,99;18,99;0;11;206;194;114;5;3;14,52;10005;BEBIDAS;10070;VINHOS;5;TINTO;253,5;5,72133333333333
23329;VINHO GALIOTTO TINTO SUAVE CAB SAU 750ML;CX;12;7897344207645;22042100;0202400;GALIOTTO;6;10,69;10,69;13,18;36,25;;27;1,65;7,6;16,77;16,49;16,49;0;0;6;3;1;0;4;13,03;10005;BEBIDAS;10070;VINHOS;5;TINTO;6;0,111083333333333
22924;VINHO JULIA FLORISTA PORT BRANCO 750ML;CX;6;5601996202314;22042100;0202400;JULIA FLORISTA;8;19,2;16,89;19,2;36,25;;27;1,65;7,6;22,4;25,99;25,99;0;7;5;0;0;0;25;19,2;10005;BEBIDAS;10070;VINHOS;1;BRANCO/VERDE;8,33333333333333;0,0555
20521;VINHO MARCUS JAMES PINOT NOIR M SC 750ML;CX;6;7891141026614;22042100;0202400;MARCUS JAMES;2;12,15;10,53;12,15;36,25;;27;1,65;7,6;17,53;15,42;15,42;0;0;0;0;0;0;;12,15;10005;BEBIDAS;10070;VINHOS;5;TINTO;2;0
16863;VINHO MARCUS JAMES PINOTAGE M SECO 750ML;CX;6;7891141015892;22042100;0202400;MARCUS JAMES;19;13,17;10,33;12,11;36,25;;27;1,65;7,6;19,01;15,43;15,43;0;0;0;0;11;0;25;13,17;10005;BEBIDAS;10070;VINHOS;5;TINTO;19;0,122166666666667
16735;VINHO MIOLO SEL ROSE SECO 750ML;CX;6;7896756800888;22042100;0202400;MIOLO ROSE;8;16;16;19,83;36,25;;27;1,65;7,6;25,1;31,2;31,2;0;0;3;0;0;0;40;18,03;10005;BEBIDAS;10070;VINHOS;4;ROSÉ;8;0,0333333333333333
17212;VINHO MIORANZA FRISANTE ROSE SUAVE 750ML;CX;12;7896589104825;22042100;0202400;MIORANZA;4;11,07;11,07;13,65;36,25;;27;1,65;7,6;17,37;19,99;19,99;0;0;6;4;0;0;3;12,82;10005;BEBIDAS;10070;VINHOS;2;ESPUMANTE;4;0,111083333333333
17210;VINHO MIORANZA TINTO SECO 1L;CX;12;7896582100162;22042100;0202400;MIORANZA;3;11,07;11,07;13,65;36,25;;27;1,65;7,6;17,37;19,99;19,99;0;0;0;0;0;0;;12,82;10005;BEBIDAS;10070;VINHOS;5;TINTO;3;0
17208;VINHO MIORANZA TINTO SUAVE 1L;CX;12;7896589100186;22042100;0202400;MORANZA;12;11,07;11,07;13,65;36,25;;27;1,65;7,6;17,37;19,99;19,99;0;0;5;15;10;0;3;12,82;10005;BEBIDAS;10070;VINHOS;5;TINTO;12;0,333333333333333
14674;VINHO MONTE CARMO TINTO SECO 1L;CX;12;7898949766643;22042100;0202400;CARMO;4;8,03;8,03;9,96;21,25;72,25;12;1,65;7,6;10,2;13,65;14,6;6,52;0;0;0;0;0;;9,05;10005;BEBIDAS;10070;VINHOS;5;TINTO;4;0
17214;VINHO MOSCATEL ESPUMANTE RIO BRAVO 750ML;CX;6;7896589104207;22041090;0202400;RIOBRAVO;6;23,19;23,19;26,82;36,25;;27;1,65;7,6;36,38;32,48;32,48;0;0;0;0;0;0;;23,19;10005;BEBIDAS;10070;VINHOS;2;ESPUMANTE;6;0
17364;VINHO PEDRA CANCELA DAO SELEC TTO 750ML;CX;6;5600376952009;22042100;0202400;PEDRA CANCELA;4;43,37;43,72;49,88;36,25;;27;1,65;7,6;68,03;59,97;59,97;0;0;5;0;0;0;12;46,51;10005;BEBIDAS;10070;VINHOS;5;TINTO;4;0,0555
24141;VINHO PERGOLA ROSE SUAVE 1L;CX;12;7896855910044;22042100;0202400;PERGOLA;72;13,63;13,63;15,92;36,25;;27;1,65;7,6;19,04;18,79;18,79;0;0;16;36;22;0;7;10,96;10005;BEBIDAS;10070;VINHOS;4;ROSÉ;72;0,82225
587;VINHO PERGOLA TINTO SECO 1L;CX;12;7896855901400;22042100;0202400;PERGOLA;2;13,63;13,63;15,91;36,25;;27;1,65;7,6;19,04;18,79;18,79;0;1;1;40;23;0;0;10,96;10005;BEBIDAS;10070;VINHOS;5;TINTO;2,08333333333333;0,711083333333333
15799;VINHO PERGOLA TINTO SELECAO SUAVE 750ML;CX;12;7896855903022;22042100;0202400;PERGOLA;170;10,79;10,63;12,36;36,25;;27;1,65;7,6;15,07;14,99;14,99;0;2;113;28;57;2;6;8,67;10005;BEBIDAS;10070;VINHOS;5;TINTO;170;2,22033333333333
10385;VINHO PERGOLA TINTO SUAVE 1,450L;CX;6;7896855904029;22042100;0202400;PERGOLA;27;15,55;15,55;18,16;36,25;;27;1,65;7,6;23,53;20,99;20,99;0;6;25;109;73;2;1;12,5;10005;BEBIDAS;10070;VINHOS;5;TINTO;27;2,3
589;VINHO PERGOLA TINTO SUAVE 1L;CX;12;7896855901417;22042100;0202400;PERGOLA;615;13,63;13,61;15,88;36,25;;27;1,65;7,6;19,04;18,79;18,79;0;20;293;172;352;9;5;10,96;10005;BEBIDAS;10070;VINHOS;5;TINTO;615,416666666667;9,087
22920;VINHO PORTA 6 PORT ROSE 750ML;CX;6;5601996328595;22042100;0202400;PORTA 6;72;22,76;22,76;25,9;36,25;;27;1,65;7,6;35,71;40;40;0;0;0;0;0;0;;24,32;10005;BEBIDAS;10070;VINHOS;4;ROSÉ;72,5;0
15634;VINHO QUINTA DA SERRA PRD 750ML;CX;6;7897110002092;22041090;0202400;QUINTA DA SERRA;82;4,76;4,76;7,8;36,25;;27;1,65;7,6;10,14;9,31;9,31;0;0;0;10;1;0;111;9,5;10005;BEBIDAS;10070;VINHOS;5;TINTO;82;0,122166666666667
18577;VINHO QUINTA DO MORGADO TTO SECO 245ML;CX;24;7896037913184;22042100;0202400;QUINTA DO MORGADO;4;4,03;4,03;4,97;36,25;;27;1,65;7,6;6,33;6,02;6,02;0;0;2;0;0;0;7;4,4;10005;BEBIDAS;10070;VINHOS;5;TINTO;4;0,0222083333333333
17411;VINHO REDONDO DOC TTO 750ML;CX;12;5602012602286;22042100;0202400;ROQUEVALE;1;25,79;25,79;29,41;36,25;;27;1,65;7,6;40,45;35,61;35,61;0;0;0;1;0;0;14;27,36;10005;BEBIDAS;10070;VINHOS;5;TINTO;1,91666666666667;0,0110833333333333
16869;VINHO SAINT GERMAIN ASSEMBLAGE BCO 750ML;CX;6;7891141014871;22042100;0202400;SAINT GERMAIN;2;9,78;9,44;11,51;36,25;;27;1,65;7,6;15,34;15,45;15,45;0;0;0;0;1;0;29;10,58;10005;BEBIDAS;10070;VINHOS;1;BRANCO/VERDE;2;0,0111666666666667
16866;VINHO SAINT GERMAIN ASSEMBLAGE TT 750ML;CX;6;7891141000553;22042100;0202400;SAINT GERMAIN;7;10,03;10,04;12,01;36,25;;27;1,65;7,6;15,73;15,43;15,43;0;0;0;0;1;0;104;10,63;10005;BEBIDAS;10070;VINHOS;5;TINTO;7;0,0111666666666667
16870;VINHO SAINT GERMAIN BLANC DE BLANC 750ML;CX;6;7891141000621;22042100;0202400;SAINT GERMAIN;2;10,01;9,72;11,81;36,25;;27;1,65;7,6;15,7;15,44;15,44;0;0;0;0;1;0;29;10,63;10005;BEBIDAS;10070;VINHOS;1;BRANCO/VERDE;2;0,0111666666666667
16872;VINHO SAINT GERMAIN FRISANTE BCO 750ML;CX;6;7891141026690;22042100;0202400;SAINT GERMAIN;3;11,2;11,14;13,48;36,25;;27;1,65;7,6;17,57;17,36;17,36;0;0;0;0;0;0;;12,12;10005;BEBIDAS;10070;VINHOS;2;ESPUMANTE;3;0
16871;VINHO SAINT GERMAIN FRISANTE ROSE 750ML;CX;6;7891141026676;22042100;0202400;SAINT GERMAIN;3;11,68;11,68;14,24;36,25;;27;1,65;7,6;18,32;17,33;17,33;0;0;0;0;0;0;;12,72;10005;BEBIDAS;10070;VINHOS;2;ESPUMANTE;3;0
16873;VINHO SAINT GERMAIN FRISANTE TINTO 750ML;CX;6;7891141026751;22042100;0202400;SAINT GERMAIN;2;10,22;10,33;12,57;36,25;;27;1,65;7,6;16,04;17,4;17,4;0;0;0;0;1;0;29;11,1;10005;BEBIDAS;10070;VINHOS;2;ESPUMANTE;2;0,0111666666666667
16692;VINHO SALTON LUNAE BRANCO 750ML;CX;6;7896023083679;22042100;0202400;LUNAE;2;10,68;10,68;13,02;36,25;;27;1,65;7,6;16,75;18,17;18,17;0;0;2;0;0;0;15;11,01;10005;BEBIDAS;10070;VINHOS;1;BRANCO/VERDE;2;0,0221666666666667
17081;VINHO SAN MARTIN TINTO SECO 750ML;CX;12;7896267701650;22042100;0202400;SAN MARTIN;16;7,38;7,38;9;36,25;;27;1,65;7,6;11,58;12,02;12,02;0;0;2;0;0;0;59;8,03;10005;BEBIDAS;10070;VINHOS;5;TINTO;16;0,02225
19028;VINHO SAN MARTIN TINTO SECO BORDO 1L;CX;12;7896267773220;22042100;0202400;SAN MARTIN;34;10,05;9,57;10,18;36,25;;27;1,65;7,6;14,67;13,87;13,87;0;0;0;0;1;0;255;10,05;10005;BEBIDAS;10070;VINHOS;5;TINTO;34;0,0110833333333333
17068;VINHO SAN MARTIN TINTO SUAVE BORDO 1L;CX;12;7896267773237;22042100;0202400;SAN MARTIN;39;10,97;13,36;13,8;36,25;;27;1,65;7,6;10,34;19,82;19,82;0;0;0;3;0;0;83;10,97;10005;BEBIDAS;10070;VINHOS;5;TINTO;39,9166666666667;0,0398333333333333
17084;VINHO SAN MARTIN TINTO SUAVE BORDO 750ML;CX;12;7896267702725;22042100;0202400;SAN MARTIN;6;9,51;8,42;9,46;36,25;;27;1,65;7,6;13,8;12,59;12,59;0;0;0;2;0;0;22;9,51;10005;BEBIDAS;10070;VINHOS;5;TINTO;6;0,02225
16880;VINHO SANGUE BOI TINTO SECO 750ML;CX;6;7891141004254;22042100;0202400;SANGUE DE BOI;2;8,98;7,6;9,02;36,25;;27;1,65;7,6;12,99;11,07;11,07;0;0;0;0;0;0;;8,98;10005;BEBIDAS;10070;VINHOS;5;TINTO;2;0
16881;VINHO SANGUE BOI TINTO SUAVE 750ML;CX;6;7891141004469;22042100;0202400;SANGUE DE BOI;4;7,45;7,44;9,01;36,25;;27;1,65;7,6;11,68;11,07;11,07;0;0;0;0;0;0;;7,82;10005;BEBIDAS;10070;VINHOS;5;TINTO;4;0
12529;VINHO SANTA HELENA MALBEC 750ML;CX;12;7798081667481;22042100;0202400;SANTA HELENA;3;17,37;17,37;20,15;36,25;;27;1,65;7,6;21,77;22,47;22,47;0;0;0;0;0;0;;20,15;10005;BEBIDAS;10070;VINHOS;5;TINTO;3;0
19007;VINHO SERENA FRISANTE BCO MOSC SV 750ML;CX;12;7897344200233;22042100;0202400;GALIOTTO;7;12,25;9,9;11,5;36,25;;27;1,65;7,6;17,87;13,88;13,88;0;0;4;0;0;0;13;12,25;10005;BEBIDAS;10070;VINHOS;2;ESPUMANTE;7;0,0444166666666667
20949;VINHO TERRAS LUSAS TTO RED RESERVA 750ML;CX;6;5601356021562;22042100;0202400;TERRAS LUSAS;11;28,77;28,77;41,4;36,25;;27;1,65;7,6;45,13;55,33;55,33;0;0;0;0;0;0;250;17,94;10005;BEBIDAS;10070;VINHOS;5;TINTO;11;0,00733333333333333
16013;VINHO TRAVESSIA BLAND BLANCO 750ML;CX;12;7804320752075;22042100;0202400;TRAVESSIA;94;10,38;10,37;11,92;36,25;;27;1,65;7,6;16,28;14,57;14,57;0;0;0;10;0;0;70;11,17;10005;BEBIDAS;10070;VINHOS;1;BRANCO/VERDE;94;0,111083333333333
17045;VINHO URBAN MALBEC 750ML;CX;6;7798132917688;22042100;0202400;URBAN;35;22,98;23;26,23;36,25;;27;1,65;7,6;29,32;31,35;31,35;0;0;4;2;0;0;87;24,38;10005;BEBIDAS;10070;VINHOS;5;TINTO;35;0,0666666666666667
20918;VINHO VALLE HERMOSO CABERN SAUVIG 750ML;CX;12;7804414008385;22042100;0202400;VALLE HERMOSO;90;11,65;11,65;16,76;36,25;;27;1,65;7,6;18,27;22,1;22,1;0;0;6;4;1;0;61;15,74;10005;BEBIDAS;10070;VINHOS;5;TINTO;90;0,12225
20930;VINHO VALLE HERMOSO ELEGIDO CAR SV 750ML;CX;12;7804414008484;22042100;0202400;VALLE HERMOSO;30;36,04;25,24;36,04;36,25;;27;1,65;7,6;56,53;47,3;47,3;0;0;0;0;0;0;;36,04;10005;BEBIDAS;10070;VINHOS;5;TINTO;30;0
20931;VINHO VALLE HERMOSO ELEGIDO CARMEN 750ML;CX;12;7804414011460;22042100;0202400;VALLE HERMOSO;31;25,04;25,04;36,04;36,25;;27;1,65;7,6;39,28;47,3;47,3;0;0;0;0;0;0;;33,84;10005;BEBIDAS;10070;VINHOS;5;TINTO;31;0
7647;VODKA ABSOLUT 1L;CX;12;7312040017034;22086000;0201800;ABSOLUT;69;61,41;53,39;61,41;36,25;;27;1,65;7,6;88,31;64,9;64,9;0;0;0;0;0;0;;61,41;10005;BEBIDAS;10065;DESTILADOS;11;VODKA;69,9166666666667;0
13562;VODKA ABSOLUT EXTRAKT 750ML;CX;12;7312040551798;22086000;0201800;ABSOLUT;7;59,09;59,09;59,09;36,25;;27;1,65;7,6;92,69;64,9;64,9;0;0;0;0;0;0;;59,09;10005;BEBIDAS;10065;DESTILADOS;11;VODKA;7;0
17804;VODKA GREKH 980ML;CX;12;7896267777099;22086000;0201800;GREKH;4;8,75;8,7;10,47;36,25;;27;1,65;7,6;13,72;12,72;12,72;0;0;0;4;0;0;7;8,29;10005;BEBIDAS;10065;DESTILADOS;11;VODKA;4;0,0444166666666667
113;VODKA KOVAK 1L;CX;12;7896022670009;22086000;0201800;KOVAK;8;14,11;14,11;16,9;36,25;;27;1,65;7,6;21,32;23,7;23,7;0;0;2;0;0;0;29;16,9;10005;BEBIDAS;10065;DESTILADOS;11;VODKA;8;0,02225
16748;VODKA LIQUID FIRST 950ML;CX;12;7898255980191;22086000;0201800;LIQUID FIRST;85;17,87;17,29;20,66;36,25;;27;1,65;7,6;27,11;25,01;25,01;0;0;1;0;0;0;639;20,73;10005;BEBIDAS;10065;DESTILADOS;11;VODKA;85;0,0110833333333333
9889;VODKA ORLOFF 1L;CX;12;7891050000903;22086000;0201800;ORLOF;5;17,87;17,87;22,39;36,25;;27;1,65;7,6;28,03;26,18;26,18;0;0;1;0;0;0;41;21,72;10005;BEBIDAS;10065;DESTILADOS;11;VODKA;5,91666666666667;0,012
21605;VODKA POLAK 900ML;CX;6;7896002111959;22086000;0201800;POLAK;92;8,26;8,26;9,96;36,25;;27;1,65;7,6;12,95;13,24;13,24;0;0;1;0;3;0;344;7,86;10005;BEBIDAS;10065;DESTILADOS;11;VODKA;92;0,0445
16572;VODKA STOLICHNAYA 750ML;CX;12;4750021000157;22086000;0201800;STOLICHNAYA;23;43,13;45,18;50,31;36,25;;27;1,65;7,6;67,65;67,17;67,17;0;0;0;0;0;0;;36,94;10005;BEBIDAS;10065;DESTILADOS;11;VODKA;23,8333333333333;0
18080;WHISKY CHIVAS REGAL EXTRA 750ML;CX;6;5000299611197;22083020;0201600;CHIVAS;7;100,91;100,91;115,83;36,25;;27;1,65;7,6;158,28;129,9;129,9;0;0;0;0;0;0;;113,9;10005;BEBIDAS;10065;DESTILADOS;12;WHISKY;7,33333333333333;0
18558;WHISKY COCKLAND GOLD 1L;CX;6;7896037918097;22083020;0201600;COCKLAND;10;22,52;22,52;27,15;36,25;;27;1,65;7,6;35,32;32,87;32,87;0;0;0;0;3;0;50;21,78;10005;BEBIDAS;10065;DESTILADOS;12;WHISKY;10;0,0333333333333333
16671;WHISKY DRURYS 1L;CX;12;7896010000139;22083020;0201600;DRURYS;142;19,69;19,72;23,86;36,25;;27;1,65;7,6;30,89;28,16;28,16;0;0;16;0;12;0;38;19,45;10005;BEBIDAS;10065;DESTILADOS;12;WHISKY;142,583333333333;0,311083333333333
18086;WHISKY ESC HIGHLAND PARK 12 YO S M 700ML;UN;1;5010314570101;22083020;0201600;HIGHLAND PARK;23;217,73;217,73;244,88;36,25;;27;1,65;7,6;341,53;340,07;340,07;0;0;0;0;6;0;343;204,92;10005;BEBIDAS;10065;DESTILADOS;12;WHISKY;23;0,067
16573;WHISKY FAMOUS GROUSE 750ML;CX;12;5010314750008;22083020;0201600;FAMOUS GROUSE;9;44,14;44,51;49,87;36,25;;27;1,65;7,6;71,08;61,24;61,24;0;0;2;0;0;0;33;40,4;10005;BEBIDAS;10065;DESTILADOS;12;WHISKY;9;0,02225
17583;WHISKY MAKERS MARK 750ML;CX;12;85246139431;22083020;0201600;MAKERS MARK;5;94,72;94,72;106,21;36,25;;27;1,65;7,6;148,59;128,62;128,62;0;0;4;0;0;0;9;86,7;10005;BEBIDAS;10065;DESTILADOS;12;WHISKY;5;0,0444166666666667
